name,followers,likes,comments,growth_rate,engagement_rate,account_age_days,anomaly_score,anomaly_percentile,transfer_fraud_probability_UNVALIDATED,vetting_action,signals_disagree_flag
influencer_1,1693743,74365,5060,4.75,4.39,1682,2.8,2.96,0.6,APPROVE - Not a statistical outlier,
influencer_2,4305572,133506,4003,17.31,3.1,1474,20.1,78.18,11.3,APPROVE - Not a statistical outlier,
influencer_3,4927484,219158,18349,2.12,4.45,75,34.8,93.66,2.7,"CAUTION - Top 15% anomaly, monitor 2-4 weeks",
influencer_4,2235489,60803,4337,0.86,2.72,629,3.9,7.84,0.2,APPROVE - Not a statistical outlier,
influencer_5,1571006,37488,3373,1.89,2.39,749,4.3,9.62,1.4,APPROVE - Not a statistical outlier,
influencer_6,1137074,68035,5632,3.46,5.98,1942,9.2,41.25,18.2,APPROVE - Not a statistical outlier,
influencer_7,4045887,192339,5571,1.89,4.75,1322,8.2,34.74,0.2,APPROVE - Not a statistical outlier,
influencer_8,1240911,187563,9469,47.59,15.12,630,31.2,91.22,42.5,"CAUTION - Top 15% anomaly, monitor 2-4 weeks",
influencer_9,4473471,124203,10180,-0.42,2.78,410,15.4,67.97,0.6,APPROVE - Not a statistical outlier,
influencer_10,2139242,26650,1422,4.57,1.25,147,16.8,71.58,1.2,APPROVE - Not a statistical outlier,
influencer_11,4524669,52272,5111,4.23,1.16,2193,15.9,69.27,0.0,APPROVE - Not a statistical outlier,
influencer_12,4982505,184420,14543,30.98,3.7,289,34.5,93.42,40.4,"CAUTION - Top 15% anomaly, monitor 2-4 weeks",
influencer_13,1767891,282251,5995,31.46,15.97,1128,30.1,90.35,9.3,"CAUTION - Top 15% anomaly, monitor 2-4 weeks",
influencer_14,4522373,166735,15072,2.09,3.69,1533,8.2,34.74,0.9,APPROVE - Not a statistical outlier,
influencer_15,3345769,174111,4886,4.38,5.2,2382,8.4,36.04,0.2,APPROVE - Not a statistical outlier,
influencer_16,792743,9252,289,3.75,1.17,2084,11.1,51.6,0.0,APPROVE - Not a statistical outlier,
influencer_17,104355,2957,232,3.9,2.83,395,11.2,52.04,0.1,APPROVE - Not a statistical outlier,
influencer_18,1263752,27617,2463,0.86,2.19,1687,5.2,14.57,1.6,APPROVE - Not a statistical outlier,
influencer_19,1397025,45212,2844,1.54,3.24,2600,3.8,7.33,0.2,APPROVE - Not a statistical outlier,
influencer_20,1308371,17818,768,3.24,1.36,1491,6.0,19.939999999999998,0.0,APPROVE - Not a statistical outlier,
influencer_21,918040,52976,2548,1.23,5.77,2054,9.5,43.15,0.6,APPROVE - Not a statistical outlier,
influencer_22,2254882,47719,2263,1.96,2.12,2506,3.0,3.74,0.2,APPROVE - Not a statistical outlier,
influencer_23,3531409,198166,9142,2.88,5.61,820,7.5,29.880000000000003,0.4,APPROVE - Not a statistical outlier,
influencer_24,4850115,151782,5985,1.63,3.13,776,8.5,36.75,0.4,APPROVE - Not a statistical outlier,
influencer_25,4722339,279922,19233,3.76,5.93,2444,18.3,74.91,1.9,APPROVE - Not a statistical outlier,
influencer_26,4843447,182612,16806,-0.3,3.77,342,28.5,88.92,0.9,"CAUTION - Top 15% anomaly, monitor 2-4 weeks",
influencer_27,1501942,84922,3784,3.31,5.65,567,5.3,15.27,0.9,APPROVE - Not a statistical outlier,
influencer_28,4261029,43749,1528,-0.13,1.03,950,12.4,57.63,0.0,APPROVE - Not a statistical outlier,
influencer_29,3276709,155355,13529,4.63,4.74,1107,6.3,21.55,11.6,APPROVE - Not a statistical outlier,
influencer_30,85654,4724,374,0.88,5.52,1520,17.3,73.00999999999999,7.3,APPROVE - Not a statistical outlier,
influencer_31,1955354,33213,3137,3.77,1.7,2942,12.4,57.63,1.0,APPROVE - Not a statistical outlier,
influencer_32,2417182,35789,1189,2.13,1.48,2859,10.7,49.99,0.0,APPROVE - Not a statistical outlier,
influencer_33,3475675,108540,3423,-0.45,3.12,2411,8.8,38.690000000000005,0.2,APPROVE - Not a statistical outlier,
influencer_34,2653991,303541,19218,12.53,11.44,827,24.9,85.34,37.3,"CAUTION - Top 15% anomaly, monitor 2-4 weeks",
influencer_35,2429388,150393,10400,12.15,6.19,377,21.6,80.66,16.6,APPROVE - Not a statistical outlier,
influencer_36,529178,23464,1370,44.62,4.43,302,21.2,80.01,37.1,APPROVE - Not a statistical outlier,
influencer_37,2664046,45438,3086,0.93,1.71,749,4.9,12.86,0.2,APPROVE - Not a statistical outlier,
influencer_38,2587644,25978,894,1.63,1.0,1803,9.5,43.15,0.0,APPROVE - Not a statistical outlier,
influencer_39,2571406,129874,7580,0.65,5.05,2577,9.5,43.15,0.2,APPROVE - Not a statistical outlier,
influencer_40,3417664,49141,3569,4.66,1.44,714,6.9,25.8,0.6,APPROVE - Not a statistical outlier,
influencer_41,3386659,141198,7711,1.27,4.17,2156,4.2,9.19,0.2,APPROVE - Not a statistical outlier,
influencer_42,3386357,188724,14032,2.95,5.57,651,9.0,39.94,11.4,APPROVE - Not a statistical outlier,
influencer_43,2796513,57140,3205,0.34,2.04,2069,5.6,17.31,0.2,APPROVE - Not a statistical outlier,
influencer_44,1466689,270915,12648,45.11,18.47,976,35.1,93.85,39.8,"CAUTION - Top 15% anomaly, monitor 2-4 weeks",
influencer_45,69148,963,42,0.06,1.39,2435,18.7,75.73,0.0,APPROVE - Not a statistical outlier,
influencer_46,1826665,73409,3881,1.61,4.02,2695,4.3,9.62,0.2,APPROVE - Not a statistical outlier,
influencer_47,2746683,49980,1091,2.2,1.82,536,11.5,53.73,0.0,APPROVE - Not a statistical outlier,
influencer_48,3398723,159052,11687,-0.94,4.68,1612,7.3,28.63,0.6,APPROVE - Not a statistical outlier,
influencer_49,3004758,75303,6597,4.0,2.51,2653,6.8,25.019999999999996,1.0,APPROVE - Not a statistical outlier,
influencer_50,4057518,134586,6509,2.08,3.32,273,10.0,45.910000000000004,0.6,APPROVE - Not a statistical outlier,
influencer_51,2670995,134774,3191,46.41,5.05,535,23.7,83.63000000000001,29.6,APPROVE - Not a statistical outlier,
influencer_52,4451812,82641,8176,-0.6,1.86,451,17.3,73.00999999999999,0.9,APPROVE - Not a statistical outlier,
influencer_53,4998895,751099,30867,33.78,15.03,2294,40.6,97.0,29.7,MANUAL REVIEW - Top 5% anomaly,Unsupervised flags anomaly; transfer model does not recognize pattern - review
influencer_54,4799669,172536,5198,47.43,3.59,1902,25.7,86.24000000000001,20.0,"CAUTION - Top 15% anomaly, monitor 2-4 weeks",
influencer_55,1871928,80714,4001,2.0,4.31,1222,1.5,0.2,0.6,APPROVE - Not a statistical outlier,
influencer_56,4156299,27550,2178,25.53,0.66,359,38.1,95.87,43.3,MANUAL REVIEW - Top 5% anomaly,
influencer_57,2558489,113611,4943,4.42,4.44,679,3.3,4.8500000000000005,0.6,APPROVE - Not a statistical outlier,
influencer_58,1774415,29117,1921,3.99,1.64,1494,3.8,7.33,0.1,APPROVE - Not a statistical outlier,
influencer_59,2306413,72116,3839,0.97,3.13,420,5.1,13.919999999999998,0.2,APPROVE - Not a statistical outlier,
influencer_60,3911197,87455,2573,0.84,2.24,1549,7.4,29.270000000000003,0.2,APPROVE - Not a statistical outlier,
influencer_61,272836,12937,600,4.92,4.74,410,9.0,39.94,0.1,APPROVE - Not a statistical outlier,
influencer_62,3585702,82835,6460,3.09,2.31,771,4.1,8.7,0.4,APPROVE - Not a statistical outlier,
influencer_63,2096505,366973,25306,11.59,17.5,2040,35.5,94.06,29.7,"CAUTION - Top 15% anomaly, monitor 2-4 weeks",
influencer_64,2300435,125583,3715,0.97,5.46,849,9.9,45.440000000000005,0.6,APPROVE - Not a statistical outlier,
influencer_65,197769,3920,129,1.61,1.98,702,10.9,50.92,0.0,APPROVE - Not a statistical outlier,
influencer_66,2659505,108221,7711,2.73,4.07,2590,3.4,5.24,0.6,APPROVE - Not a statistical outlier,
influencer_67,1272741,18309,1557,4.39,1.44,1801,7.4,29.270000000000003,1.0,APPROVE - Not a statistical outlier,
influencer_68,3770315,318795,15288,12.76,8.46,1241,23.4,83.19,7.0,APPROVE - Not a statistical outlier,
influencer_69,1047797,47848,3235,-0.49,4.57,959,7.5,29.880000000000003,0.6,APPROVE - Not a statistical outlier,
influencer_70,3048262,465083,15650,21.08,15.26,1569,28.2,88.6,22.0,"CAUTION - Top 15% anomaly, monitor 2-4 weeks",
influencer_71,1585398,65373,2935,0.47,4.12,942,6.2,20.919999999999998,0.8,APPROVE - Not a statistical outlier,
influencer_72,2586031,62393,1349,2.46,2.41,673,8.2,34.74,0.0,APPROVE - Not a statistical outlier,
influencer_73,565685,16349,1331,3.2,2.89,456,6.5,22.900000000000002,0.2,APPROVE - Not a statistical outlier,
influencer_74,2880190,174291,9077,16.83,6.05,531,20.2,78.42,8.0,APPROVE - Not a statistical outlier,
influencer_75,1312736,60321,5144,3.11,4.6,759,5.0,13.41,2.2,APPROVE - Not a statistical outlier,
influencer_76,1008293,35486,2720,1.06,3.52,1313,4.1,8.7,1.9,APPROVE - Not a statistical outlier,
influencer_77,4775183,216976,18724,2.81,4.54,2148,13.5,62.239999999999995,0.9,APPROVE - Not a statistical outlier,
influencer_78,3367612,75593,3239,2.8,2.24,2555,5.3,15.27,0.0,APPROVE - Not a statistical outlier,
influencer_79,24247,635,22,0.67,2.62,486,15.3,67.67,0.0,APPROVE - Not a statistical outlier,
influencer_80,2705238,72258,7063,2.81,2.67,2266,6.7,24.240000000000002,1.6,APPROVE - Not a statistical outlier,
influencer_81,2631708,222270,17200,35.94,8.45,320,29.8,90.16,43.2,"CAUTION - Top 15% anomaly, monitor 2-4 weeks",
influencer_82,3495679,94566,8201,1.02,2.71,949,5.1,13.919999999999998,0.6,APPROVE - Not a statistical outlier,
influencer_83,1768640,88724,1867,0.74,5.02,2369,13.1,60.69,0.0,APPROVE - Not a statistical outlier,
influencer_84,2614740,143457,6937,1.07,5.49,1999,7.9,32.82,0.2,APPROVE - Not a statistical outlier,
influencer_85,1286160,46187,3668,3.72,3.59,785,3.1,4.06,0.9,APPROVE - Not a statistical outlier,
influencer_86,1426472,46752,1226,0.47,3.28,1688,7.8,32.06,0.0,APPROVE - Not a statistical outlier,
influencer_87,49984,576,37,3.09,1.15,1864,15.2,67.4,0.3,APPROVE - Not a statistical outlier,
influencer_88,2401070,129562,7038,4.4,5.4,1336,3.3,4.8500000000000005,0.6,APPROVE - Not a statistical outlier,
influencer_89,3266879,166036,3554,32.39,5.08,1597,19.0,76.35,12.7,APPROVE - Not a statistical outlier,
influencer_90,1505384,86164,3349,-0.82,5.72,1899,10.3,47.46,0.6,APPROVE - Not a statistical outlier,
influencer_91,2231919,76913,3290,-0.85,3.45,406,7.0,26.58,0.2,APPROVE - Not a statistical outlier,
influencer_92,1753126,47503,1375,-0.16,2.71,1209,8.3,35.29,0.0,APPROVE - Not a statistical outlier,
influencer_93,4331634,243485,17171,-0.34,5.62,537,23.7,83.63000000000001,1.2,APPROVE - Not a statistical outlier,
influencer_94,1738095,19500,768,3.49,1.12,1466,6.9,25.8,0.0,APPROVE - Not a statistical outlier,
influencer_95,2112138,82523,3483,0.77,3.91,2605,6.1,20.380000000000003,0.2,APPROVE - Not a statistical outlier,
influencer_96,4781450,179049,16447,2.92,3.74,588,15.3,67.67,1.0,APPROVE - Not a statistical outlier,
influencer_97,2110818,44255,2538,-0.75,2.1,2337,4.3,9.62,0.2,APPROVE - Not a statistical outlier,
influencer_98,2232785,70208,3606,0.77,3.14,450,5.1,13.919999999999998,0.2,APPROVE - Not a statistical outlier,
influencer_99,4484302,191090,14887,0.4,4.26,1582,11.6,54.290000000000006,0.6,APPROVE - Not a statistical outlier,
influencer_100,2949089,136709,12682,0.66,4.64,333,16.5,70.91,9.6,APPROVE - Not a statistical outlier,
influencer_101,2726928,27367,602,0.14,1.0,971,15.8,69.04,0.0,APPROVE - Not a statistical outlier,
influencer_102,3854339,219090,12238,2.71,5.68,2619,10.4,48.0,0.6,APPROVE - Not a statistical outlier,
influencer_103,1844400,33616,2314,2.98,1.82,1331,3.1,4.06,0.7,APPROVE - Not a statistical outlier,
influencer_104,1080111,23415,1065,-0.11,2.17,1119,8.2,34.74,0.0,APPROVE - Not a statistical outlier,
influencer_105,997107,87308,7141,13.52,8.76,2185,28.1,88.53,29.3,"CAUTION - Top 15% anomaly, monitor 2-4 weeks",
influencer_106,3522441,41885,4092,0.5,1.19,2345,11.7,54.76,0.2,APPROVE - Not a statistical outlier,
influencer_107,4546583,73439,7011,0.7,1.62,2299,14.0,63.849999999999994,0.9,APPROVE - Not a statistical outlier,
influencer_108,1871230,110996,4581,3.97,5.93,1857,5.5,16.68,0.6,APPROVE - Not a statistical outlier,
influencer_109,3748389,96561,3679,4.41,2.58,1583,4.8,12.17,0.0,APPROVE - Not a statistical outlier,
influencer_110,4143807,65327,6310,3.95,1.58,722,12.7,58.809999999999995,0.6,APPROVE - Not a statistical outlier,
influencer_111,4684874,71910,4076,-0.11,1.53,284,17.9,74.22,0.2,APPROVE - Not a statistical outlier,
influencer_112,3603279,165653,6073,5.0,4.6,1508,4.5,10.66,0.2,APPROVE - Not a statistical outlier,
influencer_113,2122690,138842,10629,13.07,6.54,2330,24.1,84.19,17.3,APPROVE - Not a statistical outlier,
influencer_114,2992650,289630,12382,34.72,9.68,286,28.4,88.79,27.5,"CAUTION - Top 15% anomaly, monitor 2-4 weeks",
influencer_115,492234,5436,224,4.73,1.1,2460,13.5,62.239999999999995,0.0,APPROVE - Not a statistical outlier,
influencer_116,1949260,113414,10245,40.36,5.82,471,22.4,81.78999999999999,48.1,APPROVE - Not a statistical outlier,
influencer_117,4334486,515391,17007,26.47,11.89,1911,28.5,88.92,8.0,"CAUTION - Top 15% anomaly, monitor 2-4 weeks",
influencer_118,1522101,23089,580,4.03,1.52,2676,11.8,55.21,0.0,APPROVE - Not a statistical outlier,
influencer_119,4379368,52739,2190,25.9,1.2,1143,20.9,79.47,26.8,APPROVE - Not a statistical outlier,
influencer_120,4409324,94782,6497,3.11,2.15,2467,7.0,26.58,1.0,APPROVE - Not a statistical outlier,
influencer_121,3137729,66297,1978,44.84,2.11,611,23.3,83.06,38.4,APPROVE - Not a statistical outlier,
influencer_122,898421,142541,8228,25.82,15.87,1765,28.2,88.6,31.7,"CAUTION - Top 15% anomaly, monitor 2-4 weeks",
influencer_123,123409,7037,493,2.53,5.7,2675,15.6,68.47999999999999,0.3,APPROVE - Not a statistical outlier,
influencer_124,2017716,111574,9807,3.89,5.53,48,25.2,85.68,28.6,"CAUTION - Top 15% anomaly, monitor 2-4 weeks",
influencer_125,2351770,90167,3461,1.44,3.83,1154,3.3,4.8500000000000005,0.6,APPROVE - Not a statistical outlier,
influencer_126,770598,21361,1823,3.55,2.77,2684,8.4,36.04,0.0,APPROVE - Not a statistical outlier,
influencer_127,3268824,361712,14031,15.93,11.07,1410,20.7,79.17,14.3,APPROVE - Not a statistical outlier,
influencer_128,3332068,99250,7358,38.0,2.98,1595,15.6,68.47999999999999,23.0,APPROVE - Not a statistical outlier,
influencer_129,3257415,151075,8226,3.67,4.64,2110,3.3,4.8500000000000005,0.9,APPROVE - Not a statistical outlier,
influencer_130,875371,28521,832,-0.3,3.26,2023,10.4,48.0,0.0,APPROVE - Not a statistical outlier,
influencer_131,2833868,149731,11550,1.14,5.28,1577,7.1,27.279999999999998,1.6,APPROVE - Not a statistical outlier,
influencer_132,3873998,221611,8292,2.27,5.72,891,9.9,45.440000000000005,0.5,APPROVE - Not a statistical outlier,
influencer_133,974548,26115,891,1.0,2.68,184,11.2,52.04,1.0,APPROVE - Not a statistical outlier,
influencer_134,3345014,127226,6191,0.86,3.8,934,4.9,12.86,0.2,APPROVE - Not a statistical outlier,
influencer_135,1214475,27980,2021,38.56,2.3,1299,13.7,63.0,24.9,APPROVE - Not a statistical outlier,
influencer_136,3471495,69511,2691,0.37,2.0,434,9.7,44.29,0.2,APPROVE - Not a statistical outlier,
influencer_137,2960034,90793,3149,4.09,3.07,873,3.6,6.12,0.3,APPROVE - Not a statistical outlier,
influencer_138,4575293,92924,1932,4.54,2.03,1812,15.1,67.17,0.1,APPROVE - Not a statistical outlier,
influencer_139,44585,2399,138,3.2,5.38,1594,13.3,61.56,0.0,APPROVE - Not a statistical outlier,
influencer_140,3058213,185993,10097,15.36,6.08,1214,15.7,68.76,6.0,APPROVE - Not a statistical outlier,
influencer_141,2540448,334495,12948,23.23,13.17,776,22.9,82.56,27.3,APPROVE - Not a statistical outlier,
influencer_142,110556,4453,108,2.19,4.03,1755,12.5,58.040000000000006,0.0,APPROVE - Not a statistical outlier,
influencer_143,1576557,70303,3820,3.55,4.46,300,4.8,12.17,1.9,APPROVE - Not a statistical outlier,
influencer_144,4028419,117442,9754,1.62,2.92,799,5.3,15.27,0.4,APPROVE - Not a statistical outlier,
influencer_145,4395539,234963,18144,-0.75,5.35,1745,15.5,68.24,5.9,APPROVE - Not a statistical outlier,
influencer_146,2124091,81598,7251,3.09,3.84,1540,3.7,6.710000000000001,0.9,APPROVE - Not a statistical outlier,
influencer_147,2010021,64271,1334,1.66,3.2,201,15.9,69.27,0.2,APPROVE - Not a statistical outlier,
influencer_148,1202482,16067,1563,4.24,1.34,303,13.9,63.580000000000005,2.5,APPROVE - Not a statistical outlier,
influencer_149,543335,18057,854,3.43,3.32,2336,5.9,19.36,0.0,APPROVE - Not a statistical outlier,
influencer_150,3434977,175310,17396,1.16,5.1,1188,17.1,72.35000000000001,20.6,APPROVE - Not a statistical outlier,
influencer_151,4271070,240973,9689,30.07,5.64,1736,16.5,70.91,10.7,APPROVE - Not a statistical outlier,
influencer_152,3561920,183824,10610,1.97,5.16,1801,5.7,18.01,0.2,APPROVE - Not a statistical outlier,
influencer_153,2485413,86245,4166,0.2,3.47,451,9.4,42.6,0.2,APPROVE - Not a statistical outlier,
influencer_154,2908360,46310,2244,1.52,1.59,1474,4.4,10.09,0.2,APPROVE - Not a statistical outlier,
influencer_155,2783592,288975,25251,29.66,10.38,1239,27.1,87.74,34.3,"CAUTION - Top 15% anomaly, monitor 2-4 weeks",
influencer_156,2236000,56259,4484,-0.97,2.52,2441,6.4,22.189999999999998,0.2,APPROVE - Not a statistical outlier,
influencer_157,4323252,194111,19289,0.48,4.49,2455,21.7,80.78,9.6,APPROVE - Not a statistical outlier,
influencer_158,403690,19987,1380,0.26,4.95,609,15.9,69.27,0.4,APPROVE - Not a statistical outlier,
influencer_159,4694350,116361,6639,-0.97,2.48,920,9.8,44.83,0.2,APPROVE - Not a statistical outlier,
influencer_160,2549421,88675,2412,3.7,3.48,751,5.1,13.919999999999998,0.4,APPROVE - Not a statistical outlier,
influencer_161,4217263,130971,13061,-0.54,3.11,910,13.1,60.69,0.9,APPROVE - Not a statistical outlier,
influencer_162,3807618,116231,7453,1.69,3.05,1151,2.9,3.34,0.2,APPROVE - Not a statistical outlier,
influencer_163,1955109,42166,3206,1.51,2.16,2682,4.4,10.09,0.2,APPROVE - Not a statistical outlier,
influencer_164,4423880,74403,3909,0.09,1.68,2037,12.1,56.44,0.2,APPROVE - Not a statistical outlier,
influencer_165,3113754,61759,3941,4.8,1.98,2099,3.9,7.84,0.0,APPROVE - Not a statistical outlier,
influencer_166,1385250,93525,8922,27.33,6.75,1503,19.8,77.71000000000001,32.0,APPROVE - Not a statistical outlier,
influencer_167,4026717,80157,2670,3.88,1.99,412,12.2,56.76,0.0,APPROVE - Not a statistical outlier,
influencer_168,62087,649,28,1.98,1.05,2211,16.1,69.86,0.0,APPROVE - Not a statistical outlier,
influencer_169,1497176,61927,1991,3.34,4.14,1479,2.8,2.96,0.0,APPROVE - Not a statistical outlier,
influencer_170,1887013,48720,4062,4.82,2.58,2580,5.3,15.27,0.0,APPROVE - Not a statistical outlier,
influencer_171,4635096,271881,6787,1.09,5.87,1620,19.8,77.71000000000001,0.2,APPROVE - Not a statistical outlier,
influencer_172,40353,794,21,2.03,1.97,1816,13.0,60.160000000000004,0.0,APPROVE - Not a statistical outlier,
influencer_173,3361011,91726,4024,2.09,2.73,173,10.7,49.99,0.4,APPROVE - Not a statistical outlier,
influencer_174,4260622,118837,7265,4.95,2.79,1916,5.3,15.27,0.4,APPROVE - Not a statistical outlier,
influencer_175,4960617,51702,2714,0.4,1.04,1732,16.6,71.17,0.2,APPROVE - Not a statistical outlier,
influencer_176,417880,21713,512,3.05,5.2,1465,10.4,48.0,0.0,APPROVE - Not a statistical outlier,
influencer_177,4966050,57604,5564,-0.17,1.16,253,26.2,86.83,0.9,"CAUTION - Top 15% anomaly, monitor 2-4 weeks",
influencer_178,814168,46414,4466,4.56,5.7,249,19.3,76.89,35.5,APPROVE - Not a statistical outlier,
influencer_179,226281,3619,153,47.9,1.6,208,31.0,91.08000000000001,38.7,"CAUTION - Top 15% anomaly, monitor 2-4 weeks",
influencer_180,3118697,114693,9005,4.16,3.68,1684,3.6,6.12,0.6,APPROVE - Not a statistical outlier,
influencer_181,3783875,140683,9325,4.37,3.72,462,8.4,36.04,0.6,APPROVE - Not a statistical outlier,
influencer_182,2996765,127928,4988,2.34,4.27,294,8.7,38.05,0.6,APPROVE - Not a statistical outlier,
influencer_183,270536,36142,1480,30.81,13.36,983,25.4,85.85000000000001,36.2,"CAUTION - Top 15% anomaly, monitor 2-4 weeks",
influencer_184,4373093,479974,28458,25.64,10.98,458,32.4,91.75,39.0,"CAUTION - Top 15% anomaly, monitor 2-4 weeks",
influencer_185,1562729,19125,1023,1.76,1.22,2493,7.9,32.82,0.0,APPROVE - Not a statistical outlier,
influencer_186,2223809,28247,1223,1.61,1.27,2804,9.1,40.52,0.0,APPROVE - Not a statistical outlier,
influencer_187,682669,109873,9295,15.12,16.09,2274,34.9,93.76,29.7,"CAUTION - Top 15% anomaly, monitor 2-4 weeks",
influencer_188,3865822,144895,8478,1.3,3.75,1607,4.0,8.24,0.6,APPROVE - Not a statistical outlier,
influencer_189,1120043,60920,4409,4.94,5.44,509,8.8,38.690000000000005,2.5,APPROVE - Not a statistical outlier,
influencer_190,3330462,50733,1782,0.62,1.52,1383,7.0,26.58,0.0,APPROVE - Not a statistical outlier,
influencer_191,2207903,112895,7076,3.57,5.11,919,2.7,2.62,0.6,APPROVE - Not a statistical outlier,
influencer_192,1742093,119461,5428,24.86,6.86,954,14.2,64.45,15.0,APPROVE - Not a statistical outlier,
influencer_193,2559231,160869,9992,21.26,6.29,2200,12.6,58.4,11.3,APPROVE - Not a statistical outlier,
influencer_194,4301385,111105,9162,-0.65,2.58,1932,9.4,42.6,0.6,APPROVE - Not a statistical outlier,
influencer_195,3081389,92465,7537,1.85,3.0,1440,2.8,2.96,0.9,APPROVE - Not a statistical outlier,
influencer_196,1662909,29142,1408,-0.83,1.75,1392,5.3,15.27,0.0,APPROVE - Not a statistical outlier,
influencer_197,2657138,93474,7061,2.68,3.52,807,2.9,3.34,0.7,APPROVE - Not a statistical outlier,
influencer_198,111078,3810,363,17.51,3.43,2425,35.1,93.85,15.9,"CAUTION - Top 15% anomaly, monitor 2-4 weeks",
influencer_199,1916631,375109,26277,25.15,19.57,58,61.8,99.83999999999999,45.3,"REJECT - Top 1% anomaly, escalate for manual audit",
influencer_200,1405104,48519,1546,2.5,3.45,64,20.9,79.47,0.8,APPROVE - Not a statistical outlier,
influencer_201,2009187,105358,7836,4.56,5.24,1449,4.3,9.62,0.9,APPROVE - Not a statistical outlier,
influencer_202,1660066,75205,2135,3.7,4.53,2700,7.6,30.54,0.0,APPROVE - Not a statistical outlier,
influencer_203,4174125,144102,12935,-0.2,3.45,618,16.5,70.91,0.9,APPROVE - Not a statistical outlier,
influencer_204,2149815,381744,23413,17.58,17.76,933,32.9,92.14,39.0,"CAUTION - Top 15% anomaly, monitor 2-4 weeks",
influencer_205,4025066,218345,11094,-0.84,5.42,2597,13.9,63.580000000000005,0.2,APPROVE - Not a statistical outlier,
influencer_206,4507259,175111,4300,1.32,3.89,2199,11.2,52.04,0.2,APPROVE - Not a statistical outlier,
influencer_207,4136314,87099,4395,2.06,2.11,369,9.1,40.52,0.5,APPROVE - Not a statistical outlier,
influencer_208,911681,21384,1972,4.68,2.35,204,11.5,53.73,0.2,APPROVE - Not a statistical outlier,
influencer_209,1608618,80682,1749,2.13,5.02,1953,7.9,32.82,0.0,APPROVE - Not a statistical outlier,
influencer_210,3897830,47581,2758,3.69,1.22,1744,8.0,33.550000000000004,0.0,APPROVE - Not a statistical outlier,
influencer_211,4337787,258552,24431,0.61,5.96,626,33.1,92.30000000000001,34.6,"CAUTION - Top 15% anomaly, monitor 2-4 weeks",
influencer_212,2756423,45529,2348,-0.08,1.65,480,9.1,40.52,0.6,APPROVE - Not a statistical outlier,
influencer_213,2034350,101317,5496,3.87,4.98,586,3.3,4.8500000000000005,0.6,APPROVE - Not a statistical outlier,
influencer_214,2312987,68785,4559,0.48,2.97,1189,4.1,8.7,0.2,APPROVE - Not a statistical outlier,
influencer_215,4597200,159112,9074,4.23,3.46,1386,7.2,27.93,0.2,APPROVE - Not a statistical outlier,
influencer_216,4672399,252461,8454,0.02,5.4,2086,27.4,88.01,0.2,"CAUTION - Top 15% anomaly, monitor 2-4 weeks",
influencer_217,72295,2215,47,4.11,3.06,2411,16.1,69.86,0.0,APPROVE - Not a statistical outlier,
influencer_218,744974,27470,1889,3.64,3.69,1046,3.6,6.12,0.0,APPROVE - Not a statistical outlier,
influencer_219,3446376,42959,4023,2.67,1.25,2404,9.8,44.83,0.0,APPROVE - Not a statistical outlier,
influencer_220,3613600,614525,17519,13.81,17.01,2092,37.4,95.39999999999999,18.3,MANUAL REVIEW - Top 5% anomaly,Unsupervised flags anomaly; transfer model does not recognize pattern - review
influencer_221,826816,18388,678,0.98,2.22,868,5.8,18.7,0.0,APPROVE - Not a statistical outlier,
influencer_222,375705,16541,820,-0.0,4.4,1667,17.0,72.11,0.0,APPROVE - Not a statistical outlier,
influencer_223,3718270,59727,5058,-0.06,1.61,255,16.6,71.17,0.6,APPROVE - Not a statistical outlier,
influencer_224,1857926,29147,1210,0.62,1.57,1843,6.7,24.240000000000002,0.0,APPROVE - Not a statistical outlier,
influencer_225,1659845,50704,4591,1.68,3.05,2190,5.1,13.919999999999998,0.6,APPROVE - Not a statistical outlier,
influencer_226,2027793,85961,2097,4.26,4.24,2050,6.6,23.56,0.0,APPROVE - Not a statistical outlier,
influencer_227,555594,24156,2301,12.14,4.35,1481,20.4,78.75,18.0,APPROVE - Not a statistical outlier,
influencer_228,148718,2814,182,4.49,1.89,2078,11.5,53.73,0.0,APPROVE - Not a statistical outlier,
influencer_229,4840567,909816,66145,11.16,18.8,2343,52.3,99.56,30.3,"REJECT - Top 1% anomaly, escalate for manual audit",
influencer_230,3505473,199881,9877,3.36,5.7,1544,5.9,19.36,0.2,APPROVE - Not a statistical outlier,
influencer_231,2205664,50803,4194,4.4,2.3,1261,3.5,5.62,0.0,APPROVE - Not a statistical outlier,
influencer_232,4342747,228720,7622,3.62,5.27,1675,9.0,39.94,0.2,APPROVE - Not a statistical outlier,
influencer_233,1520163,80834,1932,2.17,5.32,1765,7.5,29.880000000000003,0.0,APPROVE - Not a statistical outlier,
influencer_234,4568920,222168,11473,2.6,4.86,335,15.6,68.47999999999999,0.7,APPROVE - Not a statistical outlier,
influencer_235,687976,12687,1120,2.77,1.84,2089,8.7,38.05,0.0,APPROVE - Not a statistical outlier,
influencer_236,2473189,126355,10158,-0.24,5.11,1753,11.8,55.21,5.6,APPROVE - Not a statistical outlier,
influencer_237,3142259,152281,9345,0.16,4.85,1719,10.5,48.67,0.2,APPROVE - Not a statistical outlier,
influencer_238,118796,4732,311,2.14,3.98,1547,9.5,43.15,0.0,APPROVE - Not a statistical outlier,
influencer_239,1242082,33362,1013,-0.31,2.69,1421,7.5,29.880000000000003,0.0,APPROVE - Not a statistical outlier,
influencer_240,4893680,113168,9874,4.79,2.31,449,17.0,72.11,0.7,APPROVE - Not a statistical outlier,
influencer_241,4893306,703788,58383,14.02,14.38,2966,45.0,98.58,29.0,MANUAL REVIEW - Top 5% anomaly,Unsupervised flags anomaly; transfer model does not recognize pattern - review
influencer_242,4115639,461164,33442,49.37,11.21,2248,33.5,92.67999999999999,31.7,"CAUTION - Top 15% anomaly, monitor 2-4 weeks",
influencer_243,2689130,32985,1889,13.04,1.23,163,25.6,86.11,22.3,"CAUTION - Top 15% anomaly, monitor 2-4 weeks",
influencer_244,3675515,102792,9986,1.5,2.8,2060,8.1,34.22,1.2,APPROVE - Not a statistical outlier,
influencer_245,1580159,53358,4819,0.81,3.38,1480,5.2,14.57,0.6,APPROVE - Not a statistical outlier,
influencer_246,908317,51994,3720,46.22,5.72,1583,17.9,74.22,26.7,APPROVE - Not a statistical outlier,
influencer_247,2486367,104552,5200,4.8,4.21,1194,2.7,2.62,0.6,APPROVE - Not a statistical outlier,
influencer_248,4516488,21007,1458,30.46,0.47,1899,24.4,84.58,29.3,APPROVE - Not a statistical outlier,
influencer_249,669234,101309,6689,17.15,15.14,1849,29.1,89.52,31.0,"CAUTION - Top 15% anomaly, monitor 2-4 weeks",
influencer_250,379480,20417,1052,31.86,5.38,2735,19.7,77.55,18.7,APPROVE - Not a statistical outlier,
influencer_251,792971,13514,601,4.48,1.7,1372,6.5,22.900000000000002,0.0,APPROVE - Not a statistical outlier,
influencer_252,502157,20712,1088,2.54,4.12,1494,5.2,14.57,0.0,APPROVE - Not a statistical outlier,
influencer_253,4379727,192573,12693,12.56,4.4,2256,18.7,75.73,6.3,APPROVE - Not a statistical outlier,
influencer_254,4125499,233485,12666,3.69,5.66,1109,8.9,39.31,0.6,APPROVE - Not a statistical outlier,
influencer_255,2614501,62600,2571,2.64,2.39,1208,1.8,0.67,0.2,APPROVE - Not a statistical outlier,
influencer_256,2922944,168100,13595,-0.57,5.75,1725,13.3,61.56,15.6,APPROVE - Not a statistical outlier,
influencer_257,4328576,736009,46013,43.35,17.0,140,59.2,99.74,40.7,"REJECT - Top 1% anomaly, escalate for manual audit",
influencer_258,4963140,199273,5064,0.57,4.02,2214,15.9,69.27,0.2,APPROVE - Not a statistical outlier,
influencer_259,3084153,39651,1961,1.92,1.29,2309,6.9,25.8,0.1,APPROVE - Not a statistical outlier,
influencer_260,2800487,153155,13905,1.43,5.47,497,14.6,65.66,22.7,APPROVE - Not a statistical outlier,
influencer_261,2905941,106039,8527,3.96,3.65,2809,6.2,20.919999999999998,0.9,APPROVE - Not a statistical outlier,
influencer_262,2101021,409024,18757,17.77,19.47,2558,38.3,95.98,30.3,MANUAL REVIEW - Top 5% anomaly,
influencer_263,4976778,256695,24400,0.21,5.16,843,34.9,93.76,22.2,"CAUTION - Top 15% anomaly, monitor 2-4 weeks",
influencer_264,1361828,23853,623,4.75,1.75,1302,8.4,36.04,0.0,APPROVE - Not a statistical outlier,
influencer_265,619467,123671,11983,14.96,19.96,1023,46.4,98.8,38.0,MANUAL REVIEW - Top 5% anomaly,
influencer_266,2136619,115257,4570,4.96,5.39,2061,4.6,11.16,0.6,APPROVE - Not a statistical outlier,
influencer_267,3956488,101866,2111,2.41,2.57,352,17.0,72.11,0.1,APPROVE - Not a statistical outlier,
influencer_268,4675351,76904,4207,-0.32,1.64,2999,18.1,74.66000000000001,0.2,APPROVE - Not a statistical outlier,
influencer_269,1708923,57117,2782,4.28,3.34,933,1.7,0.49,0.8,APPROVE - Not a statistical outlier,
influencer_270,129391,5164,325,-0.13,3.99,1571,15.2,67.4,0.0,APPROVE - Not a statistical outlier,
influencer_271,1018026,49061,4108,35.32,4.82,2029,15.0,66.92,24.7,APPROVE - Not a statistical outlier,
influencer_272,4302754,369150,32261,16.8,8.58,1845,30.9,91.01,30.3,"CAUTION - Top 15% anomaly, monitor 2-4 weeks",
influencer_273,2270042,332294,17311,16.05,14.64,2683,28.8,89.18,29.7,"CAUTION - Top 15% anomaly, monitor 2-4 weeks",
influencer_274,1984509,248545,13517,16.51,12.52,2506,23.6,83.49,30.0,APPROVE - Not a statistical outlier,
influencer_275,117381,6427,204,3.67,5.48,177,15.9,69.27,0.1,APPROVE - Not a statistical outlier,
influencer_276,1522701,90041,2143,-0.65,5.91,1171,15.8,69.04,0.0,APPROVE - Not a statistical outlier,
influencer_277,1621197,67850,4837,-0.34,4.19,879,8.1,34.22,0.8,APPROVE - Not a statistical outlier,
influencer_278,2232660,40370,1015,1.61,1.81,396,10.2,46.94,0.3,APPROVE - Not a statistical outlier,
influencer_279,1779226,98377,7742,1.28,5.53,2927,15.0,66.92,5.6,APPROVE - Not a statistical outlier,
influencer_280,1200386,42988,2713,4.94,3.58,1119,2.9,3.34,0.4,APPROVE - Not a statistical outlier,
influencer_281,3439618,488478,17529,20.8,14.2,2068,28.4,88.79,21.3,"CAUTION - Top 15% anomaly, monitor 2-4 weeks",
influencer_282,2015484,113041,7139,0.14,5.61,2890,21.1,79.82000000000001,0.2,APPROVE - Not a statistical outlier,
influencer_283,2938629,140682,4873,4.68,4.79,204,13.0,60.160000000000004,1.0,APPROVE - Not a statistical outlier,
influencer_284,2458184,114515,6309,3.15,4.66,1884,2.2,1.4000000000000001,0.6,APPROVE - Not a statistical outlier,
influencer_285,3144963,142966,12004,1.45,4.55,617,8.1,34.22,0.7,APPROVE - Not a statistical outlier,
influencer_286,4104022,82150,4678,3.44,2.0,524,8.6,37.35,0.3,APPROVE - Not a statistical outlier,
influencer_287,1419175,29164,930,4.4,2.06,1167,5.1,13.919999999999998,0.0,APPROVE - Not a statistical outlier,
influencer_288,3807688,169117,13175,0.08,4.44,1814,12.2,56.76,0.6,APPROVE - Not a statistical outlier,
influencer_289,4925207,103361,3611,0.18,2.1,1200,14.4,64.98,0.2,APPROVE - Not a statistical outlier,
influencer_290,3773962,120516,9530,1.45,3.19,64,22.1,81.38,1.6,APPROVE - Not a statistical outlier,
influencer_291,4192423,205848,12010,0.02,4.91,1028,19.3,76.89,0.6,APPROVE - Not a statistical outlier,
influencer_292,4042776,198894,11197,1.16,4.92,1362,7.3,28.63,0.2,APPROVE - Not a statistical outlier,
influencer_293,2728423,6056,533,49.53,0.22,2615,35.8,94.27,43.7,"CAUTION - Top 15% anomaly, monitor 2-4 weeks",
influencer_294,1761427,87383,6701,3.88,4.96,2827,8.0,33.550000000000004,1.2,APPROVE - Not a statistical outlier,
influencer_295,4319427,224312,5076,0.81,5.19,1067,16.7,71.39,0.2,APPROVE - Not a statistical outlier,
influencer_296,3452356,147549,6446,0.69,4.27,403,10.5,48.67,0.2,APPROVE - Not a statistical outlier,
influencer_297,1132565,24261,2175,3.68,2.14,2634,9.4,42.6,1.7,APPROVE - Not a statistical outlier,
influencer_298,3445084,81650,1752,1.29,2.37,1481,8.7,38.05,0.0,APPROVE - Not a statistical outlier,
influencer_299,2928109,75375,4795,3.91,2.57,1781,2.6,2.31,0.0,APPROVE - Not a statistical outlier,
influencer_300,4373578,69278,5419,4.96,1.58,2310,9.7,44.29,0.7,APPROVE - Not a statistical outlier,
influencer_301,2510079,59383,4141,4.88,2.37,734,3.6,6.12,0.4,APPROVE - Not a statistical outlier,
influencer_302,2888004,59134,4780,2.98,2.05,592,4.4,10.09,0.3,APPROVE - Not a statistical outlier,
influencer_303,1932760,63329,4943,1.25,3.28,2964,9.0,39.94,0.6,APPROVE - Not a statistical outlier,
influencer_304,132373,7336,552,-0.61,5.54,2803,20.9,79.47,5.0,APPROVE - Not a statistical outlier,
influencer_305,116294,1770,151,3.43,1.52,1903,14.3,64.75,0.3,APPROVE - Not a statistical outlier,
influencer_306,3133514,610688,43759,45.84,19.49,2153,44.3,98.36,31.0,MANUAL REVIEW - Top 5% anomaly,
influencer_307,4843611,214882,11215,-0.59,4.44,468,18.3,74.91,0.2,APPROVE - Not a statistical outlier,
influencer_308,4336868,64132,3703,-0.96,1.48,1913,9.4,42.6,0.2,APPROVE - Not a statistical outlier,
influencer_309,1427388,80117,6196,3.99,5.61,2009,6.4,22.189999999999998,8.2,APPROVE - Not a statistical outlier,
influencer_310,3852424,148024,13337,-0.39,3.84,728,12.7,58.809999999999995,0.9,APPROVE - Not a statistical outlier,
influencer_311,2216167,62465,2609,-0.51,2.82,1342,4.4,10.09,0.2,APPROVE - Not a statistical outlier,
influencer_312,3887402,185922,8806,4.46,4.78,2992,11.8,55.21,0.6,APPROVE - Not a statistical outlier,
influencer_313,690944,15800,1492,-0.52,2.29,1593,9.8,44.83,0.0,APPROVE - Not a statistical outlier,
influencer_314,689105,22758,1508,25.36,3.3,2968,19.7,77.55,20.3,APPROVE - Not a statistical outlier,
influencer_315,2611910,96819,3322,39.99,3.71,721,17.4,73.3,33.2,APPROVE - Not a statistical outlier,
influencer_316,1990173,103430,7560,3.54,5.2,2330,5.4,16.0,0.9,APPROVE - Not a statistical outlier,
influencer_317,3081761,99875,9913,1.4,3.24,1230,8.3,35.29,0.9,APPROVE - Not a statistical outlier,
influencer_318,1415466,59215,5085,1.52,4.18,2487,6.5,22.900000000000002,0.6,APPROVE - Not a statistical outlier,
influencer_319,446101,9395,748,2.8,2.11,1664,5.9,19.36,0.0,APPROVE - Not a statistical outlier,
influencer_320,1106534,48525,1778,2.03,4.39,1663,3.2,4.42,0.0,APPROVE - Not a statistical outlier,
influencer_321,3228802,156958,14140,-0.89,4.86,156,24.2,84.31,12.2,APPROVE - Not a statistical outlier,
influencer_322,1584593,53338,3310,-0.32,3.37,1536,4.8,12.17,0.2,APPROVE - Not a statistical outlier,
influencer_323,1804649,73785,6725,2.49,4.09,1221,3.9,7.84,1.2,APPROVE - Not a statistical outlier,
influencer_324,1225665,40221,1865,3.76,3.28,2669,4.7,11.61,0.0,APPROVE - Not a statistical outlier,
influencer_325,2295544,448685,11201,36.15,19.55,323,41.1,97.16,27.7,MANUAL REVIEW - Top 5% anomaly,Unsupervised flags anomaly; transfer model does not recognize pattern - review
influencer_326,4354127,151930,8823,3.44,3.49,1396,5.4,16.0,0.6,APPROVE - Not a statistical outlier,
influencer_327,499863,26038,1082,3.63,5.21,1049,6.1,20.380000000000003,0.0,APPROVE - Not a statistical outlier,
influencer_328,368654,18457,1425,-0.73,5.01,2387,13.6,62.64999999999999,0.4,APPROVE - Not a statistical outlier,
influencer_329,2677188,81721,7891,4.37,3.05,2739,10.1,46.379999999999995,1.4,APPROVE - Not a statistical outlier,
influencer_330,3296990,70899,5337,4.34,2.15,2605,6.7,24.240000000000002,1.0,APPROVE - Not a statistical outlier,
influencer_331,1493785,45267,4117,2.19,3.03,2617,6.5,22.900000000000002,0.6,APPROVE - Not a statistical outlier,
influencer_332,798079,40950,2303,0.49,5.13,448,11.2,52.04,1.1,APPROVE - Not a statistical outlier,
influencer_333,4859380,103901,8491,2.55,2.14,473,13.0,60.160000000000004,0.3,APPROVE - Not a statistical outlier,
influencer_334,4043787,146473,12808,2.35,3.62,714,7.2,27.93,0.7,APPROVE - Not a statistical outlier,
influencer_335,3929083,197651,15193,0.34,5.03,2917,16.3,70.39,0.6,APPROVE - Not a statistical outlier,
influencer_336,2700015,74719,4529,2.62,2.77,2313,2.1,1.2,0.2,APPROVE - Not a statistical outlier,
influencer_337,3415527,248148,17387,43.97,7.27,1492,22.6,82.13000000000001,33.6,APPROVE - Not a statistical outlier,
influencer_338,1287125,28679,2180,3.84,2.23,2291,3.6,6.12,1.4,APPROVE - Not a statistical outlier,
influencer_339,3741047,57851,2328,-0.64,1.55,114,20.8,79.32000000000001,0.2,APPROVE - Not a statistical outlier,
influencer_340,449982,22372,1896,0.18,4.97,2871,21.8,80.94,6.0,APPROVE - Not a statistical outlier,
influencer_341,1173622,17543,1684,3.01,1.49,1797,9.0,39.94,0.0,APPROVE - Not a statistical outlier,
influencer_342,2504771,59035,3377,4.16,2.36,114,13.3,61.56,0.0,APPROVE - Not a statistical outlier,
influencer_343,3178825,167700,12759,2.13,5.28,1974,6.9,25.8,1.2,APPROVE - Not a statistical outlier,
influencer_344,997161,27245,2151,3.25,2.73,2142,4.0,8.24,1.0,APPROVE - Not a statistical outlier,
influencer_345,4184839,245450,17912,-0.87,5.87,1699,16.3,70.39,5.2,APPROVE - Not a statistical outlier,
influencer_346,667326,39363,2510,2.65,5.9,692,9.9,45.440000000000005,2.3,APPROVE - Not a statistical outlier,
influencer_347,650150,15222,1378,4.77,2.34,656,8.7,38.05,0.0,APPROVE - Not a statistical outlier,
influencer_348,3376957,40688,2275,2.97,1.2,93,20.4,78.75,1.3,APPROVE - Not a statistical outlier,
influencer_349,119834,5422,134,4.53,4.53,948,13.2,61.160000000000004,0.7,APPROVE - Not a statistical outlier,
influencer_350,3240576,105478,9236,2.4,3.25,1405,4.4,10.09,0.9,APPROVE - Not a statistical outlier,
influencer_351,3199649,48115,3556,4.06,1.5,1211,5.4,16.0,0.0,APPROVE - Not a statistical outlier,
influencer_352,4480125,162346,14276,37.7,3.62,1642,20.9,79.47,25.6,APPROVE - Not a statistical outlier,
influencer_353,4250913,49135,1527,-0.26,1.16,520,14.9,66.64999999999999,0.2,APPROVE - Not a statistical outlier,
influencer_354,4423201,236684,5315,-0.28,5.35,1908,23.2,82.95,0.2,APPROVE - Not a statistical outlier,
influencer_355,1080600,18297,1733,1.93,1.69,1970,8.6,37.35,0.0,APPROVE - Not a statistical outlier,
influencer_356,1026715,16802,534,0.98,1.64,342,9.2,41.25,0.0,APPROVE - Not a statistical outlier,
influencer_357,1439533,27039,2292,3.32,1.88,2692,7.3,28.63,1.7,APPROVE - Not a statistical outlier,
influencer_358,2282230,132399,11367,4.42,5.8,948,8.9,39.31,22.6,APPROVE - Not a statistical outlier,
influencer_359,3504157,407410,31246,24.18,11.63,1912,26.6,87.28,31.3,"CAUTION - Top 15% anomaly, monitor 2-4 weeks",
influencer_360,462243,23143,705,0.28,5.01,842,16.7,71.39,0.0,APPROVE - Not a statistical outlier,
influencer_361,2059852,61551,4517,4.59,2.99,1519,2.7,2.62,0.0,APPROVE - Not a statistical outlier,
influencer_362,3260360,87428,7967,2.17,2.68,1356,4.2,9.19,0.9,APPROVE - Not a statistical outlier,
influencer_363,1986588,43157,2332,3.32,2.17,709,3.3,4.8500000000000005,0.0,APPROVE - Not a statistical outlier,
influencer_364,252451,8591,456,4.34,3.4,464,8.4,36.04,0.1,APPROVE - Not a statistical outlier,
influencer_365,4198355,234562,13001,39.47,5.59,711,19.9,77.86999999999999,32.0,APPROVE - Not a statistical outlier,
influencer_366,1753683,72933,1938,2.04,4.16,1188,4.5,10.66,0.0,APPROVE - Not a statistical outlier,
influencer_367,1005646,58684,5361,18.85,5.84,1103,21.0,79.64,34.0,APPROVE - Not a statistical outlier,
influencer_368,972525,38580,3454,34.82,3.97,1485,16.9,71.83,27.9,APPROVE - Not a statistical outlier,
influencer_369,3868500,71520,7140,1.92,1.85,2417,11.4,53.1,1.2,APPROVE - Not a statistical outlier,
influencer_370,4384711,255552,17074,2.23,5.83,2424,13.8,63.29,0.9,APPROVE - Not a statistical outlier,
influencer_371,450395,4838,387,1.91,1.07,2723,16.2,70.1,0.0,APPROVE - Not a statistical outlier,
influencer_372,1261386,42958,1555,1.53,3.41,1400,2.7,2.62,0.0,APPROVE - Not a statistical outlier,
influencer_373,3055390,81482,5980,3.34,2.67,678,3.6,6.12,1.0,APPROVE - Not a statistical outlier,
influencer_374,3380569,109720,7897,0.5,3.25,274,13.2,61.160000000000004,0.2,APPROVE - Not a statistical outlier,
influencer_375,2901603,111808,10297,2.7,3.85,2186,5.4,16.0,0.6,APPROVE - Not a statistical outlier,
influencer_376,2968197,94327,8155,3.28,3.18,2610,6.0,19.939999999999998,1.6,APPROVE - Not a statistical outlier,
influencer_377,223866,38642,3673,21.5,17.26,325,42.0,97.61,42.3,MANUAL REVIEW - Top 5% anomaly,
influencer_378,1136248,52990,4742,0.99,4.66,2189,8.6,37.35,5.6,APPROVE - Not a statistical outlier,
influencer_379,1647711,180099,16118,12.65,10.93,1642,26.7,87.37,29.3,"CAUTION - Top 15% anomaly, monitor 2-4 weeks",
influencer_380,1424286,73583,1846,4.67,5.17,2420,7.6,30.54,0.0,APPROVE - Not a statistical outlier,
influencer_381,3696961,83174,7292,2.89,2.25,2178,4.8,12.17,1.0,APPROVE - Not a statistical outlier,
influencer_382,3178945,128672,8826,3.63,4.05,2706,5.9,19.36,0.6,APPROVE - Not a statistical outlier,
influencer_383,3414821,134064,6761,1.43,3.93,1657,3.2,4.42,0.2,APPROVE - Not a statistical outlier,
influencer_384,184062,30928,758,24.93,16.8,57,42.2,97.66,23.3,MANUAL REVIEW - Top 5% anomaly,Unsupervised flags anomaly; transfer model does not recognize pattern - review
influencer_385,2492518,85500,6345,3.03,3.43,2015,2.8,2.96,1.6,APPROVE - Not a statistical outlier,
influencer_386,2842992,157249,7273,44.49,5.53,1590,16.9,71.83,21.6,APPROVE - Not a statistical outlier,
influencer_387,4295539,73420,4215,1.43,1.71,87,20.0,78.01,0.2,APPROVE - Not a statistical outlier,
influencer_388,3221468,66652,4968,2.71,2.07,1551,3.0,3.74,0.4,APPROVE - Not a statistical outlier,
influencer_389,4945505,75545,7021,0.4,1.53,326,20.8,79.32000000000001,0.9,APPROVE - Not a statistical outlier,
influencer_390,804328,37168,3197,23.43,4.62,2211,15.6,68.47999999999999,21.0,APPROVE - Not a statistical outlier,
influencer_391,4063958,7380,413,18.47,0.18,2326,38.0,95.8,44.3,MANUAL REVIEW - Top 5% anomaly,
influencer_392,1044233,60075,3065,2.55,5.75,2627,8.4,36.04,0.9,APPROVE - Not a statistical outlier,
influencer_393,1712741,79614,3119,3.18,4.65,931,2.7,2.62,0.8,APPROVE - Not a statistical outlier,
influencer_394,530525,6685,332,4.16,1.26,1994,10.5,48.67,0.0,APPROVE - Not a statistical outlier,
influencer_395,177615,9628,278,3.4,5.42,1128,11.8,55.21,0.0,APPROVE - Not a statistical outlier,
influencer_396,4382932,172348,16836,40.31,3.93,1707,25.0,85.50999999999999,28.0,"CAUTION - Top 15% anomaly, monitor 2-4 weeks",
influencer_397,2736988,196685,12964,45.51,7.19,2911,24.9,85.34,31.7,"CAUTION - Top 15% anomaly, monitor 2-4 weeks",
influencer_398,4602020,180827,5465,2.59,3.93,1221,8.8,38.690000000000005,0.2,APPROVE - Not a statistical outlier,
influencer_399,3700391,217597,10493,4.08,5.88,800,8.6,37.35,0.4,APPROVE - Not a statistical outlier,
influencer_400,542252,19854,1265,0.39,3.66,1556,8.4,36.04,0.0,APPROVE - Not a statistical outlier,
influencer_401,1687293,93250,5840,3.89,5.53,1408,4.4,10.09,1.2,APPROVE - Not a statistical outlier,
influencer_402,3613610,121629,2778,35.46,3.37,1278,18.8,75.96000000000001,22.8,APPROVE - Not a statistical outlier,
influencer_403,2165367,42338,4067,4.61,1.96,1584,6.8,25.019999999999996,0.0,APPROVE - Not a statistical outlier,
influencer_404,1905050,126907,5333,24.23,6.66,175,22.5,81.97,15.7,APPROVE - Not a statistical outlier,
influencer_405,145356,5703,121,0.03,3.92,2013,24.0,84.06,0.0,APPROVE - Not a statistical outlier,
influencer_406,4399165,183706,4797,33.38,4.18,1294,19.8,77.71000000000001,20.9,APPROVE - Not a statistical outlier,
influencer_407,3100320,184199,12233,0.12,5.94,1937,20.5,78.92,0.9,APPROVE - Not a statistical outlier,
influencer_408,356612,10499,325,1.69,2.94,2970,14.7,66.07,0.0,APPROVE - Not a statistical outlier,
influencer_409,3601333,558486,13033,30.31,15.51,2421,34.7,93.56,8.0,"CAUTION - Top 15% anomaly, monitor 2-4 weeks",
influencer_410,10435,522,26,4.48,5.01,1802,13.2,61.160000000000004,0.3,APPROVE - Not a statistical outlier,
influencer_411,4642860,186731,13037,1.29,4.02,1088,8.6,37.35,0.6,APPROVE - Not a statistical outlier,
influencer_412,1749014,136521,3951,19.74,7.81,2779,27.5,88.11,5.0,"CAUTION - Top 15% anomaly, monitor 2-4 weeks",
influencer_413,3722309,677084,30513,41.34,18.19,2078,36.3,94.72,31.3,"CAUTION - Top 15% anomaly, monitor 2-4 weeks",
influencer_414,4274085,201375,10757,-0.19,4.71,2049,12.2,56.76,0.2,APPROVE - Not a statistical outlier,
influencer_415,2289627,111094,3639,4.35,4.85,182,12.9,59.67,0.4,APPROVE - Not a statistical outlier,
influencer_416,765121,26764,1618,1.46,3.5,2506,6.1,20.380000000000003,0.0,APPROVE - Not a statistical outlier,
influencer_417,1170748,29573,793,2.68,2.53,537,6.1,20.380000000000003,0.0,APPROVE - Not a statistical outlier,
influencer_418,3503630,205617,4877,0.12,5.87,520,30.5,90.66,0.2,"CAUTION - Top 15% anomaly, monitor 2-4 weeks",
influencer_419,2583115,111508,6867,-0.13,4.32,374,14.4,64.98,0.2,APPROVE - Not a statistical outlier,
influencer_420,1108677,33716,1342,3.79,3.04,1965,3.2,4.42,0.0,APPROVE - Not a statistical outlier,
influencer_421,289790,6961,192,1.58,2.4,1791,9.6,43.75,0.0,APPROVE - Not a statistical outlier,
influencer_422,2645489,123161,6639,4.92,4.66,250,10.3,47.46,1.0,APPROVE - Not a statistical outlier,
influencer_423,1409836,31170,2905,2.15,2.21,1968,5.4,16.0,1.2,APPROVE - Not a statistical outlier,
influencer_424,1642249,30522,2378,4.07,1.86,1972,4.1,8.7,1.0,APPROVE - Not a statistical outlier,
influencer_425,4845723,176828,15074,4.88,3.65,752,13.1,60.69,1.0,APPROVE - Not a statistical outlier,
influencer_426,3694305,90508,8123,0.69,2.45,557,8.0,33.550000000000004,0.6,APPROVE - Not a statistical outlier,
influencer_427,4467271,185147,18109,3.81,4.14,1552,14.2,64.45,1.2,APPROVE - Not a statistical outlier,
influencer_428,4386536,62362,5055,27.35,1.42,2918,26.8,87.47,21.7,"CAUTION - Top 15% anomaly, monitor 2-4 weeks",
influencer_429,1353695,57866,3973,3.08,4.27,1694,2.1,1.2,0.2,APPROVE - Not a statistical outlier,
influencer_430,2107692,50932,2507,3.47,2.42,510,3.4,5.24,0.0,APPROVE - Not a statistical outlier,
influencer_431,1590228,15921,549,1.86,1.0,1901,8.8,38.690000000000005,0.0,APPROVE - Not a statistical outlier,
influencer_432,3544555,57942,4341,-0.03,1.63,2949,14.5,65.25999999999999,0.2,APPROVE - Not a statistical outlier,
influencer_433,2650103,150209,14960,2.7,5.67,1492,15.6,68.47999999999999,31.9,APPROVE - Not a statistical outlier,
influencer_434,1101567,58788,3373,4.39,5.34,1455,4.2,9.19,0.6,APPROVE - Not a statistical outlier,
influencer_435,2286903,49581,3862,4.59,2.17,374,6.8,25.019999999999996,0.4,APPROVE - Not a statistical outlier,
influencer_436,3833065,187508,11176,3.48,4.89,74,20.2,78.42,1.6,APPROVE - Not a statistical outlier,
influencer_437,4814296,194635,10618,0.58,4.04,2098,11.2,52.04,0.2,APPROVE - Not a statistical outlier,
influencer_438,50115,6168,325,39.97,12.31,1687,29.2,89.62,31.7,"CAUTION - Top 15% anomaly, monitor 2-4 weeks",
influencer_439,3338690,95754,5780,4.33,2.87,1917,4.1,8.7,0.7,APPROVE - Not a statistical outlier,
influencer_440,722747,31853,1571,1.2,4.41,2950,10.6,49.38,0.0,APPROVE - Not a statistical outlier,
influencer_441,4731530,62346,4981,0.1,1.32,2125,13.9,63.580000000000005,0.6,APPROVE - Not a statistical outlier,
influencer_442,3050851,572417,51484,19.61,18.76,1544,43.3,97.96000000000001,32.7,MANUAL REVIEW - Top 5% anomaly,
influencer_443,2824100,164336,14893,4.31,5.82,2628,16.2,70.1,23.6,APPROVE - Not a statistical outlier,
influencer_444,2985626,110316,4215,-0.39,3.69,2364,8.1,34.22,0.2,APPROVE - Not a statistical outlier,
influencer_445,1405330,20000,1833,34.42,1.42,1031,20.1,78.18,33.8,APPROVE - Not a statistical outlier,
influencer_446,252492,48139,2278,15.77,19.07,1063,39.2,96.39999999999999,36.8,MANUAL REVIEW - Top 5% anomaly,
influencer_447,4036851,230436,10310,17.0,5.71,2619,20.4,78.75,4.7,APPROVE - Not a statistical outlier,
influencer_448,492072,20786,1624,1.67,4.22,2070,6.5,22.900000000000002,0.0,APPROVE - Not a statistical outlier,
influencer_449,1087880,31218,1385,2.2,2.87,2833,5.9,19.36,0.0,APPROVE - Not a statistical outlier,
influencer_450,4700303,270488,6555,0.6,5.75,303,36.3,94.72,0.2,"CAUTION - Top 15% anomaly, monitor 2-4 weeks",
influencer_451,4526897,50294,2509,4.39,1.11,985,13.2,61.160000000000004,0.8,APPROVE - Not a statistical outlier,
influencer_452,2056723,51801,4025,1.66,2.52,2677,4.9,12.86,0.2,APPROVE - Not a statistical outlier,
influencer_453,2249988,126119,5821,3.89,5.61,1809,4.4,10.09,0.9,APPROVE - Not a statistical outlier,
influencer_454,4304244,617461,43447,11.4,14.35,410,40.6,97.0,38.3,MANUAL REVIEW - Top 5% anomaly,
influencer_455,1315093,29737,2165,3.73,2.26,1382,1.8,0.67,1.0,APPROVE - Not a statistical outlier,
influencer_456,2765673,101530,7990,1.94,3.67,508,5.3,15.27,1.0,APPROVE - Not a statistical outlier,
influencer_457,2977242,152405,13986,-0.97,5.12,2092,12.2,56.76,16.6,APPROVE - Not a statistical outlier,
influencer_458,4581081,69436,3791,0.36,1.52,545,12.2,56.76,0.2,APPROVE - Not a statistical outlier,
influencer_459,2649790,151438,5045,0.16,5.72,220,30.1,90.35,0.2,"CAUTION - Top 15% anomaly, monitor 2-4 weeks",
influencer_460,3764024,187273,8523,3.51,4.98,1221,4.1,8.7,0.6,APPROVE - Not a statistical outlier,
influencer_461,2647791,50473,2754,1.86,1.91,2698,6.0,19.939999999999998,0.2,APPROVE - Not a statistical outlier,
influencer_462,2711108,123627,9533,-0.04,4.56,1190,11.9,55.67999999999999,0.6,APPROVE - Not a statistical outlier,
influencer_463,4834177,141389,2976,0.54,2.92,2231,16.9,71.83,0.2,APPROVE - Not a statistical outlier,
influencer_464,3354597,101022,4572,2.02,3.01,1441,2.8,2.96,0.2,APPROVE - Not a statistical outlier,
influencer_465,66953,1935,159,46.63,2.89,301,28.5,88.92,42.8,"CAUTION - Top 15% anomaly, monitor 2-4 weeks",
influencer_466,3990618,232011,17091,1.54,5.81,172,25.3,85.75,9.4,"CAUTION - Top 15% anomaly, monitor 2-4 weeks",
influencer_467,2598480,42440,3333,3.07,1.63,1942,5.6,17.31,0.0,APPROVE - Not a statistical outlier,
influencer_468,4198571,458292,38929,44.19,10.92,1122,34.3,93.24,38.5,"CAUTION - Top 15% anomaly, monitor 2-4 weeks",
influencer_469,2923097,99522,8226,2.59,3.4,2324,3.9,7.84,1.2,APPROVE - Not a statistical outlier,
influencer_470,158164,10192,760,45.05,6.44,817,26.1,86.63,48.1,"CAUTION - Top 15% anomaly, monitor 2-4 weeks",
influencer_471,4730930,133220,7350,0.1,2.82,2156,12.5,58.040000000000006,0.6,APPROVE - Not a statistical outlier,
influencer_472,2229636,177787,17545,34.32,7.97,1711,26.7,87.37,32.0,"CAUTION - Top 15% anomaly, monitor 2-4 weeks",
influencer_473,532831,23592,1545,4.43,4.43,652,6.1,20.380000000000003,0.3,APPROVE - Not a statistical outlier,
influencer_474,2990475,337220,12214,46.72,11.28,2602,28.4,88.79,16.3,"CAUTION - Top 15% anomaly, monitor 2-4 weeks",
influencer_475,3207420,63313,2749,0.83,1.97,2849,7.5,29.880000000000003,0.2,APPROVE - Not a statistical outlier,
influencer_476,3366884,359892,27166,14.16,10.69,967,26.0,86.52,37.0,"CAUTION - Top 15% anomaly, monitor 2-4 weeks",
influencer_477,3370720,168967,15879,4.27,5.01,1148,9.2,41.25,22.6,APPROVE - Not a statistical outlier,
influencer_478,4712075,161716,5546,3.15,3.43,646,10.1,46.379999999999995,0.6,APPROVE - Not a statistical outlier,
influencer_479,2641328,445054,11832,49.61,16.85,1061,36.6,94.89,22.0,"CAUTION - Top 15% anomaly, monitor 2-4 weeks",
influencer_480,692095,29001,2625,0.97,4.19,96,15.4,67.97,5.1,APPROVE - Not a statistical outlier,
influencer_481,834727,20373,1899,3.27,2.44,220,9.8,44.83,0.2,APPROVE - Not a statistical outlier,
influencer_482,1163928,25374,1068,2.92,2.18,2845,6.9,25.8,0.0,APPROVE - Not a statistical outlier,
influencer_483,2184151,101619,5099,2.43,4.65,550,3.1,4.06,0.4,APPROVE - Not a statistical outlier,
influencer_484,3164683,38027,2768,2.17,1.2,1019,6.5,22.900000000000002,1.0,APPROVE - Not a statistical outlier,
influencer_485,3971001,58526,2715,2.31,1.47,1170,7.7,31.240000000000002,0.0,APPROVE - Not a statistical outlier,
influencer_486,71640,1400,126,39.03,1.95,2344,26.8,87.47,25.4,"CAUTION - Top 15% anomaly, monitor 2-4 weeks",
influencer_487,4391886,77504,2217,4.5,1.76,1664,11.7,54.76,0.0,APPROVE - Not a statistical outlier,
influencer_488,2001991,26925,620,-0.32,1.34,2562,14.6,65.66,0.0,APPROVE - Not a statistical outlier,
influencer_489,4123263,157681,5783,37.62,3.82,1217,17.3,73.00999999999999,23.3,APPROVE - Not a statistical outlier,
influencer_490,4595877,465705,19972,46.52,10.13,405,37.1,95.23,33.5,MANUAL REVIEW - Top 5% anomaly,
influencer_491,4256780,74337,2158,-0.19,1.75,682,13.6,62.64999999999999,0.1,APPROVE - Not a statistical outlier,
influencer_492,1356531,29911,755,1.48,2.2,578,7.2,27.93,0.0,APPROVE - Not a statistical outlier,
influencer_493,676510,38430,3091,-0.47,5.68,1127,16.9,71.83,21.6,APPROVE - Not a statistical outlier,
influencer_494,3742196,134749,4465,-0.32,3.6,102,25.5,85.98,0.2,"CAUTION - Top 15% anomaly, monitor 2-4 weeks",
influencer_495,2735296,77247,7192,4.42,2.82,2385,7.1,27.279999999999998,1.4,APPROVE - Not a statistical outlier,
influencer_496,3332869,178873,8843,1.68,5.37,228,14.9,66.64999999999999,0.4,APPROVE - Not a statistical outlier,
influencer_497,899320,26754,1970,3.13,2.97,1811,2.9,3.34,0.0,APPROVE - Not a statistical outlier,
influencer_498,4830040,129205,4913,-0.17,2.68,601,17.2,72.64,0.2,APPROVE - Not a statistical outlier,
influencer_499,2008635,229375,8997,12.04,11.42,820,20.1,78.18,20.3,APPROVE - Not a statistical outlier,
influencer_500,1227607,137710,9085,45.58,11.22,1668,25.5,85.98,32.0,"CAUTION - Top 15% anomaly, monitor 2-4 weeks",
influencer_501,4064960,105015,6810,2.45,2.58,1861,2.9,3.34,0.6,APPROVE - Not a statistical outlier,
influencer_502,3265908,143259,11675,-0.88,4.39,1885,7.8,32.06,0.6,APPROVE - Not a statistical outlier,
influencer_503,4261538,104318,8410,4.95,2.45,1540,6.1,20.380000000000003,0.4,APPROVE - Not a statistical outlier,
influencer_504,1613818,112476,8284,48.21,6.97,1204,20.2,78.42,35.6,APPROVE - Not a statistical outlier,
influencer_505,2276504,30265,1692,1.86,1.33,208,12.0,56.11000000000001,0.2,APPROVE - Not a statistical outlier,
influencer_506,3226187,63118,5759,2.73,1.96,2274,6.7,24.240000000000002,1.4,APPROVE - Not a statistical outlier,
influencer_507,4605299,471184,32891,36.92,10.23,764,33.5,92.67999999999999,42.8,"CAUTION - Top 15% anomaly, monitor 2-4 weeks",
influencer_508,4661456,519977,51589,31.47,11.15,2166,40.4,96.93,30.7,MANUAL REVIEW - Top 5% anomaly,
influencer_509,4099502,677085,57924,16.9,16.52,828,41.9,97.55,39.0,MANUAL REVIEW - Top 5% anomaly,
influencer_510,3622581,156508,3684,0.78,4.32,817,12.2,56.76,0.2,APPROVE - Not a statistical outlier,
influencer_511,4247238,96643,4411,3.36,2.28,2825,8.4,36.04,0.0,APPROVE - Not a statistical outlier,
influencer_512,426523,6974,458,1.26,1.64,238,11.1,51.6,0.0,APPROVE - Not a statistical outlier,
influencer_513,3600865,605762,47078,14.61,16.82,522,41.5,97.35000000000001,37.3,MANUAL REVIEW - Top 5% anomaly,
influencer_514,4200790,128174,8206,49.94,3.05,2742,24.3,84.43,24.0,APPROVE - Not a statistical outlier,
influencer_515,1040458,18606,1542,4.48,1.79,1687,6.2,20.919999999999998,0.0,APPROVE - Not a statistical outlier,
influencer_516,3773811,70572,3007,4.28,1.87,2948,10.4,48.0,0.0,APPROVE - Not a statistical outlier,
influencer_517,2318336,111368,3865,-0.1,4.8,761,15.4,67.97,0.6,APPROVE - Not a statistical outlier,
influencer_518,4161435,161309,3921,46.88,3.88,1159,23.5,83.35000000000001,23.6,APPROVE - Not a statistical outlier,
influencer_519,2764642,512491,33755,14.93,18.54,1635,35.7,94.17,29.0,"CAUTION - Top 15% anomaly, monitor 2-4 weeks",
influencer_520,1810891,52467,3939,3.21,2.9,2775,4.3,9.62,0.2,APPROVE - Not a statistical outlier,
influencer_521,3789340,133867,6170,4.04,3.53,623,4.9,12.86,0.6,APPROVE - Not a statistical outlier,
influencer_522,2420862,92335,6379,-0.5,3.81,2963,11.5,53.73,1.2,APPROVE - Not a statistical outlier,
influencer_523,198775,26506,640,34.7,13.34,2929,36.3,94.72,6.3,"CAUTION - Top 15% anomaly, monitor 2-4 weeks",
influencer_524,2387488,401303,11213,23.45,16.81,1245,30.7,90.83,22.0,"CAUTION - Top 15% anomaly, monitor 2-4 weeks",
influencer_525,788494,57335,4365,21.02,7.27,354,20.3,78.60000000000001,37.5,APPROVE - Not a statistical outlier,
influencer_526,1202193,64394,3183,1.08,5.36,1008,6.4,22.189999999999998,0.6,APPROVE - Not a statistical outlier,
influencer_527,3944334,77423,5706,2.04,1.96,1779,4.4,10.09,0.9,APPROVE - Not a statistical outlier,
influencer_528,3010758,44802,3877,0.12,1.49,1880,9.6,43.75,0.2,APPROVE - Not a statistical outlier,
influencer_529,534636,29346,2588,3.09,5.49,1520,10.5,48.67,23.6,APPROVE - Not a statistical outlier,
influencer_530,3039370,268417,9065,39.0,8.83,923,22.5,81.97,15.5,APPROVE - Not a statistical outlier,
influencer_531,4233406,201430,11864,19.35,4.76,1420,14.2,64.45,12.7,APPROVE - Not a statistical outlier,
influencer_532,4269764,354223,27882,30.15,8.3,173,41.1,97.16,42.5,MANUAL REVIEW - Top 5% anomaly,
influencer_533,3236658,464467,38048,18.44,14.35,413,35.9,94.35,40.3,"CAUTION - Top 15% anomaly, monitor 2-4 weeks",
influencer_534,1777203,70140,5805,4.3,3.95,2293,4.5,10.66,0.9,APPROVE - Not a statistical outlier,
influencer_535,2277360,82570,3158,-0.53,3.63,2401,6.8,25.019999999999996,0.2,APPROVE - Not a statistical outlier,
influencer_536,4409249,45329,1604,15.93,1.03,246,36.0,94.42,32.7,"CAUTION - Top 15% anomaly, monitor 2-4 weeks",
influencer_537,4427219,385332,25894,12.98,8.7,1545,28.5,88.92,28.7,"CAUTION - Top 15% anomaly, monitor 2-4 weeks",
influencer_538,2535629,126394,10021,4.84,4.98,2260,5.9,19.36,1.6,APPROVE - Not a statistical outlier,
influencer_539,526830,20821,948,2.48,3.95,2347,5.5,16.68,0.0,APPROVE - Not a statistical outlier,
influencer_540,1333397,19795,561,0.96,1.48,1520,7.6,30.54,0.0,APPROVE - Not a statistical outlier,
influencer_541,2137233,398736,30838,31.38,18.66,2947,42.0,97.61,31.7,MANUAL REVIEW - Top 5% anomaly,
influencer_542,719216,32463,1427,1.27,4.51,1665,5.7,18.01,0.0,APPROVE - Not a statistical outlier,
influencer_543,518313,25726,856,2.68,4.96,2544,9.6,43.75,0.0,APPROVE - Not a statistical outlier,
influencer_544,3666060,151979,4835,1.94,4.15,2382,6.3,21.55,0.2,APPROVE - Not a statistical outlier,
influencer_545,3463565,61072,2760,2.92,1.76,1197,5.0,13.41,0.0,APPROVE - Not a statistical outlier,
influencer_546,1338682,60921,4106,-0.76,4.55,140,16.5,70.91,0.8,APPROVE - Not a statistical outlier,
influencer_547,1287643,56485,2749,-0.36,4.39,1043,6.9,25.8,0.6,APPROVE - Not a statistical outlier,
influencer_548,1534584,17220,372,4.86,1.12,261,19.1,76.57000000000001,1.8,APPROVE - Not a statistical outlier,
influencer_549,395540,12098,335,4.97,3.06,1744,9.1,40.52,0.0,APPROVE - Not a statistical outlier,
influencer_550,2616075,69711,3014,3.48,2.66,1785,1.8,0.67,0.0,APPROVE - Not a statistical outlier,
influencer_551,4940003,214744,15628,0.54,4.35,2672,16.0,69.55,0.6,APPROVE - Not a statistical outlier,
influencer_552,4443987,301656,8410,19.0,6.79,1607,25.9,86.44,5.0,"CAUTION - Top 15% anomaly, monitor 2-4 weeks",
influencer_553,27790,1098,71,0.28,3.95,1326,15.5,68.24,0.0,APPROVE - Not a statistical outlier,
influencer_554,1692738,94218,2787,3.39,5.57,2250,7.2,27.93,0.6,APPROVE - Not a statistical outlier,
influencer_555,2909873,282992,10450,44.99,9.73,1002,24.0,84.06,22.1,APPROVE - Not a statistical outlier,
influencer_556,449345,25196,850,2.89,5.61,1060,9.4,42.6,0.0,APPROVE - Not a statistical outlier,
influencer_557,750074,44198,1121,3.56,5.89,2623,13.5,62.239999999999995,0.0,APPROVE - Not a statistical outlier,
influencer_558,3686501,38831,2862,4.16,1.05,2625,12.4,57.63,0.3,APPROVE - Not a statistical outlier,
influencer_559,1880490,77357,4414,3.41,4.11,547,2.2,1.4000000000000001,0.6,APPROVE - Not a statistical outlier,
influencer_560,3888857,119162,10305,4.54,3.06,943,6.2,20.919999999999998,0.4,APPROVE - Not a statistical outlier,
influencer_561,4985445,264192,7373,2.13,5.3,2292,16.7,71.39,0.2,APPROVE - Not a statistical outlier,
influencer_562,3177083,71772,2266,3.06,2.26,2211,5.8,18.7,0.0,APPROVE - Not a statistical outlier,
influencer_563,1455908,85973,3827,1.22,5.91,2362,9.5,43.15,0.2,APPROVE - Not a statistical outlier,
influencer_564,2254694,91733,7455,-0.94,4.07,1974,5.7,18.01,0.6,APPROVE - Not a statistical outlier,
influencer_565,3320144,164934,7333,3.54,4.97,1492,2.6,2.31,0.2,APPROVE - Not a statistical outlier,
influencer_566,306062,4370,230,4.22,1.43,1902,11.4,53.1,0.0,APPROVE - Not a statistical outlier,
influencer_567,4950499,94915,4188,0.04,1.92,2763,19.1,76.57000000000001,0.2,APPROVE - Not a statistical outlier,
influencer_568,2388312,114448,3023,-0.83,4.79,2408,9.4,42.6,0.2,APPROVE - Not a statistical outlier,
influencer_569,3694976,530820,50510,16.98,14.37,2971,42.4,97.74000000000001,30.7,MANUAL REVIEW - Top 5% anomaly,
influencer_570,4409224,224182,14321,4.37,5.08,1337,8.4,36.04,0.6,APPROVE - Not a statistical outlier,
influencer_571,4036493,43180,3585,0.77,1.07,928,9.1,40.52,0.0,APPROVE - Not a statistical outlier,
influencer_572,3389532,145261,10555,0.4,4.29,1128,8.0,33.550000000000004,0.6,APPROVE - Not a statistical outlier,
influencer_573,1426541,40306,2464,-0.91,2.83,1219,4.5,10.66,0.2,APPROVE - Not a statistical outlier,
influencer_574,1872403,75972,2064,0.78,4.06,1242,7.6,30.54,0.0,APPROVE - Not a statistical outlier,
influencer_575,4849287,836948,59773,21.95,17.26,2155,44.3,98.36,31.3,MANUAL REVIEW - Top 5% anomaly,
influencer_576,822052,28287,917,34.95,3.44,717,17.0,72.11,33.2,APPROVE - Not a statistical outlier,
influencer_577,1808150,27842,1479,0.88,1.54,2098,5.9,19.36,0.0,APPROVE - Not a statistical outlier,
influencer_578,2226300,78628,5529,18.31,3.53,595,19.6,77.4,24.0,APPROVE - Not a statistical outlier,
influencer_579,1856567,73235,6047,4.33,3.94,1237,3.4,5.24,0.9,APPROVE - Not a statistical outlier,
influencer_580,1535837,55340,4139,4.12,3.6,1924,2.6,2.31,0.2,APPROVE - Not a statistical outlier,
influencer_581,3502268,164992,12163,0.97,4.71,856,6.9,25.8,0.6,APPROVE - Not a statistical outlier,
influencer_582,3339442,361867,11552,13.88,10.84,1381,22.7,82.26,4.7,APPROVE - Not a statistical outlier,
influencer_583,4927203,153345,7313,4.95,3.11,2256,10.6,49.38,0.4,APPROVE - Not a statistical outlier,
influencer_584,4455051,133225,3121,3.08,2.99,1841,10.6,49.38,0.2,APPROVE - Not a statistical outlier,
influencer_585,4810954,54471,4224,4.56,1.13,1112,13.3,61.56,0.7,APPROVE - Not a statistical outlier,
influencer_586,424570,11369,1093,1.05,2.68,1380,9.0,39.94,0.3,APPROVE - Not a statistical outlier,
influencer_587,2374139,139601,5741,2.89,5.88,2982,12.7,58.809999999999995,0.6,APPROVE - Not a statistical outlier,
influencer_588,859158,46117,1245,3.05,5.37,1674,7.4,29.270000000000003,0.0,APPROVE - Not a statistical outlier,
influencer_589,2115792,56002,3250,4.24,2.65,2746,5.1,13.919999999999998,0.0,APPROVE - Not a statistical outlier,
influencer_590,53528,2108,186,4.96,3.94,220,16.4,70.67999999999999,0.1,APPROVE - Not a statistical outlier,
influencer_591,1874421,98153,6297,-0.35,5.24,1253,9.8,44.83,0.2,APPROVE - Not a statistical outlier,
influencer_592,2599260,83341,1978,2.79,3.21,1365,5.1,13.919999999999998,0.0,APPROVE - Not a statistical outlier,
influencer_593,1418077,15454,1513,1.02,1.09,737,12.6,58.4,0.2,APPROVE - Not a statistical outlier,
influencer_594,3296887,45251,3904,3.87,1.37,408,10.7,49.99,0.3,APPROVE - Not a statistical outlier,
influencer_595,3319230,158150,4827,35.0,4.76,416,20.7,79.17,26.2,APPROVE - Not a statistical outlier,
influencer_596,2253728,131779,12353,4.36,5.85,2314,16.9,71.83,28.2,APPROVE - Not a statistical outlier,
influencer_597,2486195,111034,6224,1.06,4.47,645,4.9,12.86,0.2,APPROVE - Not a statistical outlier,
influencer_598,4261507,57725,2871,0.11,1.35,1572,10.7,49.99,0.2,APPROVE - Not a statistical outlier,
influencer_599,161775,3149,179,-0.87,1.95,2360,13.4,61.89,0.0,APPROVE - Not a statistical outlier,
influencer_600,2668867,129616,11246,0.53,4.86,2078,9.2,41.25,5.9,APPROVE - Not a statistical outlier,
influencer_601,1564299,81456,5926,1.2,5.21,1784,6.0,19.939999999999998,0.6,APPROVE - Not a statistical outlier,
influencer_602,3470401,141886,3510,4.68,4.09,493,9.8,44.83,0.7,APPROVE - Not a statistical outlier,
influencer_603,3776803,159460,15405,1.95,4.22,996,9.0,39.94,4.6,APPROVE - Not a statistical outlier,
influencer_604,1345027,15356,488,2.34,1.14,201,14.6,65.66,0.3,APPROVE - Not a statistical outlier,
influencer_605,4167500,214319,17069,4.28,5.14,1176,8.3,35.29,4.9,APPROVE - Not a statistical outlier,
influencer_606,792267,39148,2775,4.31,4.94,872,5.1,13.919999999999998,2.8,APPROVE - Not a statistical outlier,
influencer_607,498562,11442,400,2.17,2.3,1351,5.5,16.68,0.0,APPROVE - Not a statistical outlier,
influencer_608,3849693,174906,5887,-0.32,4.54,1938,12.1,56.44,0.2,APPROVE - Not a statistical outlier,
influencer_609,4579238,94985,8513,0.62,2.07,719,11.0,51.22,0.6,APPROVE - Not a statistical outlier,
influencer_610,4038776,48531,2600,1.74,1.2,2652,10.1,46.379999999999995,0.0,APPROVE - Not a statistical outlier,
influencer_611,2005168,40217,2910,3.51,2.01,1537,2.7,2.62,0.0,APPROVE - Not a statistical outlier,
influencer_612,4011912,75951,4581,3.27,1.89,2242,5.4,16.0,0.0,APPROVE - Not a statistical outlier,
influencer_613,4512732,121335,9486,2.86,2.69,2054,6.3,21.55,0.6,APPROVE - Not a statistical outlier,
influencer_614,4886211,151093,8814,4.28,3.09,1752,9.3,42.01,0.4,APPROVE - Not a statistical outlier,
influencer_615,2180996,224712,9660,24.63,10.3,412,23.1,82.84,23.3,APPROVE - Not a statistical outlier,
influencer_616,1601396,99040,4859,48.37,6.18,2286,20.2,78.42,21.3,APPROVE - Not a statistical outlier,
influencer_617,3312149,77947,6915,4.33,2.35,1442,5.4,16.0,0.7,APPROVE - Not a statistical outlier,
influencer_618,123402,1414,81,0.17,1.15,1613,15.5,68.24,0.0,APPROVE - Not a statistical outlier,
influencer_619,1167588,149022,5525,17.25,12.76,2301,24.6,84.93,19.0,APPROVE - Not a statistical outlier,
influencer_620,4633965,138033,13081,1.49,2.98,2080,10.5,48.67,1.2,APPROVE - Not a statistical outlier,
influencer_621,2497081,62261,5212,2.71,2.49,401,5.6,17.31,1.2,APPROVE - Not a statistical outlier,
influencer_622,2678618,142896,3494,2.86,5.33,1740,8.2,34.74,0.2,APPROVE - Not a statistical outlier,
influencer_623,4768999,225750,22555,0.61,4.73,1499,26.1,86.63,17.9,"CAUTION - Top 15% anomaly, monitor 2-4 weeks",
influencer_624,4658860,246399,18626,4.16,5.29,640,16.4,70.67999999999999,2.3,APPROVE - Not a statistical outlier,
influencer_625,576278,20025,657,0.98,3.47,145,12.3,57.16,0.0,APPROVE - Not a statistical outlier,
influencer_626,1179049,19509,760,4.51,1.65,476,8.0,33.550000000000004,0.0,APPROVE - Not a statistical outlier,
influencer_627,3081201,138071,10409,1.83,4.48,1421,4.3,9.62,0.2,APPROVE - Not a statistical outlier,
influencer_628,4673311,94885,7816,-0.94,2.03,1370,10.2,46.94,0.6,APPROVE - Not a statistical outlier,
influencer_629,3563737,114258,4470,-0.03,3.21,444,13.9,63.580000000000005,0.2,APPROVE - Not a statistical outlier,
influencer_630,3465442,45917,1862,-0.39,1.33,1838,8.4,36.04,0.0,APPROVE - Not a statistical outlier,
influencer_631,1275732,65400,2914,-0.74,5.13,2969,14.5,65.25999999999999,0.9,APPROVE - Not a statistical outlier,
influencer_632,3315692,328806,22306,41.97,9.92,1077,26.2,86.83,41.5,"CAUTION - Top 15% anomaly, monitor 2-4 weeks",
influencer_633,4194398,231341,7806,0.15,5.52,2740,23.3,83.06,0.2,APPROVE - Not a statistical outlier,
influencer_634,4720607,251190,7118,4.03,5.32,1903,13.6,62.64999999999999,0.2,APPROVE - Not a statistical outlier,
influencer_635,1111389,36930,2744,0.59,3.32,1103,5.1,13.919999999999998,1.6,APPROVE - Not a statistical outlier,
influencer_636,28712,1355,111,-0.81,4.72,747,17.3,73.00999999999999,0.0,APPROVE - Not a statistical outlier,
influencer_637,4072647,166865,10024,3.92,4.1,1388,4.3,9.62,0.2,APPROVE - Not a statistical outlier,
influencer_638,3913942,196298,9639,1.8,5.02,1635,5.6,17.31,0.2,APPROVE - Not a statistical outlier,
influencer_639,113816,3595,196,2.6,3.16,2348,9.4,42.6,0.0,APPROVE - Not a statistical outlier,
influencer_640,1636156,80646,4118,1.02,4.93,591,5.9,19.36,0.8,APPROVE - Not a statistical outlier,
influencer_641,136230,4512,436,-0.72,3.31,2881,22.1,81.38,0.3,APPROVE - Not a statistical outlier,
influencer_642,1767616,100839,8213,1.22,5.7,2324,11.3,52.52,14.9,APPROVE - Not a statistical outlier,
influencer_643,4464418,153212,5614,2.11,3.43,416,11.1,51.6,0.6,APPROVE - Not a statistical outlier,
influencer_644,1384194,45859,2326,-0.93,3.31,731,4.5,10.66,0.4,APPROVE - Not a statistical outlier,
influencer_645,3102360,152802,9706,2.45,4.93,2636,6.5,22.900000000000002,0.6,APPROVE - Not a statistical outlier,
influencer_646,1882548,313892,21670,21.49,16.67,1002,32.4,91.75,40.0,"CAUTION - Top 15% anomaly, monitor 2-4 weeks",
influencer_647,4346760,163979,9421,0.31,3.77,1414,8.6,37.35,0.6,APPROVE - Not a statistical outlier,
influencer_648,3252298,61760,5237,4.56,1.9,1013,4.3,9.62,0.4,APPROVE - Not a statistical outlier,
influencer_649,4466150,149115,12139,-0.41,3.34,1541,10.1,46.379999999999995,1.2,APPROVE - Not a statistical outlier,
influencer_650,1404,81,4,3.95,5.84,381,16.3,70.39,2.1,APPROVE - Not a statistical outlier,
influencer_651,4898590,233414,20623,4.04,4.76,1754,18.4,75.07000000000001,8.6,APPROVE - Not a statistical outlier,
influencer_652,1324483,66963,5362,0.55,5.06,1981,9.4,42.6,0.9,APPROVE - Not a statistical outlier,
influencer_653,1723320,20061,1650,4.75,1.16,1309,7.4,29.270000000000003,1.0,APPROVE - Not a statistical outlier,
influencer_654,4910764,163985,15826,1.5,3.34,1937,14.3,64.75,1.2,APPROVE - Not a statistical outlier,
influencer_655,2333517,98780,4081,-0.15,4.23,782,9.9,45.440000000000005,0.6,APPROVE - Not a statistical outlier,
influencer_656,4538090,233719,9678,2.55,5.15,2858,13.4,61.89,0.2,APPROVE - Not a statistical outlier,
influencer_657,3197340,39850,3630,4.98,1.25,1054,8.6,37.35,1.2,APPROVE - Not a statistical outlier,
influencer_658,164273,8644,706,4.4,5.26,575,12.7,58.809999999999995,10.8,APPROVE - Not a statistical outlier,
influencer_659,3855418,144269,13579,0.67,3.74,1499,9.0,39.94,0.9,APPROVE - Not a statistical outlier,
influencer_660,3653692,72583,1818,2.46,1.99,108,22.9,82.56,0.2,APPROVE - Not a statistical outlier,
influencer_661,1088341,28147,1976,-0.31,2.59,1289,6.1,20.380000000000003,0.0,APPROVE - Not a statistical outlier,
influencer_662,3978266,32123,1014,18.63,0.81,2411,36.1,94.54,23.0,"CAUTION - Top 15% anomaly, monitor 2-4 weeks",
influencer_663,3032756,110825,6684,2.14,3.65,918,2.7,2.62,0.2,APPROVE - Not a statistical outlier,
influencer_664,844523,10627,344,0.89,1.26,1135,9.1,40.52,0.0,APPROVE - Not a statistical outlier,
influencer_665,547237,9810,296,1.91,1.79,2579,11.1,51.6,0.0,APPROVE - Not a statistical outlier,
influencer_666,4896207,247917,5199,4.52,5.06,2020,17.1,72.35000000000001,0.2,APPROVE - Not a statistical outlier,
influencer_667,4041479,67210,4732,2.0,1.66,1530,6.2,20.919999999999998,0.0,APPROVE - Not a statistical outlier,
influencer_668,93193,2019,98,3.99,2.17,2842,13.6,62.64999999999999,0.0,APPROVE - Not a statistical outlier,
influencer_669,3182915,103981,2954,0.9,3.27,950,6.5,22.900000000000002,0.2,APPROVE - Not a statistical outlier,
influencer_670,4701254,168568,7724,4.83,3.59,579,10.3,47.46,1.0,APPROVE - Not a statistical outlier,
influencer_671,1187887,57233,1918,-0.44,4.82,2091,10.7,49.99,0.0,APPROVE - Not a statistical outlier,
influencer_672,3009038,101369,9664,40.2,3.37,421,24.8,85.21,41.1,"CAUTION - Top 15% anomaly, monitor 2-4 weeks",
influencer_673,509153,25199,1149,3.74,4.95,2387,6.4,22.189999999999998,0.0,APPROVE - Not a statistical outlier,
influencer_674,3335817,136492,6376,3.88,4.09,2463,4.9,12.86,0.6,APPROVE - Not a statistical outlier,
influencer_675,3583069,56092,4890,0.19,1.57,1410,10.0,45.910000000000004,0.2,APPROVE - Not a statistical outlier,
influencer_676,2716514,463690,33302,14.46,17.07,1003,34.3,93.24,37.3,"CAUTION - Top 15% anomaly, monitor 2-4 weeks",
influencer_677,4882713,155522,11946,2.75,3.19,369,16.0,69.55,1.3,APPROVE - Not a statistical outlier,
influencer_678,2659571,79373,5625,0.9,2.98,2674,5.9,19.36,0.9,APPROVE - Not a statistical outlier,
influencer_679,4835357,600659,57480,14.44,12.42,786,43.1,97.92999999999999,37.3,MANUAL REVIEW - Top 5% anomaly,
influencer_680,1680748,154837,5660,32.07,9.21,1075,18.5,75.26,16.0,APPROVE - Not a statistical outlier,
influencer_681,2224069,253245,25102,34.83,11.39,2368,34.8,93.66,32.0,"CAUTION - Top 15% anomaly, monitor 2-4 weeks",
influencer_682,3446498,63891,5525,-0.35,1.85,2383,10.1,46.379999999999995,1.2,APPROVE - Not a statistical outlier,
influencer_683,4893472,104435,7009,-0.76,2.13,2711,15.1,67.17,0.6,APPROVE - Not a statistical outlier,
influencer_684,482680,18715,1366,4.01,3.88,2702,8.5,36.75,0.0,APPROVE - Not a statistical outlier,
influencer_685,2637694,403691,29027,14.61,15.3,968,31.1,91.14,37.3,"CAUTION - Top 15% anomaly, monitor 2-4 weeks",
influencer_686,2962293,105891,2612,2.38,3.57,877,5.7,18.01,0.5,APPROVE - Not a statistical outlier,
influencer_687,4101673,76019,2846,1.23,1.85,471,9.6,43.75,0.2,APPROVE - Not a statistical outlier,
influencer_688,1535026,66229,6418,-0.18,4.31,2580,15.6,68.47999999999999,5.9,APPROVE - Not a statistical outlier,
influencer_689,316826,16673,1046,1.7,5.26,159,14.6,65.66,0.5,APPROVE - Not a statistical outlier,
influencer_690,3468366,79415,3992,0.37,2.29,626,7.0,26.58,0.2,APPROVE - Not a statistical outlier,
influencer_691,328359,11353,919,4.03,3.46,1988,7.4,29.270000000000003,0.3,APPROVE - Not a statistical outlier,
influencer_692,3749603,220388,13655,4.92,5.88,1535,9.5,43.15,0.6,APPROVE - Not a statistical outlier,
influencer_693,4202253,112040,2358,4.33,2.67,891,11.4,53.1,0.3,APPROVE - Not a statistical outlier,
influencer_694,2861337,113744,8974,2.17,3.98,2670,5.8,18.7,0.2,APPROVE - Not a statistical outlier,
influencer_695,318537,4621,363,2.77,1.45,1028,10.2,46.94,0.0,APPROVE - Not a statistical outlier,
influencer_696,551222,22214,737,4.69,4.03,2402,7.8,32.06,0.0,APPROVE - Not a statistical outlier,
influencer_697,4976026,72060,6956,2.23,1.45,2525,18.2,74.79,0.7,APPROVE - Not a statistical outlier,
influencer_698,2574619,149229,5657,2.83,5.8,1581,6.2,20.919999999999998,0.2,APPROVE - Not a statistical outlier,
influencer_699,2454752,112386,6363,2.78,4.58,2896,6.9,25.8,0.2,APPROVE - Not a statistical outlier,
influencer_700,1365133,67448,1968,3.25,4.94,1670,4.2,9.19,0.0,APPROVE - Not a statistical outlier,
influencer_701,1933247,87392,5965,2.84,4.52,1541,2.3,1.59,0.6,APPROVE - Not a statistical outlier,
influencer_702,1354038,53466,2675,3.02,3.95,1766,1.7,0.49,0.2,APPROVE - Not a statistical outlier,
influencer_703,251875,8184,394,3.36,3.25,2786,9.9,45.440000000000005,0.0,APPROVE - Not a statistical outlier,
influencer_704,4658693,246531,21240,3.85,5.29,1479,16.2,70.1,19.9,APPROVE - Not a statistical outlier,
influencer_705,4265694,246735,5123,1.42,5.78,1887,17.3,73.00999999999999,0.2,APPROVE - Not a statistical outlier,
influencer_706,708689,140055,11741,38.9,19.76,294,43.8,98.18,41.8,MANUAL REVIEW - Top 5% anomaly,
influencer_707,4448794,251698,16540,-0.4,5.66,2689,20.8,79.32000000000001,0.6,APPROVE - Not a statistical outlier,
influencer_708,1616952,119194,11786,38.93,7.37,2909,30.9,91.01,34.3,"CAUTION - Top 15% anomaly, monitor 2-4 weeks",
influencer_709,1297516,47903,3216,0.74,3.69,2751,7.0,26.58,0.6,APPROVE - Not a statistical outlier,
influencer_710,2531179,82830,2023,1.42,3.27,1492,6.5,22.900000000000002,0.0,APPROVE - Not a statistical outlier,
influencer_711,1557617,31875,766,3.82,2.05,186,14.9,66.64999999999999,0.0,APPROVE - Not a statistical outlier,
influencer_712,3464351,35287,3198,2.82,1.02,1475,9.5,43.15,1.0,APPROVE - Not a statistical outlier,
influencer_713,1266040,27948,2439,0.85,2.21,2328,6.9,25.8,1.6,APPROVE - Not a statistical outlier,
influencer_714,1855971,65861,3139,0.35,3.55,2955,9.6,43.75,0.2,APPROVE - Not a statistical outlier,
influencer_715,651199,18883,1311,4.75,2.9,1662,4.9,12.86,0.0,APPROVE - Not a statistical outlier,
influencer_716,4035628,101656,6014,18.09,2.52,2607,25.6,86.11,16.6,"CAUTION - Top 15% anomaly, monitor 2-4 weeks",
influencer_717,1850396,81016,7888,11.51,4.38,2404,22.0,81.22,14.7,APPROVE - Not a statistical outlier,
influencer_718,2692276,22609,2170,12.86,0.84,924,26.9,87.56,22.5,"CAUTION - Top 15% anomaly, monitor 2-4 weeks",
influencer_719,629861,20539,2027,2.69,3.26,2174,10.8,50.519999999999996,0.4,APPROVE - Not a statistical outlier,
influencer_720,2527954,42155,3765,3.43,1.67,542,7.5,29.880000000000003,0.0,APPROVE - Not a statistical outlier,
influencer_721,662614,61244,5681,42.08,9.24,245,31.3,91.25999999999999,45.3,"CAUTION - Top 15% anomaly, monitor 2-4 weeks",
influencer_722,4874878,237750,8887,4.18,4.88,2202,11.6,54.290000000000006,0.2,APPROVE - Not a statistical outlier,
influencer_723,4694174,180886,15643,4.53,3.85,1736,10.4,48.0,0.6,APPROVE - Not a statistical outlier,
influencer_724,3358519,161327,12375,3.65,4.8,2136,5.2,14.57,0.9,APPROVE - Not a statistical outlier,
influencer_725,667997,11685,1133,0.39,1.75,1597,11.0,51.22,0.0,APPROVE - Not a statistical outlier,
influencer_726,1727351,322601,21195,12.86,18.68,2238,37.1,95.23,28.7,MANUAL REVIEW - Top 5% anomaly,Unsupervised flags anomaly; transfer model does not recognize pattern - review
influencer_727,1073647,24352,652,2.85,2.27,2361,7.4,29.270000000000003,0.0,APPROVE - Not a statistical outlier,
influencer_728,1632107,34932,2368,2.24,2.14,2183,2.1,1.2,0.9,APPROVE - Not a statistical outlier,
influencer_729,1029455,10887,815,-0.05,1.06,1158,9.5,43.15,0.0,APPROVE - Not a statistical outlier,
influencer_730,1306794,21584,812,2.54,1.65,257,10.3,47.46,0.0,APPROVE - Not a statistical outlier,
influencer_731,1951367,49688,2560,4.32,2.55,2395,2.9,3.34,0.4,APPROVE - Not a statistical outlier,
influencer_732,1911705,133728,9077,31.26,7.0,1517,13.7,63.0,27.7,APPROVE - Not a statistical outlier,
influencer_733,1602596,95022,4744,3.01,5.93,831,4.9,12.86,1.0,APPROVE - Not a statistical outlier,
influencer_734,3792481,96448,4821,2.7,2.54,1652,3.6,6.12,0.2,APPROVE - Not a statistical outlier,
influencer_735,4151276,68563,2101,1.26,1.65,1935,9.9,45.440000000000005,0.0,APPROVE - Not a statistical outlier,
influencer_736,2383357,53561,5102,18.79,2.25,2951,33.8,92.86,23.6,"CAUTION - Top 15% anomaly, monitor 2-4 weeks",
influencer_737,3488124,137380,10995,0.26,3.94,501,13.2,61.160000000000004,0.2,APPROVE - Not a statistical outlier,
influencer_738,2246131,132318,2659,35.27,5.89,1109,19.0,76.35,17.8,APPROVE - Not a statistical outlier,
influencer_739,4247049,225610,18330,3.79,5.31,2702,12.9,59.67,8.6,APPROVE - Not a statistical outlier,
influencer_740,92865,5393,427,3.55,5.81,2090,14.9,66.64999999999999,17.7,APPROVE - Not a statistical outlier,
influencer_741,4045588,90367,1877,1.15,2.23,1071,11.0,51.22,0.0,APPROVE - Not a statistical outlier,
influencer_742,1073200,34884,1729,-0.33,3.25,2771,9.6,43.75,0.0,APPROVE - Not a statistical outlier,
influencer_743,2121473,23562,1614,3.8,1.11,2190,7.0,26.58,0.7,APPROVE - Not a statistical outlier,
influencer_744,2501856,105166,5912,0.59,4.2,258,11.9,55.67999999999999,0.2,APPROVE - Not a statistical outlier,
influencer_745,2907158,89239,7338,-0.68,3.07,200,15.2,67.4,0.9,APPROVE - Not a statistical outlier,
influencer_746,4069472,310322,16768,22.2,7.63,324,27.9,88.42999999999999,19.3,"CAUTION - Top 15% anomaly, monitor 2-4 weeks",
influencer_747,1223869,24895,804,3.44,2.03,218,10.5,48.67,0.3,APPROVE - Not a statistical outlier,
influencer_748,2284869,97566,9572,3.85,4.27,455,11.1,51.6,11.3,APPROVE - Not a statistical outlier,
influencer_749,3126354,472802,18610,31.74,15.12,1006,27.9,88.42999999999999,37.3,"CAUTION - Top 15% anomaly, monitor 2-4 weeks",
influencer_750,4083494,77516,6000,0.14,1.9,1132,9.7,44.29,0.6,APPROVE - Not a statistical outlier,
influencer_751,1430551,63595,2000,0.76,4.45,2735,9.7,44.29,0.0,APPROVE - Not a statistical outlier,
influencer_752,2282020,178291,8258,48.54,7.81,948,21.1,79.82000000000001,29.8,APPROVE - Not a statistical outlier,
influencer_753,2757944,145987,8082,3.87,5.29,528,6.2,20.919999999999998,2.0,APPROVE - Not a statistical outlier,
influencer_754,4783883,75938,2686,0.4,1.59,1851,13.2,61.160000000000004,0.2,APPROVE - Not a statistical outlier,
influencer_755,2288623,112790,6315,1.46,4.93,2839,8.0,33.550000000000004,0.2,APPROVE - Not a statistical outlier,
influencer_756,915032,39964,1301,1.45,4.37,895,6.8,25.019999999999996,1.0,APPROVE - Not a statistical outlier,
influencer_757,3983588,62743,4060,3.64,1.58,855,7.1,27.279999999999998,0.0,APPROVE - Not a statistical outlier,
influencer_758,1568438,70173,5129,0.45,4.47,1888,7.1,27.279999999999998,0.6,APPROVE - Not a statistical outlier,
influencer_759,918559,32353,808,48.36,3.52,2148,25.3,85.75,21.3,"CAUTION - Top 15% anomaly, monitor 2-4 weeks",
influencer_760,636605,36445,3268,2.06,5.72,2325,14.4,64.98,21.6,APPROVE - Not a statistical outlier,
influencer_761,4584897,78312,2726,0.69,1.71,175,22.4,81.78999999999999,0.2,APPROVE - Not a statistical outlier,
influencer_762,816131,34393,1307,0.71,4.21,1671,7.5,29.880000000000003,0.0,APPROVE - Not a statistical outlier,
influencer_763,68661,1997,145,-0.89,2.91,1349,12.0,56.11000000000001,0.3,APPROVE - Not a statistical outlier,
influencer_764,2079007,120251,6914,3.15,5.78,2659,7.6,30.54,0.6,APPROVE - Not a statistical outlier,
influencer_765,1308506,34673,2078,3.66,2.65,499,3.6,6.12,1.5,APPROVE - Not a statistical outlier,
influencer_766,1972206,114603,3467,-0.81,5.81,222,19.0,76.35,0.2,APPROVE - Not a statistical outlier,
influencer_767,2902614,159859,13501,2.52,5.51,1121,7.7,31.240000000000002,21.6,APPROVE - Not a statistical outlier,
influencer_768,2967422,216199,14996,44.11,7.29,2571,23.2,82.95,32.7,APPROVE - Not a statistical outlier,
influencer_769,3709654,186139,5738,1.26,5.02,81,23.0,82.72,0.7,APPROVE - Not a statistical outlier,
influencer_770,119033,15700,783,33.95,13.19,2959,33.3,92.49000000000001,31.0,"CAUTION - Top 15% anomaly, monitor 2-4 weeks",
influencer_771,631265,14287,1212,1.17,2.26,2440,7.6,30.54,0.0,APPROVE - Not a statistical outlier,
influencer_772,2711309,288618,18895,31.36,10.64,1850,21.8,80.94,30.7,APPROVE - Not a statistical outlier,
influencer_773,2919258,105119,3016,1.95,3.6,2994,10.6,49.38,0.2,APPROVE - Not a statistical outlier,
influencer_774,1216502,30104,1499,-0.0,2.47,2551,9.5,43.15,0.0,APPROVE - Not a statistical outlier,
influencer_775,4627038,49801,1962,1.64,1.08,1899,12.9,59.67,0.1,APPROVE - Not a statistical outlier,
influencer_776,1422796,29887,1834,4.65,2.1,2598,5.1,13.919999999999998,0.1,APPROVE - Not a statistical outlier,
influencer_777,2763779,66598,5825,-0.84,2.41,1816,6.2,20.919999999999998,0.9,APPROVE - Not a statistical outlier,
influencer_778,2320049,74659,4098,-0.01,3.22,1484,7.8,32.06,0.2,APPROVE - Not a statistical outlier,
influencer_779,3721464,69052,3774,3.67,1.86,1897,5.0,13.41,0.0,APPROVE - Not a statistical outlier,
influencer_780,2193614,117715,10880,-0.21,5.37,2768,21.7,80.78,15.9,APPROVE - Not a statistical outlier,
influencer_781,771173,34892,2306,0.63,4.52,2609,9.7,44.29,1.9,APPROVE - Not a statistical outlier,
influencer_782,2670355,38079,2486,1.73,1.43,2037,5.2,14.57,0.4,APPROVE - Not a statistical outlier,
influencer_783,3413504,145089,5941,4.66,4.25,1464,3.4,5.24,0.2,APPROVE - Not a statistical outlier,
influencer_784,4854260,207193,14217,0.1,4.27,869,18.5,75.26,0.6,APPROVE - Not a statistical outlier,
influencer_785,468010,27056,1787,4.54,5.78,270,11.9,55.67999999999999,0.9,APPROVE - Not a statistical outlier,
influencer_786,1656016,230583,11932,46.9,13.92,565,29.1,89.52,44.1,"CAUTION - Top 15% anomaly, monitor 2-4 weeks",
influencer_787,1698900,38049,3776,3.03,2.24,1437,5.9,19.36,0.7,APPROVE - Not a statistical outlier,
influencer_788,4581497,258348,23393,3.34,5.64,112,37.9,95.72,27.6,MANUAL REVIEW - Top 5% anomaly,Unsupervised flags anomaly; transfer model does not recognize pattern - review
influencer_789,4222038,238995,19111,-0.81,5.66,1011,19.7,77.55,14.6,APPROVE - Not a statistical outlier,
influencer_790,924875,144655,9111,27.29,15.64,980,27.5,88.11,40.3,"CAUTION - Top 15% anomaly, monitor 2-4 weeks",
influencer_791,2124221,102574,5843,1.01,4.83,640,5.5,16.68,0.2,APPROVE - Not a statistical outlier,
influencer_792,3881993,56576,1968,-0.56,1.46,603,11.2,52.04,0.5,APPROVE - Not a statistical outlier,
influencer_793,4732502,168920,7510,4.93,3.57,2363,10.0,45.910000000000004,0.4,APPROVE - Not a statistical outlier,
influencer_794,2569103,55439,4541,2.48,2.16,1018,2.2,1.4000000000000001,0.2,APPROVE - Not a statistical outlier,
influencer_795,82264,1568,88,1.92,1.91,488,11.9,55.67999999999999,0.0,APPROVE - Not a statistical outlier,
influencer_796,24275,4159,376,49.27,17.14,2203,48.5,99.21,31.6,"REJECT - Top 1% anomaly, escalate for manual audit",
influencer_797,2694714,92474,2943,10.62,3.43,1552,12.2,56.76,0.0,APPROVE - Not a statistical outlier,
influencer_798,2461072,82279,4991,4.73,3.34,2502,3.7,6.710000000000001,0.4,APPROVE - Not a statistical outlier,
influencer_799,573735,32662,2343,3.76,5.69,2631,9.6,43.75,4.6,APPROVE - Not a statistical outlier,
influencer_800,2001609,285704,17527,11.5,14.27,2687,29.7,90.05,29.7,"CAUTION - Top 15% anomaly, monitor 2-4 weeks",
influencer_801,913826,53824,4905,-0.6,5.89,2014,18.0,74.45,23.9,APPROVE - Not a statistical outlier,
influencer_802,2698143,161117,15977,-0.41,5.97,1596,25.6,86.11,28.2,"CAUTION - Top 15% anomaly, monitor 2-4 weeks",
influencer_803,863522,32624,954,-0.99,3.78,2189,9.5,43.15,0.0,APPROVE - Not a statistical outlier,
influencer_804,804692,14892,452,-0.99,1.85,2479,10.5,48.67,0.0,APPROVE - Not a statistical outlier,
influencer_805,1162157,29989,912,4.62,2.58,151,13.3,61.56,0.0,APPROVE - Not a statistical outlier,
influencer_806,1315532,41077,3059,4.56,3.12,302,7.5,29.880000000000003,0.4,APPROVE - Not a statistical outlier,
influencer_807,422240,55577,2768,31.47,13.16,1347,24.7,85.1,32.7,"CAUTION - Top 15% anomaly, monitor 2-4 weeks",
influencer_808,3860744,130026,10228,24.03,3.37,427,20.1,78.18,36.4,APPROVE - Not a statistical outlier,
influencer_809,945789,55434,2906,2.08,5.86,2548,9.1,40.52,0.6,APPROVE - Not a statistical outlier,
influencer_810,3108092,54914,3855,0.43,1.77,1014,4.9,12.86,0.2,APPROVE - Not a statistical outlier,
influencer_811,2214573,412058,33619,19.2,18.61,1260,37.9,95.72,34.0,MANUAL REVIEW - Top 5% anomaly,
influencer_812,526893,58378,3727,15.47,11.08,1163,23.1,82.84,35.0,APPROVE - Not a statistical outlier,
influencer_813,2256363,89823,5673,3.44,3.98,1331,1.6,0.3,0.9,APPROVE - Not a statistical outlier,
influencer_814,4382514,294497,7968,10.7,6.72,1940,23.2,82.95,1.0,APPROVE - Not a statistical outlier,
influencer_815,4149887,493583,26092,47.34,11.89,2646,35.6,94.11,30.3,"CAUTION - Top 15% anomaly, monitor 2-4 weeks",
influencer_816,1208094,23287,1482,2.91,1.93,1535,3.4,5.24,0.0,APPROVE - Not a statistical outlier,
influencer_817,2222192,94629,5389,2.86,4.26,1946,2.1,1.2,0.9,APPROVE - Not a statistical outlier,
influencer_818,669406,30545,2812,-0.42,4.56,2974,18.0,74.45,8.2,APPROVE - Not a statistical outlier,
influencer_819,3669866,162947,15076,1.52,4.44,849,8.9,39.31,11.2,APPROVE - Not a statistical outlier,
influencer_820,4613338,119789,10272,2.15,2.6,2930,13.3,61.56,0.9,APPROVE - Not a statistical outlier,
influencer_821,2854406,315081,15761,15.64,11.04,2787,23.7,83.63000000000001,27.0,APPROVE - Not a statistical outlier,
influencer_822,1034255,59775,4625,4.29,5.78,1986,7.3,28.63,10.6,APPROVE - Not a statistical outlier,
influencer_823,4990847,280310,14470,4.03,5.62,2398,18.4,75.07000000000001,0.6,APPROVE - Not a statistical outlier,
influencer_824,3053766,100364,3874,1.96,3.29,208,10.7,49.99,0.4,APPROVE - Not a statistical outlier,
influencer_825,541677,28334,1343,1.04,5.23,926,8.3,35.29,0.0,APPROVE - Not a statistical outlier,
influencer_826,3095235,256464,6585,43.18,8.29,2296,25.5,85.98,10.7,"CAUTION - Top 15% anomaly, monitor 2-4 weeks",
influencer_827,1172459,36603,1703,0.18,3.12,2866,10.7,49.99,0.0,APPROVE - Not a statistical outlier,
influencer_828,2860653,51028,2901,-0.57,1.78,2002,5.2,14.57,0.2,APPROVE - Not a statistical outlier,
influencer_829,1967197,61613,5941,-0.73,3.13,1581,7.8,32.06,1.6,APPROVE - Not a statistical outlier,
influencer_830,388952,14340,646,-0.77,3.69,521,9.9,45.440000000000005,0.0,APPROVE - Not a statistical outlier,
influencer_831,2210373,24590,2267,1.93,1.11,90,24.4,84.58,2.7,APPROVE - Not a statistical outlier,
influencer_832,4148703,133611,5118,0.53,3.22,1107,8.3,35.29,0.2,APPROVE - Not a statistical outlier,
influencer_833,1031117,50594,1784,3.14,4.91,1733,4.2,9.19,0.0,APPROVE - Not a statistical outlier,
influencer_834,2897818,127510,7844,2.92,4.4,2615,4.2,9.19,0.6,APPROVE - Not a statistical outlier,
influencer_835,2358821,98499,7269,2.25,4.18,2925,6.8,25.019999999999996,0.2,APPROVE - Not a statistical outlier,
influencer_836,526134,29188,687,1.12,5.55,94,21.8,80.94,0.3,APPROVE - Not a statistical outlier,
influencer_837,245761,20016,754,47.51,8.14,615,29.2,89.62,22.1,"CAUTION - Top 15% anomaly, monitor 2-4 weeks",
influencer_838,2931098,110949,6263,3.26,3.79,1757,1.6,0.3,0.9,APPROVE - Not a statistical outlier,
influencer_839,2972820,146760,6821,0.63,4.94,2248,8.5,36.75,0.2,APPROVE - Not a statistical outlier,
influencer_840,65323,2421,186,2.01,3.71,564,10.4,48.0,0.1,APPROVE - Not a statistical outlier,
influencer_841,1238715,32447,1975,-0.06,2.62,2770,10.1,46.379999999999995,0.0,APPROVE - Not a statistical outlier,
influencer_842,955480,16064,527,0.97,1.68,2185,8.1,34.22,0.0,APPROVE - Not a statistical outlier,
influencer_843,2333811,126908,11619,4.98,5.44,1900,10.7,49.99,19.6,APPROVE - Not a statistical outlier,
influencer_844,855016,142802,6202,38.28,16.7,2891,35.4,94.01,31.3,"CAUTION - Top 15% anomaly, monitor 2-4 weeks",
influencer_845,865909,46677,3663,3.19,5.39,1034,7.0,26.58,11.6,APPROVE - Not a statistical outlier,
influencer_846,4983564,195817,16134,0.43,3.93,2529,18.3,74.91,0.6,APPROVE - Not a statistical outlier,
influencer_847,1051493,45960,4460,4.63,4.37,1259,7.5,29.880000000000003,9.6,APPROVE - Not a statistical outlier,
influencer_848,283762,3258,195,34.67,1.15,2667,24.9,85.34,26.3,"CAUTION - Top 15% anomaly, monitor 2-4 weeks",
influencer_849,1606118,68995,4779,1.08,4.3,1069,3.1,4.06,0.8,APPROVE - Not a statistical outlier,
influencer_850,2884427,86252,4035,2.56,2.99,356,6.3,21.55,0.4,APPROVE - Not a statistical outlier,
influencer_851,1417012,50561,3754,2.53,3.57,637,3.2,4.42,0.9,APPROVE - Not a statistical outlier,
influencer_852,572650,28719,1639,2.47,5.02,2736,8.5,36.75,0.0,APPROVE - Not a statistical outlier,
influencer_853,4477576,128428,7065,2.44,2.87,31,70.5,99.96000000000001,7.3,"REJECT - Top 1% anomaly, escalate for manual audit",Unsupervised flags anomaly; transfer model does not recognize pattern - review
influencer_854,386925,66556,5886,15.67,17.2,1063,36.3,94.72,39.3,"CAUTION - Top 15% anomaly, monitor 2-4 weeks",
influencer_855,2864793,42354,1017,1.61,1.48,2511,11.4,53.1,0.0,APPROVE - Not a statistical outlier,
influencer_856,4910047,273633,24779,2.56,5.57,154,44.6,98.48,26.7,MANUAL REVIEW - Top 5% anomaly,Unsupervised flags anomaly; transfer model does not recognize pattern - review
influencer_857,3758974,54699,4822,3.03,1.46,1134,7.0,26.58,0.0,APPROVE - Not a statistical outlier,
influencer_858,404081,17137,1036,0.52,4.24,2562,11.5,53.73,0.0,APPROVE - Not a statistical outlier,
influencer_859,2400105,73586,4357,3.21,3.07,2729,3.7,6.710000000000001,0.2,APPROVE - Not a statistical outlier,
influencer_860,379892,11503,563,4.54,3.03,1891,6.3,21.55,0.0,APPROVE - Not a statistical outlier,
influencer_861,4200591,184731,18386,3.55,4.4,1203,13.9,63.580000000000005,11.6,APPROVE - Not a statistical outlier,
influencer_862,3155240,42137,1217,-0.49,1.34,2877,15.5,68.24,0.0,APPROVE - Not a statistical outlier,
influencer_863,657702,26101,1754,1.81,3.97,2950,9.4,42.6,0.0,APPROVE - Not a statistical outlier,
influencer_864,3255600,158227,11793,1.61,4.86,158,17.3,73.00999999999999,2.4,APPROVE - Not a statistical outlier,
influencer_865,1986296,102116,9675,1.02,5.14,467,14.3,64.75,21.9,APPROVE - Not a statistical outlier,
influencer_866,2191222,40595,3345,1.95,1.85,780,3.6,6.12,0.2,APPROVE - Not a statistical outlier,
influencer_867,3750783,205809,14716,1.64,5.49,2578,10.9,50.92,0.9,APPROVE - Not a statistical outlier,
influencer_868,2720269,116447,3417,-0.96,4.28,1251,7.2,27.93,0.2,APPROVE - Not a statistical outlier,
influencer_869,4803116,536349,26763,31.98,11.17,2288,33.0,92.23,28.3,"CAUTION - Top 15% anomaly, monitor 2-4 weeks",
influencer_870,2325797,189613,5898,32.46,8.15,931,18.6,75.48,12.8,APPROVE - Not a statistical outlier,
influencer_871,787667,29223,2644,1.1,3.71,2122,7.8,32.06,2.9,APPROVE - Not a statistical outlier,
influencer_872,1354649,75795,6061,0.05,5.6,1332,23.7,83.63000000000001,9.6,APPROVE - Not a statistical outlier,
influencer_873,1713503,94234,7595,-0.59,5.5,2612,13.8,63.29,8.6,APPROVE - Not a statistical outlier,
influencer_874,2986418,96783,6985,0.18,3.24,1463,6.7,24.240000000000002,0.6,APPROVE - Not a statistical outlier,
influencer_875,3610736,85648,5187,4.13,2.37,2538,4.5,10.66,1.0,APPROVE - Not a statistical outlier,
influencer_876,1385418,41089,1314,3.78,2.97,420,4.8,12.17,0.4,APPROVE - Not a statistical outlier,
influencer_877,387594,11390,528,1.65,2.94,1097,5.4,16.0,0.0,APPROVE - Not a statistical outlier,
influencer_878,2870760,69883,2163,4.27,2.43,56,22.6,82.13000000000001,6.5,APPROVE - Not a statistical outlier,
influencer_879,3807503,89205,6957,0.4,2.34,2871,11.5,53.73,0.9,APPROVE - Not a statistical outlier,
influencer_880,3838247,203631,6682,2.51,5.31,577,10.4,48.0,0.4,APPROVE - Not a statistical outlier,
influencer_881,1093501,14754,1123,-0.14,1.35,2698,12.9,59.67,0.0,APPROVE - Not a statistical outlier,
influencer_882,138023,6056,456,4.0,4.39,596,9.7,44.29,0.1,APPROVE - Not a statistical outlier,
influencer_883,1136964,21194,1202,-0.22,1.86,733,8.3,35.29,0.0,APPROVE - Not a statistical outlier,
influencer_884,4727599,128710,3966,-0.81,2.72,1272,11.3,52.52,0.2,APPROVE - Not a statistical outlier,
influencer_885,1484624,19414,877,0.64,1.31,214,12.5,58.040000000000006,0.0,APPROVE - Not a statistical outlier,
influencer_886,2156748,50680,2311,4.41,2.35,1620,1.8,0.67,0.0,APPROVE - Not a statistical outlier,
influencer_887,1957109,94765,7205,-0.22,4.84,1943,9.7,44.29,0.6,APPROVE - Not a statistical outlier,
influencer_888,3046179,165257,4808,0.98,5.43,877,10.6,49.38,0.2,APPROVE - Not a statistical outlier,
influencer_889,3926282,82751,7143,0.9,2.11,628,7.1,27.279999999999998,0.9,APPROVE - Not a statistical outlier,
influencer_890,874172,29002,2345,3.81,3.32,835,3.8,7.33,4.8,APPROVE - Not a statistical outlier,
influencer_891,3686540,123558,4312,1.53,3.35,1387,3.7,6.710000000000001,0.2,APPROVE - Not a statistical outlier,
influencer_892,523244,98835,7662,38.4,18.89,2156,38.3,95.98,32.0,MANUAL REVIEW - Top 5% anomaly,
influencer_893,4874594,169504,12455,11.32,3.48,2656,22.5,81.97,4.3,APPROVE - Not a statistical outlier,
influencer_894,4064309,144908,11570,2.31,3.57,1908,4.4,10.09,0.9,APPROVE - Not a statistical outlier,
influencer_895,1063636,46307,1626,-0.63,4.35,2490,10.1,46.379999999999995,0.0,APPROVE - Not a statistical outlier,
influencer_896,1787921,93629,3052,1.24,5.24,575,8.1,34.22,0.7,APPROVE - Not a statistical outlier,
influencer_897,830735,8703,338,4.13,1.05,1662,10.5,48.67,0.3,APPROVE - Not a statistical outlier,
influencer_898,3337007,614535,30277,46.21,18.42,2246,37.5,95.46,31.0,MANUAL REVIEW - Top 5% anomaly,
influencer_899,3831375,212113,17709,4.89,5.54,2758,13.1,60.69,18.2,APPROVE - Not a statistical outlier,
influencer_900,4530788,213017,16835,3.73,4.7,2660,11.0,51.22,0.9,APPROVE - Not a statistical outlier,
influencer_901,2563469,95212,8953,1.71,3.71,2592,9.2,41.25,0.9,APPROVE - Not a statistical outlier,
influencer_902,3087176,112627,2780,3.06,3.65,2109,6.9,25.8,0.2,APPROVE - Not a statistical outlier,
influencer_903,3296374,90282,1889,3.66,2.74,2364,10.1,46.379999999999995,0.1,APPROVE - Not a statistical outlier,
influencer_904,4884680,175975,13361,0.62,3.6,2671,15.0,66.92,0.9,APPROVE - Not a statistical outlier,
influencer_905,3682262,157487,6668,-0.64,4.28,1956,7.6,30.54,0.2,APPROVE - Not a statistical outlier,
influencer_906,4634078,176804,8261,18.45,3.82,646,25.7,86.24000000000001,17.3,"CAUTION - Top 15% anomaly, monitor 2-4 weeks",
influencer_907,2610089,105660,6735,13.39,4.05,2347,21.7,80.78,7.0,APPROVE - Not a statistical outlier,
influencer_908,2509749,133171,3754,0.66,5.31,1233,11.8,55.21,0.6,APPROVE - Not a statistical outlier,
influencer_909,915228,16230,1159,4.68,1.77,1789,5.8,18.7,0.0,APPROVE - Not a statistical outlier,
influencer_910,954959,31110,1431,4.08,3.26,2595,5.1,13.919999999999998,0.0,APPROVE - Not a statistical outlier,
influencer_911,2190415,66590,4702,2.55,3.04,2660,2.9,3.34,0.2,APPROVE - Not a statistical outlier,
influencer_912,1628781,72274,6267,1.41,4.44,255,10.7,49.99,1.6,APPROVE - Not a statistical outlier,
influencer_913,3370538,75814,2554,0.59,2.25,699,7.0,26.58,0.2,APPROVE - Not a statistical outlier,
influencer_914,3243374,136262,12872,2.43,4.2,1793,6.7,24.240000000000002,1.2,APPROVE - Not a statistical outlier,
influencer_915,346266,18654,1165,2.2,5.39,946,10.2,46.94,0.7,APPROVE - Not a statistical outlier,
influencer_916,3957679,122318,11477,3.68,3.09,2203,8.0,33.550000000000004,1.2,APPROVE - Not a statistical outlier,
influencer_917,1539601,85526,3131,4.57,5.56,2151,5.4,16.0,0.6,APPROVE - Not a statistical outlier,
influencer_918,2578855,169915,11616,39.99,6.59,1244,17.6,73.71,33.3,APPROVE - Not a statistical outlier,
influencer_919,3072475,47023,2459,0.24,1.53,1735,6.5,22.900000000000002,0.2,APPROVE - Not a statistical outlier,
influencer_920,4538358,98267,8051,1.42,2.17,1872,7.3,28.63,0.6,APPROVE - Not a statistical outlier,
influencer_921,4004484,599061,41019,38.61,14.96,2013,35.0,93.81,30.7,"CAUTION - Top 15% anomaly, monitor 2-4 weeks",
influencer_922,1108955,64226,3825,-0.76,5.79,85,26.4,87.11,0.8,"CAUTION - Top 15% anomaly, monitor 2-4 weeks",
influencer_923,3803010,325203,30256,28.5,8.55,749,31.1,91.14,43.5,"CAUTION - Top 15% anomaly, monitor 2-4 weeks",
influencer_924,1933728,20787,1042,4.97,1.07,2630,11.8,55.21,0.0,APPROVE - Not a statistical outlier,
influencer_925,1900492,34313,1290,4.54,1.81,2109,4.9,12.86,0.0,APPROVE - Not a statistical outlier,
influencer_926,2362632,141286,9699,4.16,5.98,603,9.0,39.94,10.0,APPROVE - Not a statistical outlier,
influencer_927,1415397,26892,1880,4.96,1.9,696,4.4,10.09,0.8,APPROVE - Not a statistical outlier,
influencer_928,3178993,111669,6156,4.45,3.51,313,8.4,36.04,0.6,APPROVE - Not a statistical outlier,
influencer_929,3132209,164193,9675,3.13,5.24,1774,3.8,7.33,0.2,APPROVE - Not a statistical outlier,
influencer_930,1224520,13494,1305,0.0,1.1,2264,13.9,63.580000000000005,0.0,APPROVE - Not a statistical outlier,
influencer_931,4058893,163266,12835,-0.06,4.02,527,16.9,71.83,0.6,APPROVE - Not a statistical outlier,
influencer_932,3218635,321708,9280,38.34,10.0,1495,23.6,83.49,9.3,APPROVE - Not a statistical outlier,
influencer_933,2301119,20818,769,11.56,0.9,159,30.8,90.92,19.2,"CAUTION - Top 15% anomaly, monitor 2-4 weeks",
influencer_934,1900443,45939,4504,3.85,2.42,668,7.2,27.93,0.3,APPROVE - Not a statistical outlier,
influencer_935,3449503,152943,11947,1.94,4.43,2191,5.4,16.0,0.6,APPROVE - Not a statistical outlier,
influencer_936,1440758,62976,5869,1.2,4.37,2090,7.5,29.880000000000003,2.6,APPROVE - Not a statistical outlier,
influencer_937,1806468,38070,1686,-0.34,2.11,2521,7.4,29.270000000000003,0.0,APPROVE - Not a statistical outlier,
influencer_938,3428975,101401,8046,17.29,2.96,2524,24.6,84.93,16.0,APPROVE - Not a statistical outlier,
influencer_939,127108,3872,298,1.4,3.05,1015,8.4,36.04,0.0,APPROVE - Not a statistical outlier,
influencer_940,3161110,77319,3369,-0.4,2.45,1022,5.8,18.7,0.2,APPROVE - Not a statistical outlier,
influencer_941,3231019,163001,10442,-0.38,5.04,2792,12.8,59.24,0.2,APPROVE - Not a statistical outlier,
influencer_942,1708692,85465,5999,1.37,5.0,2151,5.1,13.919999999999998,0.6,APPROVE - Not a statistical outlier,
influencer_943,2081154,68368,3998,2.02,3.29,2614,3.1,4.06,0.2,APPROVE - Not a statistical outlier,
influencer_944,2245702,276127,23795,39.39,12.3,130,43.7,98.15,43.6,MANUAL REVIEW - Top 5% anomaly,
influencer_945,3378778,135870,11770,3.11,4.02,2253,5.6,17.31,0.9,APPROVE - Not a statistical outlier,
influencer_946,2531034,129988,11445,1.51,5.14,456,11.7,54.76,18.0,APPROVE - Not a statistical outlier,
influencer_947,4533131,141660,11938,-0.45,3.13,70,31.9,91.47,2.6,"CAUTION - Top 15% anomaly, monitor 2-4 weeks",
influencer_948,2693755,348502,20577,38.21,12.94,458,29.7,90.05,40.6,"CAUTION - Top 15% anomaly, monitor 2-4 weeks",
influencer_949,389349,43582,2201,15.46,11.19,373,25.0,85.50999999999999,35.5,"CAUTION - Top 15% anomaly, monitor 2-4 weeks",
influencer_950,1063729,39155,3387,-0.69,3.68,395,8.8,38.690000000000005,1.8,APPROVE - Not a statistical outlier,
influencer_951,3125071,101431,6006,4.69,3.25,638,5.2,14.57,0.8,APPROVE - Not a statistical outlier,
influencer_952,3387501,108420,4305,2.43,3.2,2734,6.5,22.900000000000002,0.2,APPROVE - Not a statistical outlier,
influencer_953,1980079,28823,1746,1.87,1.46,757,5.3,15.27,0.2,APPROVE - Not a statistical outlier,
influencer_954,4589334,479258,15023,12.14,10.44,2306,30.0,90.3,4.3,"CAUTION - Top 15% anomaly, monitor 2-4 weeks",
influencer_955,3523905,72898,5491,4.62,2.07,854,4.5,10.66,0.4,APPROVE - Not a statistical outlier,
influencer_956,77077,1529,71,0.32,1.98,1405,14.4,64.98,0.0,APPROVE - Not a statistical outlier,
influencer_957,4328819,132625,5418,3.86,3.06,918,5.3,15.27,0.2,APPROVE - Not a statistical outlier,
influencer_958,1256564,26876,2594,3.99,2.14,2073,7.8,32.06,1.7,APPROVE - Not a statistical outlier,
influencer_959,1909327,74832,6147,-0.67,3.92,1371,5.3,15.27,0.6,APPROVE - Not a statistical outlier,
influencer_960,126885,3625,300,3.27,2.86,2913,16.8,71.58,0.0,APPROVE - Not a statistical outlier,
influencer_961,542656,17606,1230,-0.62,3.24,1326,7.8,32.06,0.0,APPROVE - Not a statistical outlier,
influencer_962,671688,24757,2157,2.57,3.69,146,10.4,48.0,3.2,APPROVE - Not a statistical outlier,
influencer_963,2286166,46127,3723,3.02,2.02,2895,7.5,29.880000000000003,0.0,APPROVE - Not a statistical outlier,
influencer_964,4425507,78719,5345,1.2,1.78,2445,7.4,29.270000000000003,1.2,APPROVE - Not a statistical outlier,
influencer_965,2052531,110879,10743,4.28,5.4,1147,11.6,54.290000000000006,26.9,APPROVE - Not a statistical outlier,
influencer_966,2793427,88513,3126,3.8,3.17,197,11.5,53.73,0.4,APPROVE - Not a statistical outlier,
influencer_967,2921803,89420,8536,4.56,3.06,1768,7.2,27.93,1.4,APPROVE - Not a statistical outlier,
influencer_968,3358679,39567,2062,0.89,1.18,1394,6.9,25.8,0.0,APPROVE - Not a statistical outlier,
influencer_969,4391020,153241,9542,-0.87,3.49,2738,11.3,52.52,0.6,APPROVE - Not a statistical outlier,
influencer_970,2682719,101161,3016,3.87,3.77,724,4.8,12.17,0.4,APPROVE - Not a statistical outlier,
influencer_971,891695,33832,2138,0.34,3.79,954,6.7,24.240000000000002,0.7,APPROVE - Not a statistical outlier,
influencer_972,4195430,374715,25816,39.82,8.93,181,41.2,97.25,41.9,MANUAL REVIEW - Top 5% anomaly,
influencer_973,839761,15849,1581,3.9,1.89,615,11.3,52.52,0.2,APPROVE - Not a statistical outlier,
influencer_974,501315,11335,1111,0.3,2.26,942,13.1,60.69,0.0,APPROVE - Not a statistical outlier,
influencer_975,2415472,122069,11878,0.87,5.05,2351,12.9,59.67,16.9,APPROVE - Not a statistical outlier,
influencer_976,1300445,74591,3570,1.63,5.74,1607,6.5,22.900000000000002,0.2,APPROVE - Not a statistical outlier,
influencer_977,4936730,82920,8234,0.63,1.68,525,19.8,77.71000000000001,0.9,APPROVE - Not a statistical outlier,
influencer_978,499716,17431,983,1.77,3.49,2178,6.9,25.8,0.0,APPROVE - Not a statistical outlier,
influencer_979,3142069,65068,5735,-0.94,2.07,586,7.1,27.279999999999998,1.2,APPROVE - Not a statistical outlier,
influencer_980,3322127,43199,1611,0.27,1.3,1135,8.1,34.22,0.0,APPROVE - Not a statistical outlier,
influencer_981,2560272,67271,4067,4.0,2.63,1582,2.0,1.03,0.0,APPROVE - Not a statistical outlier,
influencer_982,2277106,39130,3806,1.48,1.72,2150,9.5,43.15,0.2,APPROVE - Not a statistical outlier,
influencer_983,2003324,91144,8728,2.82,4.55,186,17.3,73.00999999999999,13.6,APPROVE - Not a statistical outlier,
influencer_984,4328021,158778,11860,0.39,3.67,764,10.5,48.67,0.6,APPROVE - Not a statistical outlier,
influencer_985,3325323,57168,4792,2.9,1.72,2209,6.1,20.380000000000003,0.0,APPROVE - Not a statistical outlier,
influencer_986,3952416,41350,1410,5.0,1.05,1457,12.7,58.809999999999995,0.0,APPROVE - Not a statistical outlier,
influencer_987,495592,24981,1941,2.57,5.04,588,8.3,35.29,0.9,APPROVE - Not a statistical outlier,
influencer_988,3246886,61073,4241,2.77,1.88,2184,4.0,8.24,0.0,APPROVE - Not a statistical outlier,
influencer_989,3855261,155408,4246,-0.33,4.03,2342,12.6,58.4,0.2,APPROVE - Not a statistical outlier,
influencer_990,3579226,565869,16440,19.48,15.81,184,45.5,98.67,25.7,MANUAL REVIEW - Top 5% anomaly,Unsupervised flags anomaly; transfer model does not recognize pattern - review
influencer_991,2030454,79744,2286,4.16,3.93,1026,4.1,8.7,0.2,APPROVE - Not a statistical outlier,
influencer_992,2428540,62614,4880,4.01,2.58,2324,3.4,5.24,0.0,APPROVE - Not a statistical outlier,
influencer_993,1716630,24628,771,2.13,1.43,560,7.7,31.240000000000002,0.0,APPROVE - Not a statistical outlier,
influencer_994,319408,6754,387,4.42,2.11,2935,12.4,57.63,0.0,APPROVE - Not a statistical outlier,
influencer_995,469276,9105,442,-0.14,1.94,2001,12.7,58.809999999999995,0.0,APPROVE - Not a statistical outlier,
influencer_996,2155697,67690,4334,2.95,3.14,2615,2.6,2.31,0.2,APPROVE - Not a statistical outlier,
influencer_997,512411,4571,349,15.98,0.89,758,27.8,88.38000000000001,31.8,"CAUTION - Top 15% anomaly, monitor 2-4 weeks",
influencer_998,2923808,67803,5070,2.87,2.32,1207,2.2,1.4000000000000001,0.7,APPROVE - Not a statistical outlier,
influencer_999,3118172,107718,6596,40.72,3.45,183,28.1,88.53,37.9,"CAUTION - Top 15% anomaly, monitor 2-4 weeks",
influencer_1000,885377,31826,1818,4.66,3.59,121,12.7,58.809999999999995,1.0,APPROVE - Not a statistical outlier,
influencer_1001,4236042,170661,8844,3.72,4.03,2415,6.3,21.55,0.6,APPROVE - Not a statistical outlier,
influencer_1002,1899739,110457,9825,0.21,5.81,1533,19.5,77.2,19.9,APPROVE - Not a statistical outlier,
influencer_1003,1230336,72655,3376,13.41,5.91,1746,17.6,73.71,2.7,APPROVE - Not a statistical outlier,
influencer_1004,1018433,34177,1392,3.55,3.36,2527,4.6,11.16,0.0,APPROVE - Not a statistical outlier,
influencer_1005,4662029,124467,9890,27.49,2.67,2046,19.7,77.55,22.6,APPROVE - Not a statistical outlier,
influencer_1006,2762089,155768,7598,-0.44,5.64,2887,15.9,69.27,0.2,APPROVE - Not a statistical outlier,
influencer_1007,3679086,189174,16601,1.11,5.14,816,12.9,59.67,15.6,APPROVE - Not a statistical outlier,
influencer_1008,1582530,235148,10871,20.31,14.86,302,29.3,89.69,41.2,"CAUTION - Top 15% anomaly, monitor 2-4 weeks",
influencer_1009,2088258,45654,3476,2.39,2.19,2057,1.9,0.84,0.2,APPROVE - Not a statistical outlier,
influencer_1010,4493816,103949,2454,1.54,2.31,2665,13.8,63.29,0.2,APPROVE - Not a statistical outlier,
influencer_1011,4857447,171084,8698,1.77,3.52,206,19.8,77.71000000000001,0.6,APPROVE - Not a statistical outlier,
influencer_1012,2750178,309143,14671,27.91,11.24,2908,23.7,83.63000000000001,25.7,APPROVE - Not a statistical outlier,
influencer_1013,997530,50012,4267,21.65,5.01,672,14.3,64.75,32.3,APPROVE - Not a statistical outlier,
influencer_1014,772253,10340,1006,3.76,1.34,1928,13.2,61.160000000000004,0.7,APPROVE - Not a statistical outlier,
influencer_1015,2602623,120186,6835,2.78,4.62,596,3.3,4.8500000000000005,0.6,APPROVE - Not a statistical outlier,
influencer_1016,1379246,114733,9865,45.48,8.32,695,26.1,86.63,47.9,"CAUTION - Top 15% anomaly, monitor 2-4 weeks",
influencer_1017,4109997,100591,7642,-0.84,2.45,1361,7.0,26.58,0.6,APPROVE - Not a statistical outlier,
influencer_1018,2904540,125494,12221,-0.3,4.32,2945,18.1,74.66000000000001,6.2,APPROVE - Not a statistical outlier,
influencer_1019,3365695,85114,7225,30.91,2.53,1828,15.7,68.76,23.0,APPROVE - Not a statistical outlier,
influencer_1020,3979400,216702,5677,1.22,5.45,1099,13.3,61.56,0.2,APPROVE - Not a statistical outlier,
influencer_1021,4578456,239275,18439,1.01,5.23,2379,16.1,69.86,0.9,APPROVE - Not a statistical outlier,
influencer_1022,2192422,79522,4997,4.33,3.63,2945,7.1,27.279999999999998,0.6,APPROVE - Not a statistical outlier,
influencer_1023,1046482,164950,3515,48.11,15.76,2989,42.3,97.69,8.0,MANUAL REVIEW - Top 5% anomaly,Unsupervised flags anomaly; transfer model does not recognize pattern - review
influencer_1024,1296302,82378,3303,13.22,6.35,437,25.1,85.61999999999999,4.8,"CAUTION - Top 15% anomaly, monitor 2-4 weeks",
influencer_1025,4003640,71462,6698,40.1,1.78,1242,21.8,80.94,26.6,APPROVE - Not a statistical outlier,
influencer_1026,571451,14664,1379,-0.52,2.57,2899,17.3,73.00999999999999,0.0,APPROVE - Not a statistical outlier,
influencer_1027,20816,3119,261,49.47,14.99,1883,41.1,97.16,32.3,MANUAL REVIEW - Top 5% anomaly,
influencer_1028,968344,43683,4304,23.39,4.51,1182,16.3,70.39,36.4,APPROVE - Not a statistical outlier,
influencer_1029,2856059,84043,7103,4.78,2.94,2638,6.6,23.56,1.4,APPROVE - Not a statistical outlier,
influencer_1030,2413149,457287,9519,19.19,18.95,1171,38.1,95.87,9.3,MANUAL REVIEW - Top 5% anomaly,Unsupervised flags anomaly; transfer model does not recognize pattern - review
influencer_1031,3353252,154991,6668,3.57,4.62,2541,5.8,18.7,0.6,APPROVE - Not a statistical outlier,
influencer_1032,3733839,112726,2530,3.24,3.02,173,19.6,77.4,0.4,APPROVE - Not a statistical outlier,
influencer_1033,1039896,21564,593,2.11,2.07,2519,8.4,36.04,0.0,APPROVE - Not a statistical outlier,
influencer_1034,3298606,91696,3439,2.72,2.78,516,5.1,13.919999999999998,0.4,APPROVE - Not a statistical outlier,
influencer_1035,2879604,69701,4201,4.7,2.42,889,3.9,7.84,0.4,APPROVE - Not a statistical outlier,
influencer_1036,3581893,67355,5913,4.56,1.88,1965,6.3,21.55,1.0,APPROVE - Not a statistical outlier,
influencer_1037,4328858,204177,18163,2.93,4.72,177,25.6,86.11,12.6,"CAUTION - Top 15% anomaly, monitor 2-4 weeks",
influencer_1038,3957602,89455,6198,2.95,2.26,1389,3.2,4.42,0.7,APPROVE - Not a statistical outlier,
influencer_1039,4097951,134037,12633,0.48,3.27,1387,10.1,46.379999999999995,1.2,APPROVE - Not a statistical outlier,
influencer_1040,265223,7769,466,3.97,2.93,2888,11.7,54.76,0.0,APPROVE - Not a statistical outlier,
influencer_1041,3320260,196240,17881,2.8,5.91,2743,18.3,74.91,27.6,APPROVE - Not a statistical outlier,
influencer_1042,2695287,79658,4486,3.96,2.96,119,12.0,56.11000000000001,0.4,APPROVE - Not a statistical outlier,
influencer_1043,1667471,23343,984,2.95,1.4,1387,5.3,15.27,0.0,APPROVE - Not a statistical outlier,
influencer_1044,4622056,66979,6250,0.8,1.45,228,21.4,80.36,0.9,APPROVE - Not a statistical outlier,
influencer_1045,589365,102763,5244,39.56,17.44,567,33.8,92.86,40.3,"CAUTION - Top 15% anomaly, monitor 2-4 weeks",
influencer_1046,704662,28164,1697,-0.54,4.0,330,9.8,44.83,0.2,APPROVE - Not a statistical outlier,
influencer_1047,1306585,40423,1871,2.52,3.09,753,2.4,1.76,0.5,APPROVE - Not a statistical outlier,
influencer_1048,4093097,129309,9443,0.7,3.16,1628,6.0,19.939999999999998,0.6,APPROVE - Not a statistical outlier,
influencer_1049,2660440,348802,34741,32.93,13.11,1489,35.9,94.35,32.3,"CAUTION - Top 15% anomaly, monitor 2-4 weeks",
influencer_1050,1600601,57345,1263,-0.65,3.58,97,29.0,89.41,0.0,"CAUTION - Top 15% anomaly, monitor 2-4 weeks",
influencer_1051,3944645,254238,23386,35.5,6.45,2536,30.5,90.66,33.7,"CAUTION - Top 15% anomaly, monitor 2-4 weeks",
influencer_1052,4496013,78578,1596,0.56,1.75,1567,14.7,66.07,0.0,APPROVE - Not a statistical outlier,
influencer_1053,4052774,551205,27085,37.52,13.6,427,35.3,93.96,39.6,"CAUTION - Top 15% anomaly, monitor 2-4 weeks",
influencer_1054,1235816,19993,669,-0.67,1.62,649,8.2,34.74,0.0,APPROVE - Not a statistical outlier,
influencer_1055,1626351,70535,5684,16.12,4.34,1614,16.7,71.39,12.3,APPROVE - Not a statistical outlier,
influencer_1056,1965956,79592,1914,-0.3,4.05,1193,12.3,57.16,0.0,APPROVE - Not a statistical outlier,
influencer_1057,3449678,68386,4395,-0.91,1.98,759,5.2,14.57,0.2,APPROVE - Not a statistical outlier,
influencer_1058,1128199,25465,1110,4.68,2.26,585,5.4,16.0,0.0,APPROVE - Not a statistical outlier,
influencer_1059,3512049,65600,2013,0.16,1.87,1982,11.2,52.04,0.0,APPROVE - Not a statistical outlier,
influencer_1060,4064186,235282,19233,3.97,5.79,2858,16.6,71.17,18.2,APPROVE - Not a statistical outlier,
influencer_1061,2281827,263268,9844,31.27,11.54,1781,21.0,79.64,14.0,APPROVE - Not a statistical outlier,
influencer_1062,1786910,118458,4488,31.69,6.63,2971,20.6,79.03999999999999,12.0,APPROVE - Not a statistical outlier,
influencer_1063,4847769,127875,5371,2.16,2.64,2687,10.4,48.0,0.9,APPROVE - Not a statistical outlier,
influencer_1064,3096900,63469,4248,1.2,2.05,2825,6.3,21.55,0.2,APPROVE - Not a statistical outlier,
influencer_1065,4044064,139899,10180,1.55,3.46,2359,5.5,16.68,0.9,APPROVE - Not a statistical outlier,
influencer_1066,2603967,28592,612,1.89,1.1,2738,17.2,72.64,0.0,APPROVE - Not a statistical outlier,
influencer_1067,3439550,149855,5896,-0.09,4.36,1025,13.1,60.69,0.2,APPROVE - Not a statistical outlier,
influencer_1068,77218,2792,152,1.19,3.62,1989,12.2,56.76,0.0,APPROVE - Not a statistical outlier,
influencer_1069,771044,42354,1971,3.9,5.49,1631,5.7,18.01,0.0,APPROVE - Not a statistical outlier,
influencer_1070,2547741,46418,4211,0.09,1.82,2823,14.5,65.25999999999999,0.2,APPROVE - Not a statistical outlier,
influencer_1071,4673750,234647,19479,3.38,5.02,1510,14.3,64.75,9.9,APPROVE - Not a statistical outlier,
influencer_1072,4657356,230995,16186,2.91,4.96,2164,10.1,46.379999999999995,0.6,APPROVE - Not a statistical outlier,
influencer_1073,3481130,56948,2679,-0.66,1.64,1132,6.5,22.900000000000002,0.2,APPROVE - Not a statistical outlier,
influencer_1074,3186714,95371,7253,-0.87,2.99,2868,10.3,47.46,0.9,APPROVE - Not a statistical outlier,
influencer_1075,1729096,67353,5892,28.4,3.9,2381,15.4,67.97,23.9,APPROVE - Not a statistical outlier,
influencer_1076,348739,7928,535,3.15,2.27,1433,5.7,18.01,0.0,APPROVE - Not a statistical outlier,
influencer_1077,473327,10963,907,0.98,2.32,2207,8.0,33.550000000000004,0.0,APPROVE - Not a statistical outlier,
influencer_1078,2695946,101938,8147,3.01,3.78,2673,5.3,15.27,0.9,APPROVE - Not a statistical outlier,
influencer_1079,4230215,129319,8501,2.99,3.06,1329,4.0,8.24,0.2,APPROVE - Not a statistical outlier,
influencer_1080,1923135,338443,15221,28.47,17.6,1752,29.4,89.75999999999999,31.7,"CAUTION - Top 15% anomaly, monitor 2-4 weeks",
influencer_1081,979039,15976,1272,-0.4,1.63,2635,11.5,53.73,0.0,APPROVE - Not a statistical outlier,
influencer_1082,900885,52868,1931,2.46,5.87,928,8.0,33.550000000000004,0.0,APPROVE - Not a statistical outlier,
influencer_1083,609746,13129,1081,-0.63,2.15,1236,7.6,30.54,0.0,APPROVE - Not a statistical outlier,
influencer_1084,3003819,475628,40125,40.13,15.83,1565,37.5,95.46,31.7,MANUAL REVIEW - Top 5% anomaly,
influencer_1085,4512219,630496,54078,31.59,13.97,107,61.9,99.86,41.0,"REJECT - Top 1% anomaly, escalate for manual audit",
influencer_1086,500876,8592,496,3.24,1.72,2861,11.6,54.290000000000006,0.0,APPROVE - Not a statistical outlier,
influencer_1087,1963165,103840,3675,4.84,5.29,2751,8.1,34.22,0.6,APPROVE - Not a statistical outlier,
influencer_1088,612213,15576,435,1.06,2.54,1562,8.0,33.550000000000004,0.0,APPROVE - Not a statistical outlier,
influencer_1089,769734,43816,3482,41.66,5.69,267,22.4,81.78999999999999,46.3,APPROVE - Not a statistical outlier,
influencer_1090,4242361,162576,14778,0.55,3.83,1187,10.8,50.519999999999996,0.6,APPROVE - Not a statistical outlier,
influencer_1091,1840433,83341,6006,35.09,4.53,2026,13.0,60.160000000000004,22.9,APPROVE - Not a statistical outlier,
influencer_1092,3673214,127794,4029,1.2,3.48,1245,5.4,16.0,0.2,APPROVE - Not a statistical outlier,
influencer_1093,2027580,94509,8958,1.89,4.66,307,13.1,60.69,15.4,APPROVE - Not a statistical outlier,
influencer_1094,4904058,70562,6994,2.41,1.44,553,19.0,76.35,0.7,APPROVE - Not a statistical outlier,
influencer_1095,4340235,188405,10300,3.12,4.34,209,14.6,65.66,1.0,APPROVE - Not a statistical outlier,
influencer_1096,1493252,81816,5529,-0.64,5.48,152,20.2,78.42,1.8,APPROVE - Not a statistical outlier,
influencer_1097,3527737,45470,3736,2.33,1.29,1299,6.6,23.56,0.0,APPROVE - Not a statistical outlier,
influencer_1098,402921,6862,541,1.59,1.7,1787,7.8,32.06,0.0,APPROVE - Not a statistical outlier,
influencer_1099,2009960,92119,8974,-0.2,4.58,1124,14.8,66.38,12.6,APPROVE - Not a statistical outlier,
influencer_1100,4456214,141993,4144,0.25,3.19,509,15.7,68.76,0.2,APPROVE - Not a statistical outlier,
influencer_1101,88955,2684,178,4.3,3.02,1827,10.6,49.38,0.0,APPROVE - Not a statistical outlier,
influencer_1102,3817446,736811,55522,22.56,19.3,2161,44.7,98.52,31.7,MANUAL REVIEW - Top 5% anomaly,
influencer_1103,3377513,394140,35948,35.52,11.67,2642,34.3,93.24,32.3,"CAUTION - Top 15% anomaly, monitor 2-4 weeks",
influencer_1104,1938878,352531,31702,29.07,18.18,2696,41.6,97.41,31.7,MANUAL REVIEW - Top 5% anomaly,
influencer_1105,4403294,712867,70032,21.65,16.19,2434,46.7,98.86,31.7,MANUAL REVIEW - Top 5% anomaly,
influencer_1106,2086259,100517,6128,4.64,4.82,845,2.4,1.76,1.2,APPROVE - Not a statistical outlier,
influencer_1107,2476539,56745,4906,4.45,2.29,2724,7.8,32.06,0.0,APPROVE - Not a statistical outlier,
influencer_1108,4734188,161148,8731,2.48,3.4,472,11.4,53.1,0.6,APPROVE - Not a statistical outlier,
influencer_1109,1706215,101691,5469,-0.17,5.96,2600,21.0,79.64,0.2,APPROVE - Not a statistical outlier,
influencer_1110,2490569,110413,4446,1.76,4.43,172,12.0,56.11000000000001,0.4,APPROVE - Not a statistical outlier,
influencer_1111,3267402,85977,7347,31.98,2.63,221,25.9,86.44,38.3,"CAUTION - Top 15% anomaly, monitor 2-4 weeks",
influencer_1112,1984851,61019,6032,4.71,3.07,1440,7.3,28.63,1.7,APPROVE - Not a statistical outlier,
influencer_1113,4109880,198889,8056,1.18,4.84,407,13.3,61.56,0.2,APPROVE - Not a statistical outlier,
influencer_1114,4738655,56984,1395,3.71,1.2,2658,20.5,78.92,0.0,APPROVE - Not a statistical outlier,
influencer_1115,4262946,68827,5867,3.1,1.61,564,10.8,50.519999999999996,0.7,APPROVE - Not a statistical outlier,
influencer_1116,91093,1835,127,-0.53,2.02,1746,13.2,61.160000000000004,0.0,APPROVE - Not a statistical outlier,
influencer_1117,1557182,46867,4535,2.35,3.01,1062,4.8,12.17,0.6,APPROVE - Not a statistical outlier,
influencer_1118,4412519,278820,11202,11.66,6.32,1440,19.6,77.4,4.0,APPROVE - Not a statistical outlier,
influencer_1119,2004679,54754,1406,3.1,2.73,2170,4.8,12.17,0.0,APPROVE - Not a statistical outlier,
influencer_1120,1733465,74072,4399,2.66,4.27,2019,2.0,1.03,0.2,APPROVE - Not a statistical outlier,
influencer_1121,4231258,218316,5859,25.85,5.16,2606,23.6,83.49,9.3,APPROVE - Not a statistical outlier,
influencer_1122,3174584,166794,6829,34.27,5.25,1207,13.9,63.580000000000005,17.9,APPROVE - Not a statistical outlier,
influencer_1123,4722165,463618,13944,32.07,9.82,434,33.4,92.58999999999999,11.7,"CAUTION - Top 15% anomaly, monitor 2-4 weeks",
influencer_1124,2657807,347867,13194,27.55,13.09,2917,26.7,87.37,20.7,"CAUTION - Top 15% anomaly, monitor 2-4 weeks",
influencer_1125,2860244,77550,2209,3.61,2.71,1202,4.2,9.19,0.0,APPROVE - Not a statistical outlier,
influencer_1126,887040,12590,1212,3.11,1.42,918,10.5,48.67,0.0,APPROVE - Not a statistical outlier,
influencer_1127,323918,19318,816,3.81,5.96,451,10.1,46.379999999999995,0.1,APPROVE - Not a statistical outlier,
influencer_1128,2939613,48089,2669,0.6,1.64,1671,5.3,15.27,0.2,APPROVE - Not a statistical outlier,
influencer_1129,2246909,30597,2811,4.1,1.36,501,9.4,42.6,2.0,APPROVE - Not a statistical outlier,
influencer_1130,4063442,219127,16256,1.65,5.39,2970,13.6,62.64999999999999,1.2,APPROVE - Not a statistical outlier,
influencer_1131,117739,2954,205,0.57,2.51,576,11.9,55.67999999999999,0.0,APPROVE - Not a statistical outlier,
influencer_1132,1287585,54741,4184,-0.94,4.25,660,6.3,21.55,0.8,APPROVE - Not a statistical outlier,
influencer_1133,781316,20666,1783,4.23,2.65,1067,5.9,19.36,0.0,APPROVE - Not a statistical outlier,
influencer_1134,3535550,104555,9432,2.21,2.96,2855,10.3,47.46,1.2,APPROVE - Not a statistical outlier,
influencer_1135,3490866,80658,5759,4.85,2.31,1859,4.6,11.16,0.7,APPROVE - Not a statistical outlier,
influencer_1136,1367853,37140,3387,3.29,2.72,393,6.4,22.189999999999998,2.2,APPROVE - Not a statistical outlier,
influencer_1137,1015929,28689,1802,17.83,2.82,2196,25.0,85.50999999999999,14.0,"CAUTION - Top 15% anomaly, monitor 2-4 weeks",
influencer_1138,1567847,72153,3043,2.53,4.6,575,3.1,4.06,0.9,APPROVE - Not a statistical outlier,
influencer_1139,2421564,86151,7788,-0.9,3.56,2599,9.7,44.29,0.9,APPROVE - Not a statistical outlier,
influencer_1140,2583569,147723,9353,2.35,5.72,663,7.7,31.240000000000002,0.4,APPROVE - Not a statistical outlier,
influencer_1141,1481035,185554,17162,22.32,12.53,1966,29.9,90.25,31.3,"CAUTION - Top 15% anomaly, monitor 2-4 weeks",
influencer_1142,189456,6660,154,2.86,3.52,1710,11.9,55.67999999999999,0.0,APPROVE - Not a statistical outlier,
influencer_1143,2654093,104070,5390,2.25,3.92,992,1.7,0.49,0.6,APPROVE - Not a statistical outlier,
influencer_1144,3304457,185082,17735,0.57,5.6,912,20.7,79.17,31.2,APPROVE - Not a statistical outlier,
influencer_1145,4086412,50908,2034,-0.03,1.25,2857,14.5,65.25999999999999,0.0,APPROVE - Not a statistical outlier,
influencer_1146,4423808,117225,11174,21.93,2.65,900,28.4,88.79,38.3,"CAUTION - Top 15% anomaly, monitor 2-4 weeks",
influencer_1147,4768348,251203,24193,4.92,5.27,545,28.7,89.05,26.0,"CAUTION - Top 15% anomaly, monitor 2-4 weeks",
influencer_1148,717756,15859,1436,1.61,2.21,1450,5.6,17.31,0.0,APPROVE - Not a statistical outlier,
influencer_1149,52226,1727,112,48.46,3.31,895,25.0,85.50999999999999,35.4,"CAUTION - Top 15% anomaly, monitor 2-4 weeks",
influencer_1150,3752198,322050,23108,31.46,8.58,2183,24.6,84.93,31.0,APPROVE - Not a statistical outlier,
influencer_1151,3622509,168891,15127,1.27,4.66,1138,8.7,38.05,10.9,APPROVE - Not a statistical outlier,
influencer_1152,3139145,439788,36094,28.58,14.01,243,38.8,96.22,40.6,MANUAL REVIEW - Top 5% anomaly,
influencer_1153,3898611,167094,11764,3.51,4.29,2927,9.1,40.52,0.9,APPROVE - Not a statistical outlier,
influencer_1154,1227476,39219,3866,2.17,3.2,2274,7.8,32.06,0.6,APPROVE - Not a statistical outlier,
influencer_1155,4185056,51242,3835,2.09,1.22,48,41.9,97.55,7.0,MANUAL REVIEW - Top 5% anomaly,Unsupervised flags anomaly; transfer model does not recognize pattern - review
influencer_1156,573212,32103,3147,3.58,5.6,671,17.9,74.22,39.0,APPROVE - Not a statistical outlier,
influencer_1157,4419441,148116,3642,0.88,3.35,1134,11.2,52.04,0.2,APPROVE - Not a statistical outlier,
influencer_1158,1501844,295888,9207,23.9,19.7,359,39.7,96.61,37.5,MANUAL REVIEW - Top 5% anomaly,
influencer_1159,930168,18746,1051,15.46,2.02,895,18.7,75.73,26.9,APPROVE - Not a statistical outlier,
influencer_1160,3444609,117433,5964,-0.05,3.41,803,8.9,39.31,0.2,APPROVE - Not a statistical outlier,
influencer_1161,364476,63426,5240,30.55,17.4,421,37.2,95.3,41.6,MANUAL REVIEW - Top 5% anomaly,
influencer_1162,1401283,29025,953,2.47,2.07,666,4.9,12.86,0.0,APPROVE - Not a statistical outlier,
influencer_1163,692757,9161,898,1.68,1.32,2384,13.6,62.64999999999999,0.0,APPROVE - Not a statistical outlier,
influencer_1164,391719,15165,685,4.47,3.87,2972,12.3,57.16,0.0,APPROVE - Not a statistical outlier,
influencer_1165,1528937,62841,3413,4.4,4.11,2729,5.2,14.57,0.2,APPROVE - Not a statistical outlier,
influencer_1166,1150947,72079,3025,25.9,6.26,2918,19.8,77.71000000000001,11.0,APPROVE - Not a statistical outlier,
influencer_1167,3338920,200756,13319,32.58,6.01,1055,14.2,64.45,26.4,APPROVE - Not a statistical outlier,
influencer_1168,3297050,174909,4318,-0.62,5.31,2597,16.5,70.91,0.2,APPROVE - Not a statistical outlier,
influencer_1169,2119324,86428,2763,4.31,4.08,1704,3.8,7.33,0.2,APPROVE - Not a statistical outlier,
influencer_1170,2679932,28508,2271,0.86,1.06,2713,10.9,50.92,1.4,APPROVE - Not a statistical outlier,
influencer_1171,4903666,219495,7664,2.39,4.48,769,12.5,58.040000000000006,0.4,APPROVE - Not a statistical outlier,
influencer_1172,877031,140282,5448,39.43,16.0,1575,29.0,89.41,30.3,"CAUTION - Top 15% anomaly, monitor 2-4 weeks",
influencer_1173,1271896,48685,4062,4.91,3.83,498,5.3,15.27,1.2,APPROVE - Not a statistical outlier,
influencer_1174,3564706,151336,4156,-0.57,4.25,2289,10.8,50.519999999999996,0.2,APPROVE - Not a statistical outlier,
influencer_1175,1060622,29179,1604,1.68,2.75,1165,2.5,2.02,0.0,APPROVE - Not a statistical outlier,
influencer_1176,4423375,247067,5397,2.73,5.59,1061,16.0,69.55,0.2,APPROVE - Not a statistical outlier,
influencer_1177,379165,6331,302,2.69,1.67,2881,13.0,60.160000000000004,0.0,APPROVE - Not a statistical outlier,
influencer_1178,709662,30923,2347,3.43,4.36,2554,5.9,19.36,2.6,APPROVE - Not a statistical outlier,
influencer_1179,4132479,42225,1148,3.35,1.02,903,14.9,66.64999999999999,0.8,APPROVE - Not a statistical outlier,
influencer_1180,1013117,56970,5188,3.76,5.62,489,12.3,57.16,26.5,APPROVE - Not a statistical outlier,
influencer_1181,646188,9213,854,49.61,1.43,2330,28.8,89.18,24.5,"CAUTION - Top 15% anomaly, monitor 2-4 weeks",
influencer_1182,416008,6133,174,1.22,1.47,1579,11.4,53.1,0.0,APPROVE - Not a statistical outlier,
influencer_1183,1632993,43519,4319,1.29,2.67,781,7.6,30.54,0.9,APPROVE - Not a statistical outlier,
influencer_1184,3352278,451796,19789,15.64,13.48,1491,26.5,87.2,29.3,"CAUTION - Top 15% anomaly, monitor 2-4 weeks",
influencer_1185,2343035,48535,1297,1.46,2.07,1807,6.8,25.019999999999996,0.0,APPROVE - Not a statistical outlier,
influencer_1186,2769362,270389,5517,32.9,9.76,883,25.5,85.98,10.0,"CAUTION - Top 15% anomaly, monitor 2-4 weeks",
influencer_1187,3027768,97329,5127,2.79,3.21,2313,3.2,4.42,0.9,APPROVE - Not a statistical outlier,
influencer_1188,1171365,13715,965,1.56,1.17,1359,6.8,25.019999999999996,0.0,APPROVE - Not a statistical outlier,
influencer_1189,680418,17679,823,0.5,2.6,507,8.8,38.690000000000005,0.0,APPROVE - Not a statistical outlier,
influencer_1190,4896084,247358,21504,3.29,5.05,2756,19.5,77.2,9.6,APPROVE - Not a statistical outlier,
influencer_1191,1612754,71743,5547,0.15,4.45,2293,10.2,46.94,0.6,APPROVE - Not a statistical outlier,
influencer_1192,1115593,51588,2476,2.8,4.62,2932,9.1,40.52,0.6,APPROVE - Not a statistical outlier,
influencer_1193,1227952,55142,4342,1.58,4.49,164,10.5,48.67,1.2,APPROVE - Not a statistical outlier,
influencer_1194,4852188,123966,11806,0.92,2.55,2982,19.9,77.86999999999999,0.9,APPROVE - Not a statistical outlier,
influencer_1195,2722864,40797,1119,4.68,1.5,1182,10.1,46.379999999999995,0.0,APPROVE - Not a statistical outlier,
influencer_1196,3948208,604531,26894,41.59,15.31,439,38.0,95.8,39.6,MANUAL REVIEW - Top 5% anomaly,
influencer_1197,2939496,494223,28203,14.29,16.81,1475,33.1,92.30000000000001,30.3,"CAUTION - Top 15% anomaly, monitor 2-4 weeks",
influencer_1198,3876754,229283,13720,21.84,5.91,1347,13.1,60.69,12.0,APPROVE - Not a statistical outlier,
influencer_1199,2705999,93877,5949,-0.23,3.47,1299,6.8,25.019999999999996,0.9,APPROVE - Not a statistical outlier,
influencer_1200,2995200,31404,1383,-0.35,1.05,1609,8.7,38.05,0.0,APPROVE - Not a statistical outlier,
influencer_1201,1325070,22529,1653,0.7,1.7,115,14.6,65.66,0.1,APPROVE - Not a statistical outlier,
influencer_1202,3191914,83321,5966,2.55,2.61,2633,4.9,12.86,1.2,APPROVE - Not a statistical outlier,
influencer_1203,2525388,98311,6510,1.31,3.89,1895,2.6,2.31,0.2,APPROVE - Not a statistical outlier,
influencer_1204,1659987,22832,664,2.65,1.38,1499,7.3,28.63,0.0,APPROVE - Not a statistical outlier,
influencer_1205,3877274,221655,12890,-0.04,5.72,407,28.8,89.18,0.9,"CAUTION - Top 15% anomaly, monitor 2-4 weeks",
influencer_1206,2838981,80213,3890,0.57,2.83,1710,4.4,10.09,0.2,APPROVE - Not a statistical outlier,
influencer_1207,1662793,92499,5483,2.39,5.56,1104,4.6,11.16,1.1,APPROVE - Not a statistical outlier,
influencer_1208,617036,30250,2835,0.3,4.9,271,22.0,81.22,25.1,APPROVE - Not a statistical outlier,
influencer_1209,3392418,162062,9471,1.54,4.78,949,6.0,19.939999999999998,0.2,APPROVE - Not a statistical outlier,
influencer_1210,4988696,516986,10917,13.51,10.36,1616,35.2,93.89999999999999,2.7,"CAUTION - Top 15% anomaly, monitor 2-4 weeks",
influencer_1211,429988,17775,979,4.84,4.13,2343,7.2,27.93,0.0,APPROVE - Not a statistical outlier,
influencer_1212,4085752,171193,14662,-0.52,4.19,2789,13.8,63.29,0.6,APPROVE - Not a statistical outlier,
influencer_1213,4375857,181318,14941,1.76,4.14,1301,7.3,28.63,0.6,APPROVE - Not a statistical outlier,
influencer_1214,4756000,179236,10946,1.38,3.77,99,23.1,82.84,1.0,APPROVE - Not a statistical outlier,
influencer_1215,2978590,176692,7064,3.95,5.93,2134,6.8,25.019999999999996,0.2,APPROVE - Not a statistical outlier,
influencer_1216,3298291,153748,8795,4.4,4.66,1435,2.8,2.96,0.2,APPROVE - Not a statistical outlier,
influencer_1217,3803429,185787,12094,4.44,4.88,2116,5.1,13.919999999999998,0.9,APPROVE - Not a statistical outlier,
influencer_1218,4895287,262500,26247,1.25,5.36,2037,34.7,93.56,24.9,"CAUTION - Top 15% anomaly, monitor 2-4 weeks",
influencer_1219,2491706,51782,3704,0.83,2.08,830,3.0,3.74,0.2,APPROVE - Not a statistical outlier,
influencer_1220,1192902,16927,1278,1.69,1.42,1071,5.9,19.36,0.0,APPROVE - Not a statistical outlier,
influencer_1221,2493118,372887,22118,49.8,14.96,2809,37.2,95.3,31.7,MANUAL REVIEW - Top 5% anomaly,
influencer_1222,3738973,133496,6455,3.31,3.57,854,2.8,2.96,0.5,APPROVE - Not a statistical outlier,
influencer_1223,2203575,113393,9642,0.28,5.15,785,14.0,63.849999999999994,10.2,APPROVE - Not a statistical outlier,
influencer_1224,465071,86103,5131,27.73,18.51,2429,37.0,95.16,32.0,MANUAL REVIEW - Top 5% anomaly,
influencer_1225,4382137,168899,16818,4.56,3.85,2025,14.4,64.98,0.9,APPROVE - Not a statistical outlier,
influencer_1226,4913216,178612,10104,0.68,3.64,1869,12.2,56.76,0.6,APPROVE - Not a statistical outlier,
influencer_1227,776435,9247,235,3.06,1.19,1351,12.7,58.809999999999995,0.0,APPROVE - Not a statistical outlier,
influencer_1228,2175606,88679,6616,-0.14,4.08,2360,10.0,45.910000000000004,0.6,APPROVE - Not a statistical outlier,
influencer_1229,3499472,103221,2449,11.62,2.95,1639,16.4,70.67999999999999,2.7,APPROVE - Not a statistical outlier,
influencer_1230,3007316,53755,2152,-0.31,1.79,139,18.6,75.48,0.1,APPROVE - Not a statistical outlier,
influencer_1231,1565718,59190,2858,35.36,3.78,1046,12.9,59.67,34.4,APPROVE - Not a statistical outlier,
influencer_1232,2135793,84749,6708,0.3,3.97,1991,7.2,27.93,0.6,APPROVE - Not a statistical outlier,
influencer_1233,1603575,29199,1738,2.38,1.82,2621,5.6,17.31,0.1,APPROVE - Not a statistical outlier,
influencer_1234,3814270,61688,1375,3.6,1.62,1799,12.1,56.44,0.1,APPROVE - Not a statistical outlier,
influencer_1235,4807425,283650,19670,-0.24,5.9,54,60.2,99.76,11.9,"REJECT - Top 1% anomaly, escalate for manual audit",Unsupervised flags anomaly; transfer model does not recognize pattern - review
influencer_1236,2379837,70647,3738,4.22,2.97,872,1.9,0.84,0.3,APPROVE - Not a statistical outlier,
influencer_1237,1525102,272919,25585,25.5,17.9,2868,43.6,98.11,32.0,MANUAL REVIEW - Top 5% anomaly,
influencer_1238,3191541,59254,3553,3.36,1.86,767,5.3,15.27,0.0,APPROVE - Not a statistical outlier,
influencer_1239,665180,130431,10006,38.18,19.61,2134,39.0,96.34,32.3,MANUAL REVIEW - Top 5% anomaly,
influencer_1240,2384366,96500,3619,-0.99,4.05,209,13.6,62.64999999999999,0.2,APPROVE - Not a statistical outlier,
influencer_1241,2036848,76400,6179,33.85,3.75,261,21.3,80.19,41.0,APPROVE - Not a statistical outlier,
influencer_1242,2440855,35149,2730,4.27,1.44,1947,6.1,20.380000000000003,0.7,APPROVE - Not a statistical outlier,
influencer_1243,205615,11242,1037,1.01,5.47,372,21.9,81.08,21.7,APPROVE - Not a statistical outlier,
influencer_1244,1526233,131926,2995,43.37,8.64,506,26.2,86.83,16.8,"CAUTION - Top 15% anomaly, monitor 2-4 weeks",
influencer_1245,3897022,100030,5581,-0.63,2.57,1852,6.6,23.56,0.6,APPROVE - Not a statistical outlier,
influencer_1246,1804740,59769,4442,3.26,3.31,2653,4.2,9.19,0.2,APPROVE - Not a statistical outlier,
influencer_1247,3969222,117105,3233,-0.59,2.95,484,12.5,58.040000000000006,0.2,APPROVE - Not a statistical outlier,
influencer_1248,3069893,163253,8627,2.52,5.32,1285,4.4,10.09,0.2,APPROVE - Not a statistical outlier,
influencer_1249,839003,36047,3437,13.76,4.3,318,22.5,81.97,22.7,APPROVE - Not a statistical outlier,
influencer_1250,3434382,86452,4744,0.81,2.52,1266,4.5,10.66,0.2,APPROVE - Not a statistical outlier,
influencer_1251,282570,15031,1485,-0.53,5.32,2335,22.9,82.56,20.7,APPROVE - Not a statistical outlier,
influencer_1252,3183993,156258,3835,4.7,4.91,559,9.9,45.440000000000005,0.7,APPROVE - Not a statistical outlier,
influencer_1253,4082082,230802,17870,2.21,5.65,2764,15.1,67.17,8.6,APPROVE - Not a statistical outlier,
influencer_1254,3396049,75689,5031,2.48,2.23,2306,2.9,3.34,0.9,APPROVE - Not a statistical outlier,
influencer_1255,67150,2608,156,2.69,3.88,625,10.9,50.92,0.1,APPROVE - Not a statistical outlier,
influencer_1256,2435206,57780,5643,4.35,2.37,464,9.2,41.25,2.3,APPROVE - Not a statistical outlier,
influencer_1257,560723,28711,872,-0.64,5.12,911,13.5,62.239999999999995,0.0,APPROVE - Not a statistical outlier,
influencer_1258,2548500,26163,2398,4.36,1.03,1811,11.7,54.76,1.0,APPROVE - Not a statistical outlier,
influencer_1259,3356745,128365,9665,0.44,3.82,431,10.8,50.519999999999996,0.2,APPROVE - Not a statistical outlier,
influencer_1260,1000554,26975,1098,-0.53,2.7,2699,9.6,43.75,0.0,APPROVE - Not a statistical outlier,
influencer_1261,4194060,109608,10098,2.94,2.61,2165,7.4,29.270000000000003,0.6,APPROVE - Not a statistical outlier,
influencer_1262,4159634,175725,9549,4.86,4.22,2661,8.9,39.31,0.6,APPROVE - Not a statistical outlier,
influencer_1263,135055,7100,604,-0.66,5.26,1595,17.6,73.71,8.7,APPROVE - Not a statistical outlier,
influencer_1264,677022,27392,1399,1.56,4.05,338,5.9,19.36,0.2,APPROVE - Not a statistical outlier,
influencer_1265,810942,42703,3761,2.18,5.27,2983,15.5,68.24,19.2,APPROVE - Not a statistical outlier,
influencer_1266,3880275,90138,6393,0.51,2.32,372,10.0,45.910000000000004,0.6,APPROVE - Not a statistical outlier,
influencer_1267,697358,25087,784,4.9,3.6,465,6.9,25.8,0.1,APPROVE - Not a statistical outlier,
influencer_1268,3596790,116992,8420,2.85,3.25,206,10.6,49.38,0.6,APPROVE - Not a statistical outlier,
influencer_1269,1842648,19499,688,4.07,1.06,168,18.2,74.79,0.5,APPROVE - Not a statistical outlier,
influencer_1270,1689472,63930,3385,1.49,3.78,223,7.4,29.270000000000003,0.6,APPROVE - Not a statistical outlier,
influencer_1271,3829433,164957,5546,1.12,4.31,1214,6.9,25.8,0.2,APPROVE - Not a statistical outlier,
influencer_1272,2736264,527624,11481,24.77,19.28,972,39.5,96.55,17.6,MANUAL REVIEW - Top 5% anomaly,Unsupervised flags anomaly; transfer model does not recognize pattern - review
influencer_1273,4449748,208310,7697,1.61,4.68,554,13.0,60.160000000000004,0.4,APPROVE - Not a statistical outlier,
influencer_1274,2701713,104196,6554,3.29,3.86,1654,1.7,0.49,0.6,APPROVE - Not a statistical outlier,
influencer_1275,2309989,30809,1803,0.59,1.33,2992,12.3,57.16,0.0,APPROVE - Not a statistical outlier,
influencer_1276,4138270,65476,3936,1.7,1.58,2287,6.5,22.900000000000002,0.0,APPROVE - Not a statistical outlier,
influencer_1277,4318922,171995,6847,4.37,3.98,770,6.3,21.55,0.4,APPROVE - Not a statistical outlier,
influencer_1278,4116625,631099,47214,46.79,15.33,891,39.8,96.67,42.3,MANUAL REVIEW - Top 5% anomaly,
influencer_1279,460297,6435,491,0.01,1.4,983,11.3,52.52,0.0,APPROVE - Not a statistical outlier,
influencer_1280,1021154,32146,1563,4.32,3.15,1332,2.1,1.2,0.1,APPROVE - Not a statistical outlier,
influencer_1281,4946169,186550,16881,2.53,3.77,1304,12.6,58.4,0.6,APPROVE - Not a statistical outlier,
influencer_1282,4078151,107815,7711,3.08,2.64,1773,3.3,4.8500000000000005,0.6,APPROVE - Not a statistical outlier,
influencer_1283,4735963,217956,16792,0.77,4.6,2910,16.7,71.39,0.6,APPROVE - Not a statistical outlier,
influencer_1284,2804696,118326,4991,1.65,4.22,2217,3.8,7.33,0.2,APPROVE - Not a statistical outlier,
influencer_1285,2094373,55796,1118,3.84,2.66,821,8.7,38.05,0.2,APPROVE - Not a statistical outlier,
influencer_1286,2373280,113308,10110,0.98,4.77,575,10.5,48.67,7.9,APPROVE - Not a statistical outlier,
influencer_1287,2917623,123808,10621,-0.01,4.24,1874,12.6,58.4,0.2,APPROVE - Not a statistical outlier,
influencer_1288,2707871,113384,3385,1.27,4.19,1046,5.2,14.57,0.6,APPROVE - Not a statistical outlier,
influencer_1289,871123,32816,1638,-0.58,3.77,1957,7.5,29.880000000000003,0.0,APPROVE - Not a statistical outlier,
influencer_1290,2987249,31573,2301,3.31,1.06,1583,7.7,31.240000000000002,1.3,APPROVE - Not a statistical outlier,
influencer_1291,1860582,83401,6018,-0.11,4.48,86,33.0,92.23,1.2,"CAUTION - Top 15% anomaly, monitor 2-4 weeks",
influencer_1292,4445499,128039,11373,0.71,2.88,2189,10.5,48.67,0.9,APPROVE - Not a statistical outlier,
influencer_1293,2130885,121738,3800,4.29,5.71,34,25.7,86.24000000000001,6.7,"CAUTION - Top 15% anomaly, monitor 2-4 weeks",
influencer_1294,4721642,240327,13072,2.24,5.09,1467,10.8,50.519999999999996,0.6,APPROVE - Not a statistical outlier,
influencer_1295,2208148,47384,1316,36.34,2.15,1392,17.5,73.49,24.6,APPROVE - Not a statistical outlier,
influencer_1296,4753525,107472,5499,2.29,2.26,1850,8.4,36.04,0.6,APPROVE - Not a statistical outlier,
influencer_1297,550239,11107,235,0.31,2.02,1312,14.0,63.849999999999994,0.0,APPROVE - Not a statistical outlier,
influencer_1298,557701,15068,1384,-0.85,2.7,2167,10.9,50.92,0.0,APPROVE - Not a statistical outlier,
influencer_1299,3048569,103128,6410,2.62,3.38,2693,4.6,11.16,0.9,APPROVE - Not a statistical outlier,
influencer_1300,4629120,114817,10102,3.28,2.48,2968,14.7,66.07,0.7,APPROVE - Not a statistical outlier,
influencer_1301,1271464,45450,1126,4.28,3.57,2775,9.4,42.6,0.3,APPROVE - Not a statistical outlier,
influencer_1302,786332,144073,5503,20.09,18.32,1303,33.2,92.38,33.3,"CAUTION - Top 15% anomaly, monitor 2-4 weeks",
influencer_1303,768950,45280,1845,4.56,5.89,2975,13.8,63.29,0.0,APPROVE - Not a statistical outlier,
influencer_1304,167472,2578,131,4.92,1.54,1161,12.3,57.16,0.0,APPROVE - Not a statistical outlier,
influencer_1305,398710,22565,1900,3.47,5.66,697,12.2,56.76,23.9,APPROVE - Not a statistical outlier,
influencer_1306,4318048,67196,3421,38.95,1.56,2671,23.5,83.35000000000001,22.0,APPROVE - Not a statistical outlier,
influencer_1307,3189729,115685,4207,3.04,3.63,2666,5.5,16.68,0.2,APPROVE - Not a statistical outlier,
influencer_1308,4786956,625859,15771,31.44,13.07,2562,35.7,94.17,6.3,"CAUTION - Top 15% anomaly, monitor 2-4 weeks",
influencer_1309,2851171,90674,2390,0.09,3.18,1311,11.8,55.21,0.2,APPROVE - Not a statistical outlier,
influencer_1310,911775,144327,11662,28.63,15.83,2716,34.1,93.14,32.7,"CAUTION - Top 15% anomaly, monitor 2-4 weeks",
influencer_1311,2597874,70217,3902,4.66,2.7,1026,2.7,2.62,0.4,APPROVE - Not a statistical outlier,
influencer_1312,559924,43833,3423,31.9,7.83,1956,20.9,79.47,31.3,APPROVE - Not a statistical outlier,
influencer_1313,3882185,151061,11266,3.74,3.89,311,11.6,54.290000000000006,1.0,APPROVE - Not a statistical outlier,
influencer_1314,4374656,440259,13572,34.56,10.06,1257,26.3,87.01,10.7,"CAUTION - Top 15% anomaly, monitor 2-4 weeks",
influencer_1315,4013595,156437,4916,1.76,3.9,2093,6.2,20.919999999999998,0.2,APPROVE - Not a statistical outlier,
influencer_1316,2291435,55757,4484,-0.76,2.43,965,5.5,16.68,0.2,APPROVE - Not a statistical outlier,
influencer_1317,432413,12257,952,4.33,2.83,283,8.9,39.31,0.1,APPROVE - Not a statistical outlier,
influencer_1318,1353564,19213,965,4.12,1.42,1241,6.3,21.55,0.0,APPROVE - Not a statistical outlier,
influencer_1319,2425050,30589,801,3.71,1.26,358,13.6,62.64999999999999,0.3,APPROVE - Not a statistical outlier,
influencer_1320,4166100,94457,1980,-0.65,2.27,2621,15.3,67.67,0.0,APPROVE - Not a statistical outlier,
influencer_1321,864561,11855,510,0.05,1.37,2860,16.0,69.55,0.0,APPROVE - Not a statistical outlier,
influencer_1322,303186,4605,95,1.01,1.52,1450,16.0,69.55,0.0,APPROVE - Not a statistical outlier,
influencer_1323,3208393,15533,596,32.95,0.48,1570,24.6,84.93,32.7,APPROVE - Not a statistical outlier,
influencer_1324,3829464,45737,2449,4.03,1.19,2922,12.8,59.24,0.0,APPROVE - Not a statistical outlier,
influencer_1325,1027553,31549,937,32.78,3.07,1222,16.3,70.39,24.3,APPROVE - Not a statistical outlier,
influencer_1326,1236202,29208,827,2.19,2.36,1746,5.3,15.27,0.0,APPROVE - Not a statistical outlier,
influencer_1327,146271,7836,718,2.43,5.36,2443,18.7,75.73,18.3,APPROVE - Not a statistical outlier,
influencer_1328,2216685,75920,5074,1.55,3.42,1231,1.5,0.2,1.2,APPROVE - Not a statistical outlier,
influencer_1329,3744797,94664,8970,0.44,2.53,684,9.7,44.29,0.6,APPROVE - Not a statistical outlier,
influencer_1330,1515542,54380,2592,4.76,3.59,1415,1.7,0.49,0.2,APPROVE - Not a statistical outlier,
influencer_1331,4181656,121677,9024,1.48,2.91,789,5.4,16.0,0.7,APPROVE - Not a statistical outlier,
influencer_1332,2931184,112015,4074,3.36,3.82,2716,5.7,18.01,0.2,APPROVE - Not a statistical outlier,
influencer_1333,77898,1225,85,0.1,1.57,1828,17.0,72.11,0.0,APPROVE - Not a statistical outlier,
influencer_1334,3296097,45521,1382,39.16,1.38,1093,21.0,79.64,30.9,APPROVE - Not a statistical outlier,
influencer_1335,289316,6027,121,32.61,2.08,445,27.1,87.74,34.9,"CAUTION - Top 15% anomaly, monitor 2-4 weeks",
influencer_1336,2009954,55095,5207,3.05,2.74,284,8.7,38.05,1.3,APPROVE - Not a statistical outlier,
influencer_1337,1830553,83309,5364,2.04,4.55,1196,2.2,1.4000000000000001,0.9,APPROVE - Not a statistical outlier,
influencer_1338,4089657,115307,10856,-0.12,2.82,1906,11.8,55.21,0.9,APPROVE - Not a statistical outlier,
influencer_1339,3042341,157178,7341,-0.85,5.17,2787,11.5,53.73,0.2,APPROVE - Not a statistical outlier,
influencer_1340,1040504,34038,1573,4.58,3.27,2654,5.5,16.68,0.1,APPROVE - Not a statistical outlier,
influencer_1341,4088810,187994,9785,-0.25,4.6,929,11.7,54.76,0.2,APPROVE - Not a statistical outlier,
influencer_1342,2106058,32375,2476,3.23,1.54,2088,4.9,12.86,1.0,APPROVE - Not a statistical outlier,
influencer_1343,4989023,411058,26827,17.46,8.24,55,62.7,99.9,38.7,"REJECT - Top 1% anomaly, escalate for manual audit",
influencer_1344,4910384,229736,21601,1.05,4.68,450,29.6,89.92,11.2,"CAUTION - Top 15% anomaly, monitor 2-4 weeks",
influencer_1345,1676843,34519,760,0.11,2.06,1274,11.4,53.1,0.0,APPROVE - Not a statistical outlier,
influencer_1346,35701,616,47,0.07,1.73,1906,18.8,75.96000000000001,0.0,APPROVE - Not a statistical outlier,
influencer_1347,3230028,83381,3871,2.51,2.58,2573,4.3,9.62,0.2,APPROVE - Not a statistical outlier,
influencer_1348,1722610,101295,3486,2.28,5.88,1290,7.0,26.58,0.2,APPROVE - Not a statistical outlier,
influencer_1349,2181712,34143,2076,45.53,1.57,2314,20.3,78.60000000000001,22.3,APPROVE - Not a statistical outlier,
influencer_1350,2340767,76792,4638,2.84,3.28,1038,1.9,0.84,0.6,APPROVE - Not a statistical outlier,
influencer_1351,2615235,178445,5524,37.8,6.82,248,25.0,85.50999999999999,20.0,"CAUTION - Top 15% anomaly, monitor 2-4 weeks",
influencer_1352,492036,14692,531,-0.81,2.99,1540,9.1,40.52,0.0,APPROVE - Not a statistical outlier,
influencer_1353,328304,12661,666,3.03,3.86,1989,6.6,23.56,0.0,APPROVE - Not a statistical outlier,
influencer_1354,2463616,142042,7486,0.4,5.77,2538,14.9,66.64999999999999,0.2,APPROVE - Not a statistical outlier,
influencer_1355,2711241,97162,4411,0.52,3.58,692,5.6,17.31,0.2,APPROVE - Not a statistical outlier,
influencer_1356,3434803,450072,14349,30.84,13.1,2712,29.0,89.41,14.3,"CAUTION - Top 15% anomaly, monitor 2-4 weeks",
influencer_1357,1143953,88653,1804,14.59,7.75,1019,29.2,89.62,3.9,"CAUTION - Top 15% anomaly, monitor 2-4 weeks",
influencer_1358,3962352,47703,4656,1.23,1.2,218,20.4,78.75,0.3,APPROVE - Not a statistical outlier,
influencer_1359,3979702,102478,9784,3.74,2.58,284,16.5,70.91,0.3,APPROVE - Not a statistical outlier,
influencer_1360,4060175,157443,9240,1.66,3.88,97,19.8,77.71000000000001,0.7,APPROVE - Not a statistical outlier,
influencer_1361,327916,55612,5539,17.27,16.96,645,39.8,96.67,40.0,MANUAL REVIEW - Top 5% anomaly,
influencer_1362,3598706,190574,14081,-0.85,5.3,2413,12.1,56.44,0.6,APPROVE - Not a statistical outlier,
influencer_1363,4507554,96541,2462,-0.5,2.14,2748,15.9,69.27,0.2,APPROVE - Not a statistical outlier,
influencer_1364,606409,12737,374,3.66,2.1,2898,12.6,58.4,0.0,APPROVE - Not a statistical outlier,
influencer_1365,1075135,21565,2011,2.74,2.01,903,6.4,22.189999999999998,0.2,APPROVE - Not a statistical outlier,
influencer_1366,2990179,167823,11815,2.35,5.61,2377,9.2,41.25,1.2,APPROVE - Not a statistical outlier,
influencer_1367,1726690,90881,7947,2.68,5.26,1655,6.9,25.8,18.6,APPROVE - Not a statistical outlier,
influencer_1368,3281772,339174,31157,12.4,10.34,386,34.0,93.04,38.6,"CAUTION - Top 15% anomaly, monitor 2-4 weeks",
influencer_1369,4158893,123256,6882,2.93,2.96,285,9.9,45.440000000000005,0.6,APPROVE - Not a statistical outlier,
influencer_1370,404119,14232,339,2.88,3.52,1037,9.1,40.52,0.0,APPROVE - Not a statistical outlier,
influencer_1371,4167769,734269,25745,29.22,17.62,2430,40.4,96.93,30.3,MANUAL REVIEW - Top 5% anomaly,
influencer_1372,4321295,97963,2480,4.2,2.27,1785,10.9,50.92,0.0,APPROVE - Not a statistical outlier,
influencer_1373,403732,26479,929,33.93,6.56,2601,22.6,82.13000000000001,11.7,APPROVE - Not a statistical outlier,
influencer_1374,507079,5843,308,2.7,1.15,2833,14.7,66.07,0.0,APPROVE - Not a statistical outlier,
influencer_1375,1951013,32368,953,2.5,1.66,313,11.4,53.1,0.4,APPROVE - Not a statistical outlier,
influencer_1376,2624836,287601,9588,16.92,10.96,128,38.1,95.87,9.9,MANUAL REVIEW - Top 5% anomaly,Unsupervised flags anomaly; transfer model does not recognize pattern - review
influencer_1377,1133658,53943,3002,2.12,4.76,226,8.2,34.74,0.6,APPROVE - Not a statistical outlier,
influencer_1378,1986209,61857,2920,-0.58,3.11,2559,5.2,14.57,0.6,APPROVE - Not a statistical outlier,
influencer_1379,4323626,155034,8900,0.11,3.59,907,10.3,47.46,0.2,APPROVE - Not a statistical outlier,
influencer_1380,657951,18751,1018,4.48,2.85,1898,5.6,17.31,0.0,APPROVE - Not a statistical outlier,
influencer_1381,12303,578,41,-0.28,4.7,2692,20.2,78.42,0.0,APPROVE - Not a statistical outlier,
influencer_1382,1211209,59602,5660,2.47,4.92,2695,12.4,57.63,19.6,APPROVE - Not a statistical outlier,
influencer_1383,3480591,87108,2493,11.16,2.5,1418,13.0,60.160000000000004,1.3,APPROVE - Not a statistical outlier,
influencer_1384,2367610,109219,3051,2.33,4.61,2445,6.5,22.900000000000002,0.2,APPROVE - Not a statistical outlier,
influencer_1385,4181303,84567,7460,0.41,2.02,599,9.7,44.29,0.6,APPROVE - Not a statistical outlier,
influencer_1386,1069199,28759,1740,1.67,2.69,2667,5.6,17.31,0.0,APPROVE - Not a statistical outlier,
influencer_1387,4918339,164726,13394,4.2,3.35,1095,10.7,49.99,0.9,APPROVE - Not a statistical outlier,
influencer_1388,4177224,110862,4127,1.26,2.65,451,8.6,37.35,0.4,APPROVE - Not a statistical outlier,
influencer_1389,4685346,204923,17686,14.36,4.37,2913,28.3,88.68,11.0,"CAUTION - Top 15% anomaly, monitor 2-4 weeks",
influencer_1390,459298,12156,1141,1.68,2.65,1234,7.3,28.63,0.3,APPROVE - Not a statistical outlier,
influencer_1391,1048343,17729,1255,-0.4,1.69,574,8.3,35.29,0.0,APPROVE - Not a statistical outlier,
influencer_1392,106228,3181,90,1.32,3.0,100,15.9,69.27,0.1,APPROVE - Not a statistical outlier,
influencer_1393,4621650,272657,24981,-0.96,5.9,1253,29.8,90.16,26.9,"CAUTION - Top 15% anomaly, monitor 2-4 weeks",
influencer_1394,1756692,37407,3119,2.02,2.13,797,2.7,2.62,1.4,APPROVE - Not a statistical outlier,
influencer_1395,885056,35940,2877,4.09,4.06,2384,5.5,16.68,1.6,APPROVE - Not a statistical outlier,
influencer_1396,1731228,331293,7599,15.7,19.14,1736,37.3,95.37,13.0,MANUAL REVIEW - Top 5% anomaly,Unsupervised flags anomaly; transfer model does not recognize pattern - review
influencer_1397,1947793,26394,2214,2.65,1.36,2454,7.3,28.63,1.4,APPROVE - Not a statistical outlier,
influencer_1398,1570123,54002,1676,-0.82,3.44,684,6.8,25.019999999999996,0.4,APPROVE - Not a statistical outlier,
influencer_1399,3280269,147967,5591,4.16,4.51,2755,7.6,30.54,0.6,APPROVE - Not a statistical outlier,
influencer_1400,1727470,61603,4076,1.31,3.57,2476,2.7,2.62,0.2,APPROVE - Not a statistical outlier,
influencer_1401,3341420,179117,7379,4.85,5.36,1826,4.7,11.61,0.6,APPROVE - Not a statistical outlier,
influencer_1402,49874,1219,88,-0.28,2.44,250,17.0,72.11,0.3,APPROVE - Not a statistical outlier,
influencer_1403,1623572,23237,1595,4.67,1.43,211,13.6,62.64999999999999,1.5,APPROVE - Not a statistical outlier,
influencer_1404,3221281,183059,5245,2.81,5.68,336,13.9,63.580000000000005,0.4,APPROVE - Not a statistical outlier,
influencer_1405,2690784,77790,5638,-0.69,2.89,2599,6.7,24.240000000000002,0.9,APPROVE - Not a statistical outlier,
influencer_1406,710662,27588,2590,4.83,3.88,1449,7.6,30.54,3.2,APPROVE - Not a statistical outlier,
influencer_1407,4873554,717816,23608,14.85,14.73,1043,40.0,96.77,24.0,MANUAL REVIEW - Top 5% anomaly,Unsupervised flags anomaly; transfer model does not recognize pattern - review
influencer_1408,471452,27717,1878,37.74,5.88,2081,17.7,73.9,22.0,APPROVE - Not a statistical outlier,
influencer_1409,2140686,98061,4643,4.34,4.58,2940,8.3,35.29,0.2,APPROVE - Not a statistical outlier,
influencer_1410,2593670,406723,23089,33.63,15.68,877,28.9,89.31,40.3,"CAUTION - Top 15% anomaly, monitor 2-4 weeks",
influencer_1411,4811833,118201,5077,1.06,2.46,833,8.4,36.04,0.2,APPROVE - Not a statistical outlier,
influencer_1412,443061,7636,369,2.37,1.72,244,10.9,50.92,0.0,APPROVE - Not a statistical outlier,
influencer_1413,3335732,168659,3763,3.08,5.06,1473,8.3,35.29,0.2,APPROVE - Not a statistical outlier,
influencer_1414,3762675,79514,7834,4.23,2.11,130,24.4,84.58,0.7,APPROVE - Not a statistical outlier,
influencer_1415,2262286,103771,7262,3.57,4.59,602,3.7,6.710000000000001,0.6,APPROVE - Not a statistical outlier,
influencer_1416,489972,81364,4886,32.99,16.61,1362,30.7,90.83,33.7,"CAUTION - Top 15% anomaly, monitor 2-4 weeks",
influencer_1417,1124994,40936,2075,3.93,3.64,687,3.2,4.42,0.5,APPROVE - Not a statistical outlier,
influencer_1418,3082328,114050,7202,4.8,3.7,1563,3.0,3.74,0.6,APPROVE - Not a statistical outlier,
influencer_1419,4099064,135480,6829,0.36,3.31,1686,7.8,32.06,0.6,APPROVE - Not a statistical outlier,
influencer_1420,2618703,149835,7310,44.36,5.72,255,24.6,84.93,33.1,APPROVE - Not a statistical outlier,
influencer_1421,164038,5541,316,1.56,3.38,134,11.9,55.67999999999999,0.1,APPROVE - Not a statistical outlier,
influencer_1422,3964735,159145,6696,4.29,4.01,2027,4.4,10.09,0.2,APPROVE - Not a statistical outlier,
influencer_1423,1375572,81570,2806,-0.1,5.93,801,22.3,81.64,0.8,APPROVE - Not a statistical outlier,
influencer_1424,2356874,134078,8651,4.31,5.69,458,7.9,32.82,1.3,APPROVE - Not a statistical outlier,
influencer_1425,601530,4376,382,21.51,0.73,463,31.7,91.4,42.9,"CAUTION - Top 15% anomaly, monitor 2-4 weeks",
influencer_1426,3649966,484850,15624,46.69,13.28,1260,30.7,90.83,21.3,"CAUTION - Top 15% anomaly, monitor 2-4 weeks",
influencer_1427,1078833,36024,814,1.97,3.34,2759,10.8,50.519999999999996,0.0,APPROVE - Not a statistical outlier,
influencer_1428,2578640,334078,13277,26.17,12.96,2665,24.5,84.75,21.3,APPROVE - Not a statistical outlier,
influencer_1429,436423,23895,2350,1.36,5.48,895,20.5,78.92,36.2,APPROVE - Not a statistical outlier,
influencer_1430,1193929,161271,13917,42.3,13.51,2823,36.1,94.54,33.0,"CAUTION - Top 15% anomaly, monitor 2-4 weeks",
influencer_1431,324390,18843,1275,3.44,5.81,2941,14.8,66.38,1.0,APPROVE - Not a statistical outlier,
influencer_1432,1665221,51270,4836,2.55,3.08,2445,6.9,25.8,0.6,APPROVE - Not a statistical outlier,
influencer_1433,4069316,162992,9065,4.77,4.01,280,12.0,56.11000000000001,1.0,APPROVE - Not a statistical outlier,
influencer_1434,1657671,75407,7439,1.0,4.55,2936,17.2,72.64,9.2,APPROVE - Not a statistical outlier,
influencer_1435,139563,8029,350,2.25,5.75,885,13.2,61.160000000000004,0.3,APPROVE - Not a statistical outlier,
influencer_1436,784066,17430,683,3.88,2.22,1223,4.9,12.86,0.0,APPROVE - Not a statistical outlier,
influencer_1437,1555623,73591,5228,1.24,4.73,590,5.9,19.36,1.2,APPROVE - Not a statistical outlier,
influencer_1438,4900856,176630,8876,1.79,3.6,1499,8.7,38.05,0.2,APPROVE - Not a statistical outlier,
influencer_1439,4056957,95045,6663,3.11,2.34,2371,4.3,9.62,1.0,APPROVE - Not a statistical outlier,
influencer_1440,598897,29244,1298,4.16,4.88,948,4.5,10.66,0.0,APPROVE - Not a statistical outlier,
influencer_1441,3942237,246231,17096,17.55,6.25,1203,21.8,80.94,17.3,APPROVE - Not a statistical outlier,
influencer_1442,773800,33311,1401,2.19,4.3,462,4.7,11.61,0.4,APPROVE - Not a statistical outlier,
influencer_1443,2043999,53440,1286,4.85,2.61,2136,6.9,25.8,0.0,APPROVE - Not a statistical outlier,
influencer_1444,3523554,120025,11158,-0.75,3.41,998,8.0,33.550000000000004,0.6,APPROVE - Not a statistical outlier,
influencer_1445,3660985,417342,37834,16.25,11.4,865,32.4,91.75,38.3,"CAUTION - Top 15% anomaly, monitor 2-4 weeks",
influencer_1446,1903897,57584,5623,2.82,3.02,2276,7.3,28.63,1.9,APPROVE - Not a statistical outlier,
influencer_1447,3577511,71259,5509,-0.95,1.99,2292,6.4,22.189999999999998,1.2,APPROVE - Not a statistical outlier,
influencer_1448,1164950,125737,9382,39.02,10.79,927,23.2,82.95,42.8,APPROVE - Not a statistical outlier,
influencer_1449,550148,51922,3360,28.0,9.44,501,22.5,81.97,38.6,APPROVE - Not a statistical outlier,
influencer_1450,2774707,129567,3896,4.15,4.67,276,10.4,48.0,0.4,APPROVE - Not a statistical outlier,
influencer_1451,4679394,142966,5023,3.84,3.06,2459,10.2,46.94,0.6,APPROVE - Not a statistical outlier,
influencer_1452,2774939,77022,3324,-0.81,2.78,1020,4.1,8.7,0.2,APPROVE - Not a statistical outlier,
influencer_1453,1936740,113304,10334,48.28,5.85,956,23.4,83.19,49.1,APPROVE - Not a statistical outlier,
influencer_1454,3435955,104658,3541,3.52,3.05,1221,3.7,6.710000000000001,0.2,APPROVE - Not a statistical outlier,
influencer_1455,4937710,183727,17239,1.22,3.72,2637,18.0,74.45,0.9,APPROVE - Not a statistical outlier,
influencer_1456,2746226,352172,21772,16.13,12.82,1104,23.7,83.63000000000001,37.0,APPROVE - Not a statistical outlier,
influencer_1457,3178326,110789,8557,0.62,3.49,1864,5.6,17.31,0.6,APPROVE - Not a statistical outlier,
influencer_1458,1555510,26038,750,0.04,1.67,718,11.1,51.6,0.0,APPROVE - Not a statistical outlier,
influencer_1459,1831815,63754,2647,0.78,3.48,2457,5.3,15.27,0.2,APPROVE - Not a statistical outlier,
influencer_1460,3764122,69467,6716,0.48,1.85,2551,13.0,60.160000000000004,0.9,APPROVE - Not a statistical outlier,
influencer_1461,2387378,38930,1607,1.69,1.63,2774,7.2,27.93,0.0,APPROVE - Not a statistical outlier,
influencer_1462,4422590,250461,10950,3.48,5.66,1514,9.3,42.01,0.2,APPROVE - Not a statistical outlier,
influencer_1463,2535937,102065,3654,2.32,4.02,2988,8.4,36.04,0.2,APPROVE - Not a statistical outlier,
influencer_1464,3158473,135733,4116,2.66,4.3,989,4.4,10.09,0.2,APPROVE - Not a statistical outlier,
influencer_1465,813461,3308,127,44.91,0.41,507,31.1,91.14,61.6,"CAUTION - Top 15% anomaly, monitor 2-4 weeks",
influencer_1466,4428036,245530,17527,0.95,5.54,736,18.8,75.96000000000001,0.9,APPROVE - Not a statistical outlier,
influencer_1467,4056555,78788,4445,26.54,1.94,2931,22.5,81.97,20.6,APPROVE - Not a statistical outlier,
influencer_1468,1719224,83311,5356,1.13,4.85,1167,4.0,8.24,0.9,APPROVE - Not a statistical outlier,
influencer_1469,2711626,40258,1199,13.12,1.48,783,23.5,83.35000000000001,20.8,APPROVE - Not a statistical outlier,
influencer_1470,925044,53653,4515,3.4,5.8,2580,11.3,52.52,18.2,APPROVE - Not a statistical outlier,
influencer_1471,2982352,152168,12588,1.82,5.1,1689,6.8,25.019999999999996,8.6,APPROVE - Not a statistical outlier,
influencer_1472,1387652,73125,1588,2.87,5.27,2894,14.0,63.849999999999994,0.0,APPROVE - Not a statistical outlier,
influencer_1473,286555,49920,2530,40.11,17.42,617,35.8,94.27,40.5,"CAUTION - Top 15% anomaly, monitor 2-4 weeks",
influencer_1474,445191,10483,267,4.16,2.35,1364,9.2,41.25,0.0,APPROVE - Not a statistical outlier,
influencer_1475,1503337,36503,3043,4.2,2.43,1522,3.5,5.62,0.7,APPROVE - Not a statistical outlier,
influencer_1476,3487669,82118,6485,0.92,2.35,1877,5.1,13.919999999999998,0.9,APPROVE - Not a statistical outlier,
influencer_1477,921597,6500,599,31.77,0.71,2785,29.6,89.92,31.7,"CAUTION - Top 15% anomaly, monitor 2-4 weeks",
influencer_1478,2044338,23702,922,2.64,1.16,236,13.3,61.56,0.3,APPROVE - Not a statistical outlier,
influencer_1479,3723946,51409,2904,1.83,1.38,2228,7.0,26.58,0.0,APPROVE - Not a statistical outlier,
influencer_1480,1487205,35240,1224,4.47,2.37,2745,7.0,26.58,0.0,APPROVE - Not a statistical outlier,
influencer_1481,2866899,502805,24988,36.01,17.54,2605,35.5,94.06,31.3,"CAUTION - Top 15% anomaly, monitor 2-4 weeks",
influencer_1482,225695,4873,301,3.04,2.16,194,12.4,57.63,0.0,APPROVE - Not a statistical outlier,
influencer_1483,2982467,148816,3611,2.12,4.99,2994,14.8,66.38,0.6,APPROVE - Not a statistical outlier,
influencer_1484,3442628,131358,10139,-0.49,3.82,2028,6.6,23.56,0.6,APPROVE - Not a statistical outlier,
influencer_1485,1102844,11346,720,-0.35,1.03,2114,12.0,56.11000000000001,0.0,APPROVE - Not a statistical outlier,
influencer_1486,4768493,150046,12951,0.79,3.15,362,21.1,79.82000000000001,1.2,APPROVE - Not a statistical outlier,
influencer_1487,1411706,42907,1791,0.27,3.04,432,8.3,35.29,0.4,APPROVE - Not a statistical outlier,
influencer_1488,3341216,52447,4839,4.72,1.57,443,11.2,52.04,0.6,APPROVE - Not a statistical outlier,
influencer_1489,3834284,167968,16779,1.46,4.38,74,29.2,89.62,15.0,"CAUTION - Top 15% anomaly, monitor 2-4 weeks",
influencer_1490,4858088,219123,20497,4.26,4.51,2283,18.4,75.07000000000001,8.6,APPROVE - Not a statistical outlier,
influencer_1491,1848865,85130,7000,3.91,4.6,91,17.1,72.35000000000001,2.0,APPROVE - Not a statistical outlier,
influencer_1492,920484,42732,3631,3.88,4.64,2497,6.4,22.189999999999998,1.6,APPROVE - Not a statistical outlier,
influencer_1493,4898954,49002,3229,0.29,1.0,897,16.3,70.39,0.9,APPROVE - Not a statistical outlier,
influencer_1494,4018136,231830,8163,1.68,5.77,1521,11.4,53.1,0.2,APPROVE - Not a statistical outlier,
influencer_1495,345855,17538,1300,0.91,5.07,2897,15.7,68.76,0.7,APPROVE - Not a statistical outlier,
influencer_1496,1075961,59392,4574,4.82,5.52,48,23.1,82.84,16.5,APPROVE - Not a statistical outlier,
influencer_1497,4626678,49885,4930,4.26,1.08,394,22.2,81.51,1.1,APPROVE - Not a statistical outlier,
influencer_1498,3562963,201994,12787,0.5,5.67,2505,13.2,61.160000000000004,0.6,APPROVE - Not a statistical outlier,
influencer_1499,2378935,120111,5009,0.88,5.05,1170,6.6,23.56,0.6,APPROVE - Not a statistical outlier,
influencer_1500,1135106,23442,1750,17.99,2.07,609,18.6,75.48,32.2,APPROVE - Not a statistical outlier,
influencer_1501,4479011,65681,6459,0.67,1.47,575,14.8,66.38,0.9,APPROVE - Not a statistical outlier,
influencer_1502,2475968,116219,3972,3.95,4.69,1759,3.6,6.12,0.2,APPROVE - Not a statistical outlier,
influencer_1503,2443266,141699,6529,3.92,5.8,2402,6.7,24.240000000000002,0.6,APPROVE - Not a statistical outlier,
influencer_1504,4438677,194979,12352,3.35,4.39,84,21.7,80.78,2.6,APPROVE - Not a statistical outlier,
influencer_1505,4543001,175033,5884,3.14,3.85,807,8.0,33.550000000000004,0.4,APPROVE - Not a statistical outlier,
influencer_1506,1219758,69869,1521,2.28,5.73,71,30.9,91.01,0.5,"CAUTION - Top 15% anomaly, monitor 2-4 weeks",
influencer_1507,1656743,53259,2500,1.08,3.21,1350,2.5,2.02,0.2,APPROVE - Not a statistical outlier,
influencer_1508,3978019,158980,14185,4.02,4.0,260,16.5,70.91,1.6,APPROVE - Not a statistical outlier,
influencer_1509,3069281,103793,2436,4.15,3.38,482,8.3,35.29,0.4,APPROVE - Not a statistical outlier,
influencer_1510,4982262,282206,15327,-0.7,5.66,2471,21.3,80.19,0.6,APPROVE - Not a statistical outlier,
influencer_1511,4526208,583431,47243,10.55,12.89,1575,37.8,95.63000000000001,30.3,MANUAL REVIEW - Top 5% anomaly,
influencer_1512,519349,18206,1752,-0.84,3.51,1411,11.9,55.67999999999999,0.0,APPROVE - Not a statistical outlier,
influencer_1513,2882990,498961,49316,19.35,17.31,1497,42.8,97.8,32.3,MANUAL REVIEW - Top 5% anomaly,
influencer_1514,798968,39625,2130,0.06,4.96,1181,16.9,71.83,0.0,APPROVE - Not a statistical outlier,
influencer_1515,80083,3135,301,3.04,3.92,2768,21.3,80.19,0.0,APPROVE - Not a statistical outlier,
influencer_1516,2656971,147318,3363,1.14,5.54,2469,12.9,59.67,0.2,APPROVE - Not a statistical outlier,
influencer_1517,3998615,228319,18190,3.9,5.71,1246,12.4,57.63,14.2,APPROVE - Not a statistical outlier,
influencer_1518,2875299,161462,11531,15.76,5.62,2681,24.6,84.93,6.0,APPROVE - Not a statistical outlier,
influencer_1519,4849341,146055,5836,0.95,3.01,910,9.2,41.25,0.6,APPROVE - Not a statistical outlier,
influencer_1520,1805673,141511,8573,19.33,7.84,114,36.9,95.06,26.3,MANUAL REVIEW - Top 5% anomaly,Unsupervised flags anomaly; transfer model does not recognize pattern - review
influencer_1521,2939199,77803,2362,0.96,2.65,1083,5.4,16.0,0.2,APPROVE - Not a statistical outlier,
influencer_1522,610996,10391,932,35.34,1.7,78,30.5,90.66,44.0,"CAUTION - Top 15% anomaly, monitor 2-4 weeks",
influencer_1523,4910776,272743,13263,3.27,5.55,1198,14.7,66.07,0.6,APPROVE - Not a statistical outlier,
influencer_1524,779513,40790,2858,0.92,5.23,98,18.9,76.14999999999999,2.1,APPROVE - Not a statistical outlier,
influencer_1525,3304389,54109,1769,1.94,1.64,2774,10.4,48.0,0.1,APPROVE - Not a statistical outlier,
influencer_1526,4355385,63813,2328,-0.54,1.47,2556,11.7,54.76,0.2,APPROVE - Not a statistical outlier,
influencer_1527,389590,15374,1527,3.97,3.95,2897,23.0,82.72,0.7,APPROVE - Not a statistical outlier,
influencer_1528,1766982,64681,5190,0.6,3.66,1731,4.0,8.24,0.9,APPROVE - Not a statistical outlier,
influencer_1529,2779655,289414,28060,31.08,10.41,1628,30.2,90.44,31.0,"CAUTION - Top 15% anomaly, monitor 2-4 weeks",
influencer_1530,3152882,173322,7568,2.58,5.5,2224,6.1,20.380000000000003,0.2,APPROVE - Not a statistical outlier,
influencer_1531,3211016,180999,6002,2.41,5.64,1899,7.9,32.82,0.2,APPROVE - Not a statistical outlier,
influencer_1532,2380877,71737,4321,-0.02,3.01,1045,7.8,32.06,0.2,APPROVE - Not a statistical outlier,
influencer_1533,2390383,130312,7763,-0.58,5.45,2686,11.7,54.76,0.2,APPROVE - Not a statistical outlier,
influencer_1534,165053,4819,163,2.32,2.92,475,10.4,48.0,0.1,APPROVE - Not a statistical outlier,
influencer_1535,4788890,224315,17644,1.81,4.68,2298,13.1,60.69,0.6,APPROVE - Not a statistical outlier,
influencer_1536,1437536,48584,2377,-0.28,3.38,1431,5.4,16.0,0.2,APPROVE - Not a statistical outlier,
influencer_1537,2543637,41026,1432,4.01,1.61,2172,6.8,25.019999999999996,0.0,APPROVE - Not a statistical outlier,
influencer_1538,3391926,191293,8906,1.5,5.64,291,16.2,70.1,0.4,APPROVE - Not a statistical outlier,
influencer_1539,3614263,118203,7694,0.56,3.27,1878,4.9,12.86,0.6,APPROVE - Not a statistical outlier,
influencer_1540,4159549,194352,15182,3.73,4.67,926,6.5,22.900000000000002,0.6,APPROVE - Not a statistical outlier,
influencer_1541,1347208,38205,2236,4.48,2.84,1124,2.3,1.59,0.7,APPROVE - Not a statistical outlier,
influencer_1542,4531889,49597,3077,0.84,1.09,2296,10.2,46.94,0.0,APPROVE - Not a statistical outlier,
influencer_1543,1779599,26741,832,3.66,1.5,1586,6.8,25.019999999999996,0.0,APPROVE - Not a statistical outlier,
influencer_1544,23431,815,75,2.92,3.48,121,17.2,72.64,1.5,APPROVE - Not a statistical outlier,
influencer_1545,1244131,44683,4213,31.42,3.59,156,25.1,85.61999999999999,45.9,"CAUTION - Top 15% anomaly, monitor 2-4 weeks",
influencer_1546,648008,17325,1293,0.22,2.67,109,16.3,70.39,0.3,APPROVE - Not a statistical outlier,
influencer_1547,574441,102134,2186,41.47,17.78,1877,39.7,96.61,7.7,MANUAL REVIEW - Top 5% anomaly,Unsupervised flags anomaly; transfer model does not recognize pattern - review
influencer_1548,4463816,200567,12628,0.89,4.49,1012,9.1,40.52,0.6,APPROVE - Not a statistical outlier,
influencer_1549,4371380,197572,13896,1.47,4.52,945,8.0,33.550000000000004,0.6,APPROVE - Not a statistical outlier,
influencer_1550,2050949,71016,7071,1.15,3.46,2563,13.0,60.160000000000004,1.2,APPROVE - Not a statistical outlier,
influencer_1551,1269300,25916,2583,33.44,2.04,723,21.3,80.19,41.0,APPROVE - Not a statistical outlier,
influencer_1552,1948763,67154,5950,3.16,3.45,54,21.7,80.78,8.3,APPROVE - Not a statistical outlier,
influencer_1553,1630849,246085,6178,29.73,15.09,185,34.0,93.04,10.9,"CAUTION - Top 15% anomaly, monitor 2-4 weeks",
influencer_1554,1886077,161534,15549,18.88,8.56,2709,28.5,88.92,31.0,"CAUTION - Top 15% anomaly, monitor 2-4 weeks",
influencer_1555,3883149,98565,6802,-0.21,2.54,1842,7.6,30.54,0.6,APPROVE - Not a statistical outlier,
influencer_1556,4874062,59057,4964,0.9,1.21,1583,12.8,59.24,0.6,APPROVE - Not a statistical outlier,
influencer_1557,51861,2161,113,1.29,4.17,1996,12.8,59.24,0.0,APPROVE - Not a statistical outlier,
influencer_1558,4846710,108696,4953,1.28,2.24,1763,9.1,40.52,0.6,APPROVE - Not a statistical outlier,
influencer_1559,4001737,662699,37813,42.7,16.56,1110,36.3,94.72,38.0,"CAUTION - Top 15% anomaly, monitor 2-4 weeks",
influencer_1560,722001,118125,3750,11.34,16.36,1658,33.3,92.49000000000001,20.7,"CAUTION - Top 15% anomaly, monitor 2-4 weeks",
influencer_1561,1992083,52513,2550,1.78,2.64,48,15.7,68.76,6.7,APPROVE - Not a statistical outlier,
influencer_1562,4520216,99941,8855,4.02,2.21,1437,8.4,36.04,0.0,APPROVE - Not a statistical outlier,
influencer_1563,1624911,29984,690,0.08,1.85,1246,12.1,56.44,0.0,APPROVE - Not a statistical outlier,
influencer_1564,1444717,70419,2258,-0.13,4.87,2314,16.5,70.91,0.2,APPROVE - Not a statistical outlier,
influencer_1565,4410352,76351,2291,19.24,1.73,1440,27.6,88.21,20.9,"CAUTION - Top 15% anomaly, monitor 2-4 weeks",
influencer_1566,2858733,93445,4882,1.22,3.27,306,7.2,27.93,0.4,APPROVE - Not a statistical outlier,
influencer_1567,1206663,42651,4254,2.37,3.53,774,6.7,24.240000000000002,0.9,APPROVE - Not a statistical outlier,
influencer_1568,34320,1522,51,4.68,4.44,581,12.9,59.67,0.1,APPROVE - Not a statistical outlier,
influencer_1569,328025,13666,432,3.57,4.17,1206,7.9,32.82,0.0,APPROVE - Not a statistical outlier,
influencer_1570,365359,18463,1720,3.12,5.05,668,12.8,59.24,24.6,APPROVE - Not a statistical outlier,
influencer_1571,1309507,16025,1451,1.5,1.22,266,13.1,60.69,0.0,APPROVE - Not a statistical outlier,
influencer_1572,4067621,100966,2279,0.72,2.48,1027,11.3,52.52,0.2,APPROVE - Not a statistical outlier,
influencer_1573,944187,22666,1816,2.24,2.4,2132,4.1,8.7,0.0,APPROVE - Not a statistical outlier,
influencer_1574,3994710,718079,52015,12.87,17.98,2033,41.9,97.55,29.0,MANUAL REVIEW - Top 5% anomaly,Unsupervised flags anomaly; transfer model does not recognize pattern - review
influencer_1575,1598690,39102,3183,4.26,2.45,1489,3.1,4.06,0.0,APPROVE - Not a statistical outlier,
influencer_1576,101734,2593,154,1.67,2.55,2761,12.4,57.63,0.0,APPROVE - Not a statistical outlier,
influencer_1577,158702,5728,568,0.48,3.61,2186,20.0,78.01,0.0,APPROVE - Not a statistical outlier,
influencer_1578,2852274,123176,2895,0.35,4.32,1237,12.8,59.24,0.2,APPROVE - Not a statistical outlier,
influencer_1579,1226811,35645,1381,-0.8,2.91,1421,5.2,14.57,0.0,APPROVE - Not a statistical outlier,
influencer_1580,1148087,52781,2730,4.06,4.6,2036,3.5,5.62,0.2,APPROVE - Not a statistical outlier,
influencer_1581,3082091,82625,4625,0.59,2.68,1251,4.7,11.61,0.2,APPROVE - Not a statistical outlier,
influencer_1582,3830049,93890,8798,1.15,2.45,1424,6.4,22.189999999999998,0.9,APPROVE - Not a statistical outlier,
influencer_1583,2704381,100222,6494,3.86,3.71,402,5.4,16.0,0.6,APPROVE - Not a statistical outlier,
influencer_1584,4924801,55087,1300,-0.28,1.12,1550,19.2,76.74,0.4,APPROVE - Not a statistical outlier,
influencer_1585,1869670,213563,11239,40.65,11.42,2278,23.9,83.93,31.3,APPROVE - Not a statistical outlier,
influencer_1586,4294122,132681,7074,-0.27,3.09,878,9.4,42.6,0.2,APPROVE - Not a statistical outlier,
influencer_1587,4347664,248450,24159,1.65,5.71,2586,29.1,89.52,29.6,"CAUTION - Top 15% anomaly, monitor 2-4 weeks",
influencer_1588,4814673,221838,15070,-0.72,4.61,1375,13.7,63.0,0.6,APPROVE - Not a statistical outlier,
influencer_1589,4756469,68523,4854,2.11,1.44,2352,10.6,49.38,0.0,APPROVE - Not a statistical outlier,
influencer_1590,933817,48853,3764,3.77,5.23,2288,5.4,16.0,1.6,APPROVE - Not a statistical outlier,
influencer_1591,4336702,202155,16496,3.06,4.66,533,11.4,53.1,1.3,APPROVE - Not a statistical outlier,
influencer_1592,3279360,48770,3453,37.74,1.49,732,18.8,75.96000000000001,34.5,APPROVE - Not a statistical outlier,
influencer_1593,2963732,151193,5892,3.97,5.1,2119,4.0,8.24,0.6,APPROVE - Not a statistical outlier,
influencer_1594,2181338,65888,5924,0.37,3.02,344,12.1,56.44,0.9,APPROVE - Not a statistical outlier,
influencer_1595,1993825,42019,3301,3.98,2.11,2865,7.3,28.63,0.0,APPROVE - Not a statistical outlier,
influencer_1596,3833978,136494,10830,0.66,3.56,2406,8.0,33.550000000000004,0.6,APPROVE - Not a statistical outlier,
influencer_1597,4116811,154141,15371,1.17,3.74,1070,12.0,56.11000000000001,0.6,APPROVE - Not a statistical outlier,
influencer_1598,595604,21987,1851,-0.23,3.69,312,14.4,64.98,0.2,APPROVE - Not a statistical outlier,
influencer_1599,2050927,78455,6773,-0.39,3.83,287,13.5,62.239999999999995,0.6,APPROVE - Not a statistical outlier,
influencer_1600,3175108,496158,47686,14.72,15.63,604,41.7,97.47,38.0,MANUAL REVIEW - Top 5% anomaly,
influencer_1601,2732638,150601,4832,0.14,5.51,603,22.4,81.78999999999999,0.2,APPROVE - Not a statistical outlier,
influencer_1602,265500,14280,854,1.0,5.38,2689,15.3,67.67,0.0,APPROVE - Not a statistical outlier,
influencer_1603,2168478,108577,7214,2.17,5.01,1072,3.2,4.42,0.6,APPROVE - Not a statistical outlier,
influencer_1604,2977031,170201,7887,1.09,5.72,1582,8.1,34.22,0.2,APPROVE - Not a statistical outlier,
influencer_1605,640282,9556,832,4.22,1.49,2914,15.5,68.24,0.0,APPROVE - Not a statistical outlier,
influencer_1606,2904633,67550,5471,4.4,2.33,452,6.5,22.900000000000002,0.7,APPROVE - Not a statistical outlier,
influencer_1607,1941369,67468,5240,0.96,3.48,1519,3.2,4.42,1.2,APPROVE - Not a statistical outlier,
influencer_1608,3949242,70051,6989,16.19,1.77,1426,29.8,90.16,18.6,"CAUTION - Top 15% anomaly, monitor 2-4 weeks",
influencer_1609,1218060,42946,1750,0.26,3.53,787,7.7,31.240000000000002,0.4,APPROVE - Not a statistical outlier,
influencer_1610,1032519,48943,3858,1.85,4.74,2840,9.6,43.75,0.6,APPROVE - Not a statistical outlier,
influencer_1611,790352,103583,6640,33.55,13.11,1134,23.5,83.35000000000001,36.6,APPROVE - Not a statistical outlier,
influencer_1612,4679714,105858,4767,1.72,2.26,1604,7.8,32.06,0.2,APPROVE - Not a statistical outlier,
influencer_1613,1391281,64818,2129,3.55,4.66,2501,5.2,14.57,0.0,APPROVE - Not a statistical outlier,
influencer_1614,3942106,71891,6590,1.52,1.82,458,10.3,47.46,0.9,APPROVE - Not a statistical outlier,
influencer_1615,2323466,64052,4332,0.18,2.76,2051,6.2,20.919999999999998,0.2,APPROVE - Not a statistical outlier,
influencer_1616,1852317,43053,3702,1.15,2.32,233,8.7,38.05,0.2,APPROVE - Not a statistical outlier,
influencer_1617,1947830,155114,9869,31.4,7.96,2273,17.1,72.35000000000001,25.0,APPROVE - Not a statistical outlier,
influencer_1618,2615150,118770,4465,1.54,4.54,2805,7.6,30.54,0.2,APPROVE - Not a statistical outlier,
influencer_1619,1569560,44563,2094,0.5,2.84,2362,4.9,12.86,0.0,APPROVE - Not a statistical outlier,
influencer_1620,4661061,176016,8892,1.56,3.78,2022,7.9,32.82,0.6,APPROVE - Not a statistical outlier,
influencer_1621,2606214,39084,3823,1.73,1.5,2273,10.1,46.379999999999995,0.0,APPROVE - Not a statistical outlier,
influencer_1622,2230180,112068,2291,0.78,5.03,336,16.6,71.17,0.2,APPROVE - Not a statistical outlier,
influencer_1623,2329599,66380,6561,4.97,2.85,1717,8.5,36.75,1.4,APPROVE - Not a statistical outlier,
influencer_1624,996843,175155,17241,42.56,17.57,43,59.0,99.72,45.9,"REJECT - Top 1% anomaly, escalate for manual audit",
influencer_1625,4189891,193864,19326,3.15,4.63,1890,16.0,69.55,18.9,APPROVE - Not a statistical outlier,
influencer_1626,627045,12843,746,4.13,2.05,1991,6.4,22.189999999999998,0.0,APPROVE - Not a statistical outlier,
influencer_1627,4032419,218693,21236,3.0,5.42,1110,18.1,74.66000000000001,27.9,APPROVE - Not a statistical outlier,
influencer_1628,4496511,183508,9477,3.75,4.08,752,7.0,26.58,0.4,APPROVE - Not a statistical outlier,
influencer_1629,1425945,44826,990,1.48,3.14,809,7.0,26.58,0.1,APPROVE - Not a statistical outlier,
influencer_1630,1392538,26620,1010,2.0,1.91,1263,3.6,6.12,0.0,APPROVE - Not a statistical outlier,
influencer_1631,2364999,135077,12916,-0.72,5.71,558,19.5,77.2,31.9,APPROVE - Not a statistical outlier,
influencer_1632,721488,34453,726,0.68,4.78,827,15.2,67.4,0.0,APPROVE - Not a statistical outlier,
influencer_1633,4791691,97756,6225,1.21,2.04,373,12.4,57.63,0.5,APPROVE - Not a statistical outlier,
influencer_1634,420065,11293,294,2.75,2.69,1332,8.0,33.550000000000004,0.0,APPROVE - Not a statistical outlier,
influencer_1635,2785372,87262,3744,11.7,3.13,238,17.8,74.05000000000001,9.3,APPROVE - Not a statistical outlier,
influencer_1636,4226889,189296,5119,2.65,4.48,670,10.0,45.910000000000004,0.6,APPROVE - Not a statistical outlier,
influencer_1637,1464807,70734,6278,3.28,4.83,1341,4.7,11.61,9.9,APPROVE - Not a statistical outlier,
influencer_1638,3093195,99168,6672,-0.74,3.21,2329,5.6,17.31,0.6,APPROVE - Not a statistical outlier,
influencer_1639,1617449,79031,7284,46.59,4.89,2348,20.9,79.47,35.7,APPROVE - Not a statistical outlier,
influencer_1640,290102,17994,1350,29.53,6.2,1977,18.1,74.66000000000001,29.7,APPROVE - Not a statistical outlier,
influencer_1641,1337737,27508,2687,0.12,2.06,949,12.3,57.16,1.6,APPROVE - Not a statistical outlier,
influencer_1642,3061006,355432,21606,10.84,11.61,1753,24.0,84.06,29.7,APPROVE - Not a statistical outlier,
influencer_1643,2378074,139832,9941,3.44,5.88,2074,7.8,32.06,7.2,APPROVE - Not a statistical outlier,
influencer_1644,2798753,71452,4723,0.64,2.55,448,6.4,22.189999999999998,0.2,APPROVE - Not a statistical outlier,
influencer_1645,1091805,36082,2119,3.95,3.3,1779,3.6,6.12,0.7,APPROVE - Not a statistical outlier,
influencer_1646,4444778,194237,17030,4.35,4.37,2872,14.2,64.45,1.2,APPROVE - Not a statistical outlier,
influencer_1647,4163065,154346,11045,1.1,3.71,1418,5.8,18.7,0.6,APPROVE - Not a statistical outlier,
influencer_1648,3011087,88796,7468,49.02,2.95,1129,21.4,80.36,35.4,APPROVE - Not a statistical outlier,
influencer_1649,261116,12556,1041,-0.3,4.81,2802,19.6,77.4,0.7,APPROVE - Not a statistical outlier,
influencer_1650,2969462,38350,1353,3.46,1.29,2510,8.5,36.75,0.0,APPROVE - Not a statistical outlier,
influencer_1651,3043146,182348,13131,-0.01,5.99,2186,23.8,83.78999999999999,5.2,APPROVE - Not a statistical outlier,
influencer_1652,2619137,124723,4486,3.12,4.76,2718,6.6,23.56,0.2,APPROVE - Not a statistical outlier,
influencer_1653,4215279,224232,14948,1.53,5.32,1575,10.8,50.519999999999996,0.6,APPROVE - Not a statistical outlier,
influencer_1654,4353099,185267,13745,4.57,4.26,1100,6.7,24.240000000000002,0.6,APPROVE - Not a statistical outlier,
influencer_1655,3563223,188188,18777,1.79,5.28,2456,21.0,79.64,23.9,APPROVE - Not a statistical outlier,
influencer_1656,1258949,33601,754,42.72,2.67,1880,21.5,80.53,23.8,APPROVE - Not a statistical outlier,
influencer_1657,2972981,81420,2222,1.88,2.74,1149,4.7,11.61,0.2,APPROVE - Not a statistical outlier,
influencer_1658,3851241,207277,5422,3.77,5.38,987,9.4,42.6,0.2,APPROVE - Not a statistical outlier,
influencer_1659,3960076,79529,4125,2.88,2.01,132,17.3,73.00999999999999,0.0,APPROVE - Not a statistical outlier,
influencer_1660,3735340,51966,4454,4.8,1.39,2969,16.4,70.67999999999999,0.0,APPROVE - Not a statistical outlier,
influencer_1661,3322765,164164,14368,4.06,4.94,2931,13.5,62.239999999999995,9.6,APPROVE - Not a statistical outlier,
influencer_1662,389076,20144,1590,2.16,5.18,1199,9.1,40.52,3.7,APPROVE - Not a statistical outlier,
influencer_1663,4885797,324601,29782,29.01,6.64,1933,37.0,95.16,31.0,MANUAL REVIEW - Top 5% anomaly,
influencer_1664,3110244,163963,7514,-0.98,5.27,1785,7.8,32.06,0.2,APPROVE - Not a statistical outlier,
influencer_1665,4817909,813246,22000,12.09,16.88,2607,48.3,99.14,18.0,"REJECT - Top 1% anomaly, escalate for manual audit",Unsupervised flags anomaly; transfer model does not recognize pattern - review
influencer_1666,4920799,937213,23104,21.18,19.05,708,50.1,99.36,25.0,"REJECT - Top 1% anomaly, escalate for manual audit",Unsupervised flags anomaly; transfer model does not recognize pattern - review
influencer_1667,2199611,113307,9990,0.64,5.15,1998,10.7,49.99,10.9,APPROVE - Not a statistical outlier,
influencer_1668,4957289,655649,51425,14.51,13.23,1018,39.9,96.73,37.3,MANUAL REVIEW - Top 5% anomaly,
influencer_1669,1961826,38647,2932,3.38,1.97,1135,2.8,2.96,0.7,APPROVE - Not a statistical outlier,
influencer_1670,2845664,45682,2155,36.24,1.61,2505,19.0,76.35,23.7,APPROVE - Not a statistical outlier,
influencer_1671,2614275,92174,4644,4.06,3.53,1637,2.7,2.62,0.2,APPROVE - Not a statistical outlier,
influencer_1672,1379369,272924,26377,42.48,19.79,2899,52.8,99.6,32.0,"REJECT - Top 1% anomaly, escalate for manual audit",
influencer_1673,2424970,373810,9384,47.12,15.42,1532,32.9,92.14,9.3,"CAUTION - Top 15% anomaly, monitor 2-4 weeks",
influencer_1674,2091212,402460,32960,20.51,19.25,1819,40.2,96.84,31.7,MANUAL REVIEW - Top 5% anomaly,
influencer_1675,4172774,163023,7298,1.88,3.91,1215,4.7,11.61,0.2,APPROVE - Not a statistical outlier,
influencer_1676,2242984,109994,2543,1.67,4.9,961,7.9,32.82,0.6,APPROVE - Not a statistical outlier,
influencer_1677,153999,3016,239,2.19,1.96,1455,9.2,41.25,0.0,APPROVE - Not a statistical outlier,
influencer_1678,4543923,56813,2640,2.59,1.25,1091,11.1,51.6,0.0,APPROVE - Not a statistical outlier,
influencer_1679,62367,3347,260,3.26,5.37,2008,13.3,61.56,8.0,APPROVE - Not a statistical outlier,
influencer_1680,754315,10392,796,2.15,1.38,2588,10.6,49.38,0.0,APPROVE - Not a statistical outlier,
influencer_1681,4601108,102763,6451,3.11,2.23,2470,7.1,27.279999999999998,0.4,APPROVE - Not a statistical outlier,
influencer_1682,3006334,507869,41741,27.33,16.89,2072,37.7,95.56,31.7,MANUAL REVIEW - Top 5% anomaly,
influencer_1683,2855190,87004,5784,4.62,3.05,2790,6.2,20.919999999999998,1.0,APPROVE - Not a statistical outlier,
influencer_1684,1285382,79194,3399,13.41,6.16,2571,23.7,83.63000000000001,3.0,APPROVE - Not a statistical outlier,
influencer_1685,3854321,95968,7555,2.27,2.49,1308,2.9,3.34,0.6,APPROVE - Not a statistical outlier,
influencer_1686,2655837,497160,33374,34.07,18.72,1232,34.8,93.66,35.0,"CAUTION - Top 15% anomaly, monitor 2-4 weeks",
influencer_1687,3485239,409996,8617,45.93,11.76,2624,33.2,92.38,7.7,"CAUTION - Top 15% anomaly, monitor 2-4 weeks",
influencer_1688,1043377,40591,3739,0.55,3.89,623,10.4,48.0,1.4,APPROVE - Not a statistical outlier,
influencer_1689,4578033,131833,8391,4.62,2.88,2466,8.7,38.05,0.4,APPROVE - Not a statistical outlier,
influencer_1690,3258181,119717,10713,-0.92,3.67,1451,6.8,25.019999999999996,0.6,APPROVE - Not a statistical outlier,
influencer_1691,924780,49780,4511,1.35,5.38,2235,12.8,59.24,16.2,APPROVE - Not a statistical outlier,
influencer_1692,2867451,159499,8867,3.69,5.56,1057,5.4,16.0,0.6,APPROVE - Not a statistical outlier,
influencer_1693,2469152,57528,3486,0.13,2.33,2244,6.7,24.240000000000002,0.2,APPROVE - Not a statistical outlier,
influencer_1694,4408871,145964,7774,3.89,3.31,989,5.8,18.7,0.2,APPROVE - Not a statistical outlier,
influencer_1695,1943811,72809,4074,4.16,3.75,2486,3.0,3.74,0.2,APPROVE - Not a statistical outlier,
influencer_1696,299090,17184,1574,3.25,5.75,2271,17.4,73.3,24.7,APPROVE - Not a statistical outlier,
influencer_1697,318348,19078,1584,0.25,5.99,2312,27.3,87.92,16.7,"CAUTION - Top 15% anomaly, monitor 2-4 weeks",
influencer_1698,1327283,28895,870,0.63,2.18,2795,10.8,50.519999999999996,0.0,APPROVE - Not a statistical outlier,
influencer_1699,93324,11807,812,20.99,12.65,1203,27.8,88.38000000000001,34.7,"CAUTION - Top 15% anomaly, monitor 2-4 weeks",
influencer_1700,2321688,67100,6688,0.1,2.89,845,14.7,66.07,1.2,APPROVE - Not a statistical outlier,
influencer_1701,1806808,191180,12932,35.44,10.58,433,24.3,84.43,44.3,APPROVE - Not a statistical outlier,
influencer_1702,1321567,13827,1145,4.14,1.05,922,9.6,43.75,2.2,APPROVE - Not a statistical outlier,
influencer_1703,4221459,139427,11366,2.17,3.3,2755,9.2,41.25,1.2,APPROVE - Not a statistical outlier,
influencer_1704,4537119,156152,7499,0.97,3.44,97,21.4,80.36,0.6,APPROVE - Not a statistical outlier,
influencer_1705,4016470,44697,2223,0.74,1.11,117,21.2,80.01,0.4,APPROVE - Not a statistical outlier,
influencer_1706,4655798,206467,16089,2.27,4.43,2294,9.3,42.01,0.6,APPROVE - Not a statistical outlier,
influencer_1707,3278419,80977,4858,0.96,2.47,2078,4.1,8.7,0.2,APPROVE - Not a statistical outlier,
influencer_1708,3623138,137659,9036,4.18,3.8,1188,3.2,4.42,0.9,APPROVE - Not a statistical outlier,
influencer_1709,2541476,63653,4903,0.27,2.5,1750,6.0,19.939999999999998,0.2,APPROVE - Not a statistical outlier,
influencer_1710,4230011,77649,6383,4.29,1.84,1404,6.5,22.900000000000002,0.7,APPROVE - Not a statistical outlier,
influencer_1711,938841,28501,1189,2.98,3.04,2217,3.2,4.42,0.0,APPROVE - Not a statistical outlier,
influencer_1712,1568053,33891,1075,4.74,2.16,2695,7.8,32.06,0.0,APPROVE - Not a statistical outlier,
influencer_1713,1917545,70450,3053,-0.91,3.67,2210,4.5,10.66,0.2,APPROVE - Not a statistical outlier,
influencer_1714,2844940,56732,3438,-0.65,1.99,1673,4.5,10.66,0.2,APPROVE - Not a statistical outlier,
influencer_1715,4548603,161112,7632,2.01,3.54,207,15.7,68.76,0.6,APPROVE - Not a statistical outlier,
influencer_1716,3933441,438034,28677,15.92,11.14,2887,29.6,89.92,30.0,"CAUTION - Top 15% anomaly, monitor 2-4 weeks",
influencer_1717,1208068,52609,1277,3.38,4.35,1411,5.7,18.01,0.0,APPROVE - Not a statistical outlier,
influencer_1718,4365406,208216,12655,2.73,4.77,2457,7.3,28.63,0.6,APPROVE - Not a statistical outlier,
influencer_1719,395274,18074,893,14.87,4.57,937,19.5,77.2,9.2,APPROVE - Not a statistical outlier,
influencer_1720,4412589,147336,9248,1.12,3.34,2735,9.9,45.440000000000005,0.6,APPROVE - Not a statistical outlier,
influencer_1721,1387980,18798,1011,1.08,1.35,2527,7.7,31.240000000000002,0.0,APPROVE - Not a statistical outlier,
influencer_1722,1209052,48252,2062,2.25,3.99,615,2.9,3.34,0.5,APPROVE - Not a statistical outlier,
influencer_1723,2856994,66340,6125,0.55,2.32,2540,9.5,43.15,0.9,APPROVE - Not a statistical outlier,
influencer_1724,2948762,107279,3731,0.6,3.64,1019,6.2,20.919999999999998,0.6,APPROVE - Not a statistical outlier,
influencer_1725,2394293,85890,6399,2.73,3.59,1161,1.6,0.3,1.2,APPROVE - Not a statistical outlier,
influencer_1726,3041267,170973,16066,4.67,5.62,2199,14.7,66.07,23.6,APPROVE - Not a statistical outlier,
influencer_1727,3843323,143948,9082,2.96,3.75,2094,3.5,5.62,0.6,APPROVE - Not a statistical outlier,
influencer_1728,1298076,174875,15758,47.15,13.47,1249,33.3,92.49000000000001,34.3,"CAUTION - Top 15% anomaly, monitor 2-4 weeks",
influencer_1729,1181887,24574,736,43.0,2.08,2404,22.3,81.64,24.7,APPROVE - Not a statistical outlier,
influencer_1730,1808610,103911,6183,-0.08,5.75,347,24.8,85.21,1.2,"CAUTION - Top 15% anomaly, monitor 2-4 weeks",
influencer_1731,4440850,216976,12272,-0.8,4.89,2886,14.9,66.64999999999999,0.6,APPROVE - Not a statistical outlier,
influencer_1732,2749385,66728,1377,3.47,2.43,1532,7.9,32.82,0.1,APPROVE - Not a statistical outlier,
influencer_1733,3716288,194029,10760,1.63,5.22,2064,6.9,25.8,0.2,APPROVE - Not a statistical outlier,
influencer_1734,1925401,60880,3014,1.57,3.16,2072,2.0,1.03,0.2,APPROVE - Not a statistical outlier,
influencer_1735,1897220,97580,7180,0.35,5.14,532,13.0,60.160000000000004,0.6,APPROVE - Not a statistical outlier,
influencer_1736,3139744,625359,59450,45.54,19.92,2052,53.6,99.62,31.3,"REJECT - Top 1% anomaly, escalate for manual audit",
influencer_1737,147470,2867,77,1.65,1.94,148,16.3,70.39,0.0,APPROVE - Not a statistical outlier,
influencer_1738,1368223,61648,2848,1.07,4.51,739,5.3,15.27,0.8,APPROVE - Not a statistical outlier,
influencer_1739,1056146,25909,1438,1.66,2.45,74,15.4,67.97,0.0,APPROVE - Not a statistical outlier,
influencer_1740,2429081,60422,3408,1.3,2.49,343,4.9,12.86,0.2,APPROVE - Not a statistical outlier,
influencer_1741,3680126,262599,21529,48.42,7.14,447,36.0,94.42,48.4,"CAUTION - Top 15% anomaly, monitor 2-4 weeks",
influencer_1742,3645843,168723,9359,4.88,4.63,2633,7.0,26.58,0.6,APPROVE - Not a statistical outlier,
influencer_1743,4274445,91863,2036,4.04,2.15,1131,11.2,52.04,0.0,APPROVE - Not a statistical outlier,
influencer_1744,4207419,42264,3246,4.94,1.0,355,19.2,76.74,2.2,APPROVE - Not a statistical outlier,
influencer_1745,3185790,145787,13235,0.59,4.58,1469,9.7,44.29,7.6,APPROVE - Not a statistical outlier,
influencer_1746,2907495,53960,3297,4.06,1.86,2016,4.2,9.19,0.0,APPROVE - Not a statistical outlier,
influencer_1747,4142363,63063,4192,1.44,1.52,2592,8.1,34.22,0.2,APPROVE - Not a statistical outlier,
influencer_1748,1575833,34472,1138,3.48,2.19,2291,4.9,12.86,0.0,APPROVE - Not a statistical outlier,
influencer_1749,2928337,84907,3196,0.21,2.9,103,26.9,87.56,0.2,"CAUTION - Top 15% anomaly, monitor 2-4 weeks",
influencer_1750,2049891,69276,2688,3.87,3.38,1632,2.0,1.03,0.2,APPROVE - Not a statistical outlier,
influencer_1751,1171439,14324,780,-0.5,1.22,538,9.0,39.94,0.0,APPROVE - Not a statistical outlier,
influencer_1752,4991961,292172,27537,0.62,5.85,2409,37.7,95.56,27.9,MANUAL REVIEW - Top 5% anomaly,Unsupervised flags anomaly; transfer model does not recognize pattern - review
influencer_1753,3647804,167080,10315,3.93,4.58,717,5.9,19.36,0.4,APPROVE - Not a statistical outlier,
influencer_1754,648296,16959,599,3.48,2.62,686,5.6,17.31,0.1,APPROVE - Not a statistical outlier,
influencer_1755,1550302,296639,12247,13.44,19.13,1572,36.3,94.72,29.7,"CAUTION - Top 15% anomaly, monitor 2-4 weeks",
influencer_1756,3123951,554371,28118,21.27,17.75,1322,33.5,92.67999999999999,33.3,"CAUTION - Top 15% anomaly, monitor 2-4 weeks",
influencer_1757,1679687,58325,4074,40.1,3.47,1429,13.0,60.160000000000004,24.6,APPROVE - Not a statistical outlier,
influencer_1758,801101,13873,765,3.01,1.73,2677,8.8,38.690000000000005,0.0,APPROVE - Not a statistical outlier,
influencer_1759,4101612,79761,4099,-0.95,1.94,1582,8.0,33.550000000000004,0.2,APPROVE - Not a statistical outlier,
influencer_1760,1960406,103846,6768,4.0,5.3,1105,3.1,4.06,0.9,APPROVE - Not a statistical outlier,
influencer_1761,965918,22035,867,2.1,2.28,354,5.6,17.31,0.0,APPROVE - Not a statistical outlier,
influencer_1762,497758,19816,521,22.03,3.98,1021,22.8,82.39999999999999,18.4,APPROVE - Not a statistical outlier,
influencer_1763,4643929,248745,5460,1.87,5.36,2023,16.1,69.86,0.2,APPROVE - Not a statistical outlier,
influencer_1764,29625,1278,51,1.6,4.32,746,12.7,58.809999999999995,0.1,APPROVE - Not a statistical outlier,
influencer_1765,2834552,76775,2098,1.7,2.71,2800,8.8,38.690000000000005,0.0,APPROVE - Not a statistical outlier,
influencer_1766,3432961,151685,7115,1.16,4.42,306,11.1,51.6,0.2,APPROVE - Not a statistical outlier,
influencer_1767,1277647,14033,1148,0.0,1.1,2613,12.9,59.67,0.0,APPROVE - Not a statistical outlier,
influencer_1768,4043608,189168,14623,4.05,4.68,181,19.1,76.57000000000001,2.3,APPROVE - Not a statistical outlier,
influencer_1769,4683315,160875,11080,1.33,3.44,984,8.8,38.690000000000005,0.2,APPROVE - Not a statistical outlier,
influencer_1770,2528576,128095,11297,2.17,5.07,1536,6.2,20.919999999999998,12.9,APPROVE - Not a statistical outlier,
influencer_1771,317205,18312,779,-0.88,5.77,288,17.8,74.05000000000001,0.0,APPROVE - Not a statistical outlier,
influencer_1772,3046315,171475,15570,-0.64,5.63,2401,17.1,72.35000000000001,17.2,APPROVE - Not a statistical outlier,
influencer_1773,3145480,570228,29617,12.41,18.13,898,37.2,95.3,38.3,MANUAL REVIEW - Top 5% anomaly,
influencer_1774,4296680,504580,26274,17.02,11.74,1221,27.4,88.01,32.3,"CAUTION - Top 15% anomaly, monitor 2-4 weeks",
influencer_1775,3571834,100036,5244,1.96,2.8,717,3.4,5.24,0.4,APPROVE - Not a statistical outlier,
influencer_1776,2931639,97482,2714,-0.01,3.33,339,17.0,72.11,0.2,APPROVE - Not a statistical outlier,
influencer_1777,2865781,127512,12501,-0.3,4.45,2880,18.8,75.96000000000001,7.2,APPROVE - Not a statistical outlier,
influencer_1778,4106519,222572,6917,4.4,5.42,1532,8.5,36.75,0.2,APPROVE - Not a statistical outlier,
influencer_1779,3618860,73641,3481,3.21,2.03,2697,6.6,23.56,0.4,APPROVE - Not a statistical outlier,
influencer_1780,4353360,342664,15606,12.28,7.87,502,33.8,92.86,8.0,"CAUTION - Top 15% anomaly, monitor 2-4 weeks",
influencer_1781,4829761,245153,6367,-0.51,5.08,2538,22.2,81.51,0.2,APPROVE - Not a statistical outlier,
influencer_1782,3941285,721445,23216,10.45,18.3,843,43.0,97.88,35.6,MANUAL REVIEW - Top 5% anomaly,
influencer_1783,4658089,251595,5934,4.07,5.4,875,16.7,71.39,0.8,APPROVE - Not a statistical outlier,
influencer_1784,2628144,63067,2736,4.36,2.4,1194,2.4,1.76,0.0,APPROVE - Not a statistical outlier,
influencer_1785,2826896,43245,3863,-0.97,1.53,696,7.4,29.270000000000003,0.2,APPROVE - Not a statistical outlier,
influencer_1786,4937792,84055,3963,49.84,1.7,2339,27.3,87.92,23.3,"CAUTION - Top 15% anomaly, monitor 2-4 weeks",
influencer_1787,2039540,50093,1497,2.29,2.46,1838,4.1,8.7,0.0,APPROVE - Not a statistical outlier,
influencer_1788,4877872,198574,14228,2.44,4.07,1473,8.9,39.31,0.6,APPROVE - Not a statistical outlier,
influencer_1789,2740956,137639,13726,1.82,5.02,1797,12.6,58.4,19.2,APPROVE - Not a statistical outlier,
influencer_1790,2620980,144055,5558,3.46,5.5,1294,4.9,12.86,0.2,APPROVE - Not a statistical outlier,
influencer_1791,722384,29753,1260,5.0,4.12,384,5.2,14.57,0.3,APPROVE - Not a statistical outlier,
influencer_1792,520777,5354,523,3.26,1.03,1902,17.9,74.22,0.0,APPROVE - Not a statistical outlier,
influencer_1793,3700181,71472,2451,3.07,1.93,2054,6.5,22.900000000000002,0.0,APPROVE - Not a statistical outlier,
influencer_1794,2888698,43290,2636,2.93,1.5,2847,8.7,38.05,0.0,APPROVE - Not a statistical outlier,
influencer_1795,4231625,119188,4668,3.17,2.82,209,13.1,60.69,0.6,APPROVE - Not a statistical outlier,
influencer_1796,2433593,85340,8072,1.05,3.51,95,20.1,78.18,1.2,APPROVE - Not a statistical outlier,
influencer_1797,4029812,49042,4831,0.92,1.22,849,12.3,57.16,0.2,APPROVE - Not a statistical outlier,
influencer_1798,4032464,110585,9419,3.71,2.74,1401,4.8,12.17,0.4,APPROVE - Not a statistical outlier,
influencer_1799,3391742,64303,2905,-0.68,1.9,200,12.8,59.24,0.2,APPROVE - Not a statistical outlier,
influencer_1800,157498,6670,348,3.56,4.24,2551,9.9,45.440000000000005,0.0,APPROVE - Not a statistical outlier,
influencer_1801,2888296,227452,8958,25.57,7.87,2611,18.9,76.14999999999999,8.0,APPROVE - Not a statistical outlier,
influencer_1802,4589887,159571,14562,2.13,3.48,1420,9.5,43.15,0.9,APPROVE - Not a statistical outlier,
influencer_1803,2737582,85917,8004,4.46,3.14,1160,5.6,17.31,1.0,APPROVE - Not a statistical outlier,
influencer_1804,1101500,63667,3406,1.84,5.78,2516,9.2,41.25,0.6,APPROVE - Not a statistical outlier,
influencer_1805,1577590,32714,2372,0.07,2.07,864,7.0,26.58,2.1,APPROVE - Not a statistical outlier,
influencer_1806,1962977,70339,2338,1.17,3.58,256,8.5,36.75,0.2,APPROVE - Not a statistical outlier,
influencer_1807,4033654,188778,10344,4.44,4.68,471,9.1,40.52,0.6,APPROVE - Not a statistical outlier,
influencer_1808,665468,25182,1775,4.96,3.78,2473,5.7,18.01,0.0,APPROVE - Not a statistical outlier,
influencer_1809,3361160,189740,9644,1.53,5.65,757,8.7,38.05,0.4,APPROVE - Not a statistical outlier,
influencer_1810,3286727,94981,4616,0.0,2.89,1634,9.1,40.52,0.2,APPROVE - Not a statistical outlier,
influencer_1811,881112,29238,587,0.72,3.32,2161,12.5,58.040000000000006,0.0,APPROVE - Not a statistical outlier,
influencer_1812,4553994,65696,5541,2.32,1.44,1066,9.8,44.83,0.4,APPROVE - Not a statistical outlier,
influencer_1813,3038099,122890,11201,2.43,4.04,1862,5.5,16.68,0.2,APPROVE - Not a statistical outlier,
influencer_1814,4275277,104362,10181,2.78,2.44,1878,9.1,40.52,0.6,APPROVE - Not a statistical outlier,
influencer_1815,3996609,72000,5583,4.01,1.8,2770,9.4,42.6,1.0,APPROVE - Not a statistical outlier,
influencer_1816,4829426,902604,57679,11.1,18.69,522,51.4,99.45,38.0,"REJECT - Top 1% anomaly, escalate for manual audit",
influencer_1817,2043823,74835,3108,0.57,3.66,1578,5.2,14.57,0.2,APPROVE - Not a statistical outlier,
influencer_1818,1049173,14471,1446,1.37,1.38,1173,11.4,53.1,0.0,APPROVE - Not a statistical outlier,
influencer_1819,1503025,67502,4534,4.04,4.49,999,2.1,1.2,0.8,APPROVE - Not a statistical outlier,
influencer_1820,2592661,106788,7954,2.8,4.12,2430,3.3,4.8500000000000005,0.6,APPROVE - Not a statistical outlier,
influencer_1821,1913584,37220,2776,-0.0,1.95,2117,9.6,43.75,0.9,APPROVE - Not a statistical outlier,
influencer_1822,3778538,126474,11081,0.95,3.35,669,7.3,28.63,0.6,APPROVE - Not a statistical outlier,
influencer_1823,226049,10401,216,3.75,4.6,202,16.9,71.83,0.1,APPROVE - Not a statistical outlier,
influencer_1824,1318191,48076,1808,0.03,3.65,1600,9.6,43.75,0.0,APPROVE - Not a statistical outlier,
influencer_1825,2862509,85229,6242,3.15,2.98,288,7.7,31.240000000000002,1.0,APPROVE - Not a statistical outlier,
influencer_1826,748419,19546,1790,2.38,2.61,546,7.1,27.279999999999998,0.3,APPROVE - Not a statistical outlier,
influencer_1827,1080924,43798,3277,-0.12,4.05,2807,13.2,61.160000000000004,0.6,APPROVE - Not a statistical outlier,
influencer_1828,2381932,418078,22191,42.76,17.55,552,35.6,94.11,40.0,"CAUTION - Top 15% anomaly, monitor 2-4 weeks",
influencer_1829,1655753,72169,3530,-0.15,4.36,1947,8.1,34.22,0.2,APPROVE - Not a statistical outlier,
influencer_1830,405772,5574,440,1.39,1.37,2916,15.4,67.97,0.0,APPROVE - Not a statistical outlier,
influencer_1831,1716499,120498,9555,29.23,7.02,2194,17.2,72.64,29.7,APPROVE - Not a statistical outlier,
influencer_1832,572107,31203,2139,3.14,5.45,2261,7.4,29.270000000000003,1.3,APPROVE - Not a statistical outlier,
influencer_1833,2076406,30571,1324,3.69,1.47,1959,4.9,12.86,0.0,APPROVE - Not a statistical outlier,
influencer_1834,2518334,149699,14073,0.01,5.94,1169,32.7,91.99000000000001,32.2,"CAUTION - Top 15% anomaly, monitor 2-4 weeks",
influencer_1835,2087213,189885,12181,10.87,9.1,2239,21.1,79.82000000000001,28.3,APPROVE - Not a statistical outlier,
influencer_1836,3359509,46743,3890,-0.96,1.39,2620,11.4,53.1,0.2,APPROVE - Not a statistical outlier,
influencer_1837,2780499,157572,5852,2.18,5.67,868,7.7,31.240000000000002,0.5,APPROVE - Not a statistical outlier,
influencer_1838,1914722,53912,2562,2.1,2.82,1119,1.0,0.06,0.2,APPROVE - Not a statistical outlier,
influencer_1839,2811860,275853,24817,16.25,9.81,1123,26.7,87.37,36.3,"CAUTION - Top 15% anomaly, monitor 2-4 weeks",
influencer_1840,549884,17001,408,0.44,3.09,2524,13.2,61.160000000000004,0.0,APPROVE - Not a statistical outlier,
influencer_1841,2000254,64093,3908,-0.94,3.2,2493,3.7,6.710000000000001,0.6,APPROVE - Not a statistical outlier,
influencer_1842,988471,41231,2413,1.73,4.17,2609,5.9,19.36,0.6,APPROVE - Not a statistical outlier,
influencer_1843,4254486,207295,16604,-0.57,4.87,2518,14.4,64.98,0.6,APPROVE - Not a statistical outlier,
influencer_1844,4157532,48599,2067,4.35,1.17,2815,12.7,58.809999999999995,0.0,APPROVE - Not a statistical outlier,
influencer_1845,1702667,112534,4222,16.39,6.61,1999,23.2,82.95,3.0,APPROVE - Not a statistical outlier,
influencer_1846,3618556,69970,6583,1.55,1.93,2541,9.2,41.25,1.2,APPROVE - Not a statistical outlier,
influencer_1847,2868340,78298,5147,1.6,2.73,2473,3.5,5.62,1.2,APPROVE - Not a statistical outlier,
influencer_1848,259517,7110,201,2.32,2.74,2788,13.5,62.239999999999995,0.0,APPROVE - Not a statistical outlier,
influencer_1849,1358133,78354,2777,23.84,5.77,1604,13.6,62.64999999999999,7.3,APPROVE - Not a statistical outlier,
influencer_1850,706475,18867,1884,1.83,2.67,1610,9.2,41.25,0.4,APPROVE - Not a statistical outlier,
influencer_1851,3940311,60554,2158,-0.85,1.54,2472,10.3,47.46,0.0,APPROVE - Not a statistical outlier,
influencer_1852,749013,78983,5437,21.2,10.55,2403,24.1,84.19,31.7,APPROVE - Not a statistical outlier,
influencer_1853,2789890,335702,17997,17.09,12.03,1144,22.1,81.38,35.3,APPROVE - Not a statistical outlier,
influencer_1854,1253078,142558,12951,32.55,11.38,779,27.6,88.21,40.8,"CAUTION - Top 15% anomaly, monitor 2-4 weeks",
influencer_1855,4339843,569298,45779,14.47,13.12,1123,36.6,94.89,35.0,"CAUTION - Top 15% anomaly, monitor 2-4 weeks",
influencer_1856,425226,6711,454,0.7,1.58,1219,8.4,36.04,0.0,APPROVE - Not a statistical outlier,
influencer_1857,3668591,210258,4385,1.69,5.73,2719,17.8,74.05000000000001,0.2,APPROVE - Not a statistical outlier,
influencer_1858,3268727,152545,13787,-0.91,4.67,2291,11.4,53.1,6.2,APPROVE - Not a statistical outlier,
influencer_1859,4118923,701474,38983,39.73,17.03,1905,37.0,95.16,30.7,MANUAL REVIEW - Top 5% anomaly,
influencer_1860,3604101,152323,14398,3.22,4.23,1817,7.4,29.270000000000003,1.2,APPROVE - Not a statistical outlier,
influencer_1861,4895640,251324,14989,0.39,5.13,2446,17.6,73.71,0.6,APPROVE - Not a statistical outlier,
influencer_1862,699956,10741,811,1.34,1.53,1637,6.8,25.019999999999996,0.0,APPROVE - Not a statistical outlier,
influencer_1863,3902529,137516,3512,3.17,3.52,78,23.0,82.72,0.4,APPROVE - Not a statistical outlier,
influencer_1864,3404096,152689,12155,1.15,4.49,1105,6.3,21.55,0.9,APPROVE - Not a statistical outlier,
influencer_1865,4281669,39729,1868,45.94,0.93,1342,25.3,85.75,24.6,"CAUTION - Top 15% anomaly, monitor 2-4 weeks",
influencer_1866,755950,109290,5257,35.05,14.46,1679,26.3,87.01,30.7,"CAUTION - Top 15% anomaly, monitor 2-4 weeks",
influencer_1867,176211,2398,70,3.34,1.36,2210,15.1,67.17,0.0,APPROVE - Not a statistical outlier,
influencer_1868,4093966,182324,5788,0.92,4.45,2863,13.2,61.160000000000004,0.2,APPROVE - Not a statistical outlier,
influencer_1869,4258950,156309,5449,-0.27,3.67,1219,10.5,48.67,0.2,APPROVE - Not a statistical outlier,
influencer_1870,266798,7725,357,3.98,2.9,1427,6.8,25.019999999999996,0.0,APPROVE - Not a statistical outlier,
influencer_1871,1531814,46978,4291,39.81,3.07,2450,19.5,77.2,26.6,APPROVE - Not a statistical outlier,
influencer_1872,1884376,77337,3825,2.08,4.1,1858,1.7,0.49,0.2,APPROVE - Not a statistical outlier,
influencer_1873,3892113,212313,16549,3.15,5.45,508,11.8,55.21,11.6,APPROVE - Not a statistical outlier,
influencer_1874,3022097,466888,12428,33.12,15.45,861,31.1,91.14,18.0,"CAUTION - Top 15% anomaly, monitor 2-4 weeks",
influencer_1875,156683,8027,540,2.89,5.12,2727,12.3,57.16,0.0,APPROVE - Not a statistical outlier,
influencer_1876,3004475,90458,5296,1.76,3.01,1644,2.5,2.02,1.2,APPROVE - Not a statistical outlier,
influencer_1877,4827563,72991,7170,2.42,1.51,711,17.8,74.05000000000001,0.4,APPROVE - Not a statistical outlier,
influencer_1878,4731741,61868,5425,2.54,1.31,2765,16.3,70.39,1.4,APPROVE - Not a statistical outlier,
influencer_1879,1988755,24992,1409,3.94,1.26,1353,5.7,18.01,0.0,APPROVE - Not a statistical outlier,
influencer_1880,1907039,55318,4536,2.94,2.9,111,13.6,62.64999999999999,0.6,APPROVE - Not a statistical outlier,
influencer_1881,4762260,127923,4533,0.59,2.69,116,23.9,83.93,0.2,APPROVE - Not a statistical outlier,
influencer_1882,1456465,287102,18657,22.24,19.71,2302,38.8,96.22,31.7,MANUAL REVIEW - Top 5% anomaly,
influencer_1883,4193814,197700,5134,-0.99,4.71,2093,12.9,59.67,0.2,APPROVE - Not a statistical outlier,
influencer_1884,995170,12482,597,4.43,1.25,851,9.0,39.94,0.2,APPROVE - Not a statistical outlier,
influencer_1885,2710644,57075,2172,4.65,2.11,192,14.1,64.12,0.2,APPROVE - Not a statistical outlier,
influencer_1886,212830,5046,391,-0.44,2.37,2591,14.7,66.07,0.0,APPROVE - Not a statistical outlier,
influencer_1887,3563613,133209,7886,1.92,3.74,2427,3.8,7.33,0.6,APPROVE - Not a statistical outlier,
influencer_1888,3330049,57362,4593,-0.09,1.72,1962,9.3,42.01,0.2,APPROVE - Not a statistical outlier,
influencer_1889,4756976,79427,4862,4.69,1.67,2758,12.6,58.4,0.0,APPROVE - Not a statistical outlier,
influencer_1890,522998,81633,2197,34.05,15.61,1880,32.5,91.85,14.3,"CAUTION - Top 15% anomaly, monitor 2-4 weeks",
influencer_1891,4061119,203909,16074,2.01,5.02,1890,8.6,37.35,1.2,APPROVE - Not a statistical outlier,
influencer_1892,3747169,71318,6180,-0.01,1.9,1145,10.1,46.379999999999995,0.6,APPROVE - Not a statistical outlier,
influencer_1893,76388,2824,260,49.66,3.7,2258,30.2,90.44,27.9,"CAUTION - Top 15% anomaly, monitor 2-4 weeks",
influencer_1894,1776767,49360,3245,0.6,2.78,2820,6.3,21.55,0.2,APPROVE - Not a statistical outlier,
influencer_1895,2330753,115489,9272,1.85,4.96,2737,10.4,48.0,0.9,APPROVE - Not a statistical outlier,
influencer_1896,1498618,53216,4265,1.52,3.55,1912,3.0,3.74,0.2,APPROVE - Not a statistical outlier,
influencer_1897,4022080,65931,2140,0.98,1.64,2570,10.7,49.99,0.0,APPROVE - Not a statistical outlier,
influencer_1898,4429690,207972,6891,-0.36,4.69,952,16.9,71.83,0.2,APPROVE - Not a statistical outlier,
influencer_1899,3490443,104170,2674,1.91,2.98,2205,7.1,27.279999999999998,0.2,APPROVE - Not a statistical outlier,
influencer_1900,2559944,59253,2701,4.1,2.31,1479,2.5,2.02,0.0,APPROVE - Not a statistical outlier,
influencer_1901,502174,14450,836,3.38,2.88,1612,5.1,13.919999999999998,0.0,APPROVE - Not a statistical outlier,
influencer_1902,2882777,100573,10040,3.32,3.49,594,10.5,48.67,0.6,APPROVE - Not a statistical outlier,
influencer_1903,2749996,74678,4068,1.2,2.72,2627,3.5,5.62,0.2,APPROVE - Not a statistical outlier,
influencer_1904,196246,4336,338,3.25,2.21,2530,11.4,53.1,0.0,APPROVE - Not a statistical outlier,
influencer_1905,3697176,110638,8350,1.79,2.99,500,6.0,19.939999999999998,0.6,APPROVE - Not a statistical outlier,
influencer_1906,2344394,25691,934,-0.1,1.1,1017,10.7,49.99,0.0,APPROVE - Not a statistical outlier,
influencer_1907,512083,26349,650,36.28,5.15,2815,24.9,85.34,17.3,"CAUTION - Top 15% anomaly, monitor 2-4 weeks",
influencer_1908,1013384,18795,1196,-0.2,1.85,1964,9.4,42.6,0.0,APPROVE - Not a statistical outlier,
influencer_1909,867964,10585,804,-0.31,1.22,253,13.5,62.239999999999995,0.0,APPROVE - Not a statistical outlier,
influencer_1910,50104,2138,213,-0.86,4.27,2231,22.2,81.51,6.3,APPROVE - Not a statistical outlier,
influencer_1911,3057277,148879,7248,0.7,4.87,2637,8.7,38.05,0.2,APPROVE - Not a statistical outlier,
influencer_1912,864663,134887,12370,32.11,15.6,380,35.3,93.96,41.8,"CAUTION - Top 15% anomaly, monitor 2-4 weeks",
influencer_1913,4759982,602528,30460,30.12,12.66,1958,33.5,92.67999999999999,30.0,"CAUTION - Top 15% anomaly, monitor 2-4 weeks",
influencer_1914,4401072,89202,6703,2.23,2.03,378,11.3,52.52,0.9,APPROVE - Not a statistical outlier,
influencer_1915,1207861,56602,3841,4.15,4.69,211,8.9,39.31,0.6,APPROVE - Not a statistical outlier,
influencer_1916,4966452,223419,5415,0.06,4.5,666,28.8,89.18,0.2,"CAUTION - Top 15% anomaly, monitor 2-4 weeks",
influencer_1917,3120612,525574,13807,16.91,16.84,1047,34.8,93.66,21.0,"CAUTION - Top 15% anomaly, monitor 2-4 weeks",
influencer_1918,2892005,159553,3456,4.65,5.52,2256,11.5,53.73,0.2,APPROVE - Not a statistical outlier,
influencer_1919,4937600,75143,3732,1.66,1.52,801,11.7,54.76,0.0,APPROVE - Not a statistical outlier,
influencer_1920,4737319,280138,22316,3.73,5.91,2971,24.4,84.58,17.9,APPROVE - Not a statistical outlier,
influencer_1921,258681,13713,463,1.95,5.3,1045,11.5,53.73,0.0,APPROVE - Not a statistical outlier,
influencer_1922,95018,4218,288,1.83,4.44,2141,11.4,53.1,0.0,APPROVE - Not a statistical outlier,
influencer_1923,1999197,113829,4906,-0.11,5.69,58,48.8,99.24,6.6,"REJECT - Top 1% anomaly, escalate for manual audit",Unsupervised flags anomaly; transfer model does not recognize pattern - review
influencer_1924,2055780,94803,7940,4.11,4.61,2449,5.7,18.01,1.2,APPROVE - Not a statistical outlier,
influencer_1925,3440782,67173,5633,-0.53,1.95,2174,8.6,37.35,0.9,APPROVE - Not a statistical outlier,
influencer_1926,4424408,142058,11653,0.86,3.21,1923,8.6,37.35,1.2,APPROVE - Not a statistical outlier,
influencer_1927,843186,11446,709,3.04,1.36,1495,7.9,32.82,0.0,APPROVE - Not a statistical outlier,
influencer_1928,4388814,129394,5533,2.04,2.95,1256,4.8,12.17,0.2,APPROVE - Not a statistical outlier,
influencer_1929,1494293,70351,5962,4.29,4.71,2098,4.8,12.17,1.6,APPROVE - Not a statistical outlier,
influencer_1930,2552314,74839,2610,-0.76,2.93,2812,8.3,35.29,0.2,APPROVE - Not a statistical outlier,
influencer_1931,1125905,29853,1289,2.9,2.65,1155,2.0,1.03,0.0,APPROVE - Not a statistical outlier,
influencer_1932,3106958,123556,4289,1.86,3.98,95,18.6,75.48,0.4,APPROVE - Not a statistical outlier,
influencer_1933,4890196,262164,19383,-0.07,5.36,2680,33.2,92.38,0.9,"CAUTION - Top 15% anomaly, monitor 2-4 weeks",
influencer_1934,3259084,40344,3021,3.46,1.24,1164,6.6,23.56,0.0,APPROVE - Not a statistical outlier,
influencer_1935,205451,6014,434,1.47,2.93,367,9.3,42.01,0.1,APPROVE - Not a statistical outlier,
influencer_1936,1981290,348658,18565,17.93,17.6,2200,33.5,92.67999999999999,30.3,"CAUTION - Top 15% anomaly, monitor 2-4 weeks",
influencer_1937,3425328,153344,4295,4.8,4.48,1758,6.3,21.55,0.2,APPROVE - Not a statistical outlier,
influencer_1938,4750959,185092,17193,29.79,3.9,476,29.0,89.41,38.9,"CAUTION - Top 15% anomaly, monitor 2-4 weeks",
influencer_1939,404322,17483,1059,3.94,4.32,2688,8.8,38.690000000000005,0.0,APPROVE - Not a statistical outlier,
influencer_1940,4572843,111161,5842,3.62,2.43,2748,9.3,42.01,0.7,APPROVE - Not a statistical outlier,
influencer_1941,4311796,86002,5771,2.98,1.99,2692,7.8,32.06,1.0,APPROVE - Not a statistical outlier,
influencer_1942,4078716,231742,8209,4.38,5.68,2974,16.9,71.83,0.6,APPROVE - Not a statistical outlier,
influencer_1943,4360879,47647,1458,0.51,1.09,310,21.8,80.94,0.0,APPROVE - Not a statistical outlier,
influencer_1944,2091545,66696,3497,3.92,3.19,625,2.5,2.02,0.4,APPROVE - Not a statistical outlier,
influencer_1945,1909802,21163,807,1.27,1.11,2016,7.3,28.63,0.0,APPROVE - Not a statistical outlier,
influencer_1946,1549075,52946,2093,3.87,3.42,2780,5.2,14.57,0.0,APPROVE - Not a statistical outlier,
influencer_1947,494948,17349,1585,1.96,3.51,1104,7.3,28.63,0.0,APPROVE - Not a statistical outlier,
influencer_1948,4169962,108765,6793,4.15,2.61,239,12.2,56.76,0.4,APPROVE - Not a statistical outlier,
influencer_1949,3745085,62198,3649,4.37,1.66,155,15.7,68.76,1.3,APPROVE - Not a statistical outlier,
influencer_1950,4909240,141481,10633,2.59,2.88,521,12.8,59.24,0.6,APPROVE - Not a statistical outlier,
influencer_1951,781641,34089,3276,2.05,4.36,999,7.4,29.270000000000003,13.2,APPROVE - Not a statistical outlier,
influencer_1952,4467134,219424,6358,3.7,4.91,610,12.4,57.63,0.6,APPROVE - Not a statistical outlier,
influencer_1953,1555205,56823,4925,0.6,3.65,2854,9.9,45.440000000000005,0.2,APPROVE - Not a statistical outlier,
influencer_1954,1705597,67356,4494,-0.91,3.95,2335,4.5,10.66,0.6,APPROVE - Not a statistical outlier,
influencer_1955,3766689,413241,13096,42.71,10.97,1241,27.4,88.01,12.3,"CAUTION - Top 15% anomaly, monitor 2-4 weeks",
influencer_1956,2552331,113500,4968,10.47,4.45,259,15.8,69.04,3.8,APPROVE - Not a statistical outlier,
influencer_1957,3128748,56614,3316,0.78,1.81,218,10.9,50.92,0.2,APPROVE - Not a statistical outlier,
influencer_1958,836036,18781,1414,1.3,2.25,2087,4.4,10.09,0.0,APPROVE - Not a statistical outlier,
influencer_1959,2370822,50366,1984,-0.2,2.12,2753,10.4,48.0,0.0,APPROVE - Not a statistical outlier,
influencer_1960,4002070,143964,9039,0.66,3.6,531,8.5,36.75,0.2,APPROVE - Not a statistical outlier,
influencer_1961,2389278,91113,6812,0.44,3.81,2162,6.2,20.919999999999998,0.9,APPROVE - Not a statistical outlier,
influencer_1962,2884791,165146,9231,0.81,5.72,78,27.4,88.01,0.9,"CAUTION - Top 15% anomaly, monitor 2-4 weeks",
influencer_1963,4181413,573791,51091,17.58,13.72,2915,40.2,96.84,30.7,MANUAL REVIEW - Top 5% anomaly,
influencer_1964,3497605,147192,13182,2.35,4.21,718,6.8,25.019999999999996,0.7,APPROVE - Not a statistical outlier,
influencer_1965,4949600,251751,14514,0.5,5.09,416,24.6,84.93,0.9,APPROVE - Not a statistical outlier,
influencer_1966,1306487,49662,4858,4.65,3.8,999,6.7,24.240000000000002,0.9,APPROVE - Not a statistical outlier,
influencer_1967,309623,7043,183,2.07,2.28,1035,9.8,44.83,0.0,APPROVE - Not a statistical outlier,
influencer_1968,3648371,84377,1710,-0.23,2.31,2295,14.6,65.66,0.0,APPROVE - Not a statistical outlier,
influencer_1969,3297903,39451,1990,0.68,1.2,1754,7.3,28.63,0.0,APPROVE - Not a statistical outlier,
influencer_1970,2269115,57345,3904,3.38,2.53,2034,2.4,1.76,0.0,APPROVE - Not a statistical outlier,
influencer_1971,1191402,56270,3957,-0.92,4.72,2332,7.3,28.63,0.6,APPROVE - Not a statistical outlier,
influencer_1972,1148116,34480,2003,18.77,3.0,2313,27.0,87.64999999999999,16.0,"CAUTION - Top 15% anomaly, monitor 2-4 weeks",
influencer_1973,2957566,62004,1859,1.67,2.1,1637,4.6,11.16,0.0,APPROVE - Not a statistical outlier,
influencer_1974,3773763,170995,5752,2.13,4.53,1819,5.5,16.68,0.2,APPROVE - Not a statistical outlier,
influencer_1975,311375,15298,1348,4.93,4.91,300,13.5,62.239999999999995,12.4,APPROVE - Not a statistical outlier,
influencer_1976,2127453,213192,19066,24.65,10.02,152,36.4,94.85,41.3,"CAUTION - Top 15% anomaly, monitor 2-4 weeks",
influencer_1977,1272300,57130,4222,4.69,4.49,2733,7.2,27.93,0.6,APPROVE - Not a statistical outlier,
influencer_1978,3660731,107616,7870,4.49,2.94,1310,3.8,7.33,0.4,APPROVE - Not a statistical outlier,
influencer_1979,4389087,695911,47192,34.89,15.86,1474,37.8,95.63000000000001,32.7,MANUAL REVIEW - Top 5% anomaly,
influencer_1980,3843411,134443,4871,32.29,3.5,288,23.6,83.49,34.9,APPROVE - Not a statistical outlier,
influencer_1981,1016416,39638,2150,0.78,3.9,977,5.2,14.57,0.0,APPROVE - Not a statistical outlier,
influencer_1982,4864059,184490,13960,44.22,3.79,2124,24.6,84.93,25.6,APPROVE - Not a statistical outlier,
influencer_1983,2315181,31110,1959,1.19,1.34,892,5.4,16.0,0.2,APPROVE - Not a statistical outlier,
influencer_1984,3405231,120442,2587,4.88,3.54,554,11.8,55.21,0.4,APPROVE - Not a statistical outlier,
influencer_1985,3266696,86391,8318,1.16,2.64,917,6.7,24.240000000000002,0.9,APPROVE - Not a statistical outlier,
influencer_1986,4573148,161960,14185,-0.35,3.54,237,26.2,86.83,1.2,"CAUTION - Top 15% anomaly, monitor 2-4 weeks",
influencer_1987,4206003,47102,1923,3.67,1.12,2824,12.8,59.24,0.4,APPROVE - Not a statistical outlier,
influencer_1988,3342861,85748,5943,1.2,2.57,178,10.5,48.67,0.9,APPROVE - Not a statistical outlier,
influencer_1989,4729307,241163,22635,2.73,5.1,467,24.7,85.1,23.7,"CAUTION - Top 15% anomaly, monitor 2-4 weeks",
influencer_1990,2616804,98645,2730,4.55,3.77,2232,6.7,24.240000000000002,0.2,APPROVE - Not a statistical outlier,
influencer_1991,4313717,140321,8453,2.45,3.25,1751,4.5,10.66,0.6,APPROVE - Not a statistical outlier,
influencer_1992,1983243,48145,2720,2.83,2.43,387,4.1,8.7,0.2,APPROVE - Not a statistical outlier,
influencer_1993,1693128,42162,2226,2.86,2.49,1270,1.4,0.13,0.2,APPROVE - Not a statistical outlier,
influencer_1994,3414654,99554,8645,2.67,2.92,1960,5.0,13.41,1.2,APPROVE - Not a statistical outlier,
influencer_1995,3271209,169378,8545,-0.04,5.18,485,20.6,79.03999999999999,0.2,APPROVE - Not a statistical outlier,
influencer_1996,216400,12629,316,1.74,5.84,2853,22.5,81.97,0.0,APPROVE - Not a statistical outlier,
influencer_1997,2658025,103577,2617,16.76,3.9,1662,22.9,82.56,7.3,APPROVE - Not a statistical outlier,
influencer_1998,3325664,98664,2310,2.76,2.97,658,7.7,31.240000000000002,0.4,APPROVE - Not a statistical outlier,
influencer_1999,4587440,240049,12658,2.45,5.23,2909,15.3,67.67,0.6,APPROVE - Not a statistical outlier,
influencer_2000,3595058,112688,8730,0.91,3.13,515,6.7,24.240000000000002,0.2,APPROVE - Not a statistical outlier,
influencer_2001,4585258,172409,6258,2.14,3.76,2610,9.3,42.01,0.6,APPROVE - Not a statistical outlier,
influencer_2002,2136219,46029,3301,1.96,2.15,229,6.9,25.8,0.2,APPROVE - Not a statistical outlier,
influencer_2003,1747621,134934,10115,46.12,7.72,400,26.8,87.47,50.9,"CAUTION - Top 15% anomaly, monitor 2-4 weeks",
influencer_2004,4213377,154207,6232,0.76,3.66,1043,7.1,27.279999999999998,0.2,APPROVE - Not a statistical outlier,
influencer_2005,4231339,213478,14526,3.58,5.05,2012,6.9,25.8,0.6,APPROVE - Not a statistical outlier,
influencer_2006,1245625,61081,4568,3.53,4.9,2930,9.0,39.94,0.9,APPROVE - Not a statistical outlier,
influencer_2007,234782,4871,279,1.82,2.08,1501,8.5,36.75,0.0,APPROVE - Not a statistical outlier,
influencer_2008,4810109,220215,10336,3.31,4.58,277,18.6,75.48,1.0,APPROVE - Not a statistical outlier,
influencer_2009,3736466,186833,12990,1.7,5.0,817,7.9,32.82,0.7,APPROVE - Not a statistical outlier,
influencer_2010,1584246,43258,4249,4.11,2.73,2341,8.6,37.35,0.4,APPROVE - Not a statistical outlier,
influencer_2011,727331,13550,733,1.0,1.86,2108,7.1,27.279999999999998,0.0,APPROVE - Not a statistical outlier,
influencer_2012,1795291,18189,933,4.56,1.01,1551,9.0,39.94,0.0,APPROVE - Not a statistical outlier,
influencer_2013,4953075,469843,26847,41.5,9.49,1302,33.0,92.23,31.0,"CAUTION - Top 15% anomaly, monitor 2-4 weeks",
influencer_2014,3899606,107713,2811,2.21,2.76,634,8.3,35.29,0.4,APPROVE - Not a statistical outlier,
influencer_2015,2983448,112611,7235,3.02,3.77,1719,1.6,0.3,0.9,APPROVE - Not a statistical outlier,
influencer_2016,4862993,94352,4368,1.05,1.94,1447,10.5,48.67,0.2,APPROVE - Not a statistical outlier,
influencer_2017,2879117,152545,4532,3.35,5.3,1850,6.6,23.56,0.2,APPROVE - Not a statistical outlier,
influencer_2018,4482617,495544,28394,23.13,11.05,531,32.2,91.64999999999999,39.0,"CAUTION - Top 15% anomaly, monitor 2-4 weeks",
influencer_2019,4282772,91315,1851,1.39,2.13,2963,17.2,72.64,0.0,APPROVE - Not a statistical outlier,
influencer_2020,2044037,69570,3627,3.05,3.4,578,2.1,1.2,0.4,APPROVE - Not a statistical outlier,
influencer_2021,4387007,121630,3461,47.99,2.77,1395,23.6,83.49,24.3,APPROVE - Not a statistical outlier,
influencer_2022,3734149,77499,1700,0.2,2.08,868,14.6,65.66,0.2,APPROVE - Not a statistical outlier,
influencer_2023,3088821,552929,47528,31.85,17.9,1460,40.2,96.84,33.0,MANUAL REVIEW - Top 5% anomaly,
influencer_2024,2805802,51865,4838,4.53,1.85,1478,6.5,22.900000000000002,0.0,APPROVE - Not a statistical outlier,
influencer_2025,4158263,190959,6991,2.76,4.59,877,7.1,27.279999999999998,0.5,APPROVE - Not a statistical outlier,
influencer_2026,4489198,217746,13749,3.87,4.85,643,10.0,45.910000000000004,1.0,APPROVE - Not a statistical outlier,
influencer_2027,1614325,53460,2257,4.92,3.31,441,4.7,11.61,0.7,APPROVE - Not a statistical outlier,
influencer_2028,3613744,258595,15382,20.73,7.16,2509,17.7,73.9,14.3,APPROVE - Not a statistical outlier,
influencer_2029,1127798,52777,2899,4.45,4.68,707,3.4,5.24,0.9,APPROVE - Not a statistical outlier,
influencer_2030,2734460,46250,1920,1.16,1.69,188,12.4,57.63,0.2,APPROVE - Not a statistical outlier,
influencer_2031,4116362,240020,18249,3.2,5.83,2091,11.2,52.04,10.9,APPROVE - Not a statistical outlier,
influencer_2032,1704377,87011,2620,-0.67,5.11,402,11.9,55.67999999999999,0.4,APPROVE - Not a statistical outlier,
influencer_2033,1253557,25352,614,3.73,2.02,2302,8.5,36.75,0.0,APPROVE - Not a statistical outlier,
influencer_2034,4299515,800631,65182,24.75,18.62,1126,45.9,98.76,37.6,MANUAL REVIEW - Top 5% anomaly,
influencer_2035,3333049,54272,3976,1.41,1.63,2588,7.6,30.54,0.2,APPROVE - Not a statistical outlier,
influencer_2036,1491687,25237,1511,2.83,1.69,632,5.8,18.7,0.2,APPROVE - Not a statistical outlier,
influencer_2037,4682993,222011,12748,4.15,4.74,245,18.8,75.96000000000001,1.6,APPROVE - Not a statistical outlier,
influencer_2038,924160,30943,1850,4.3,3.35,2026,4.2,9.19,0.0,APPROVE - Not a statistical outlier,
influencer_2039,4058025,199438,10961,-0.36,4.91,1594,11.8,55.21,0.2,APPROVE - Not a statistical outlier,
influencer_2040,3603684,170500,8769,3.96,4.73,1870,2.9,3.34,0.2,APPROVE - Not a statistical outlier,
influencer_2041,2948893,13785,826,13.92,0.47,1992,29.8,90.16,25.3,"CAUTION - Top 15% anomaly, monitor 2-4 weeks",
influencer_2042,3789963,167964,10461,3.36,4.43,2917,8.9,39.31,0.6,APPROVE - Not a statistical outlier,
influencer_2043,3875910,42316,3188,0.95,1.09,756,8.4,36.04,0.0,APPROVE - Not a statistical outlier,
influencer_2044,3152629,80672,6203,-0.66,2.56,1274,5.8,18.7,0.9,APPROVE - Not a statistical outlier,
influencer_2045,2260776,162994,8183,48.49,7.21,2631,22.7,82.26,21.6,APPROVE - Not a statistical outlier,
influencer_2046,3369045,35264,1871,1.45,1.05,1095,9.0,39.94,0.1,APPROVE - Not a statistical outlier,
influencer_2047,4888349,56943,2841,3.45,1.16,705,15.6,68.47999999999999,0.6,APPROVE - Not a statistical outlier,
influencer_2048,4341092,228317,14366,-0.4,5.26,2950,17.4,73.3,0.6,APPROVE - Not a statistical outlier,
influencer_2049,4833691,213655,12022,3.88,4.42,312,16.4,70.67999999999999,1.3,APPROVE - Not a statistical outlier,
influencer_2050,2633578,61279,5586,4.98,2.33,1111,4.8,12.17,1.4,APPROVE - Not a statistical outlier,
influencer_2051,969616,43049,3259,3.73,4.44,2911,8.6,37.35,0.6,APPROVE - Not a statistical outlier,
influencer_2052,4218733,209345,19237,1.84,4.96,2614,16.5,70.91,18.9,APPROVE - Not a statistical outlier,
influencer_2053,1251956,31724,2434,2.41,2.53,1938,2.7,2.62,1.2,APPROVE - Not a statistical outlier,
influencer_2054,1491036,32819,3205,29.46,2.2,1182,17.0,72.11,29.6,APPROVE - Not a statistical outlier,
influencer_2055,2870729,569233,40335,28.96,19.83,2919,44.9,98.56,31.7,MANUAL REVIEW - Top 5% anomaly,
influencer_2056,1810377,49349,4790,4.39,2.73,977,5.8,18.7,0.4,APPROVE - Not a statistical outlier,
influencer_2057,1066923,16349,533,-0.87,1.53,694,9.1,40.52,0.0,APPROVE - Not a statistical outlier,
influencer_2058,1721856,59563,1441,4.43,3.46,1747,6.1,20.380000000000003,0.0,APPROVE - Not a statistical outlier,
influencer_2059,557110,26977,1789,-0.32,4.84,1178,11.6,54.290000000000006,0.0,APPROVE - Not a statistical outlier,
influencer_2060,965163,20347,2007,-0.2,2.11,96,25.7,86.24000000000001,0.1,"CAUTION - Top 15% anomaly, monitor 2-4 weeks",
influencer_2061,3013539,70741,3778,0.05,2.35,2083,8.6,37.35,0.2,APPROVE - Not a statistical outlier,
influencer_2062,4203271,93042,3439,3.8,2.21,666,7.9,32.82,0.0,APPROVE - Not a statistical outlier,
influencer_2063,4043879,494685,30533,42.37,12.23,343,36.1,94.54,42.8,"CAUTION - Top 15% anomaly, monitor 2-4 weeks",
influencer_2064,3682887,73179,5261,-0.13,1.99,594,9.5,43.15,0.6,APPROVE - Not a statistical outlier,
influencer_2065,2323523,90096,4073,3.12,3.88,1631,1.7,0.49,0.2,APPROVE - Not a statistical outlier,
influencer_2066,3876358,218096,16832,4.64,5.63,855,10.5,48.67,11.5,APPROVE - Not a statistical outlier,
influencer_2067,1214261,21061,2064,2.43,1.73,2583,10.8,50.519999999999996,0.7,APPROVE - Not a statistical outlier,
influencer_2068,4747771,277947,25503,-0.41,5.85,1135,34.4,93.32000000000001,28.2,"CAUTION - Top 15% anomaly, monitor 2-4 weeks",
influencer_2069,252537,14489,627,-0.67,5.74,1055,16.2,70.1,0.0,APPROVE - Not a statistical outlier,
influencer_2070,1757124,95286,4396,3.78,5.42,2281,4.7,11.61,0.6,APPROVE - Not a statistical outlier,
influencer_2071,842531,17463,868,2.76,2.07,691,5.9,19.36,0.0,APPROVE - Not a statistical outlier,
influencer_2072,865645,36099,1861,4.54,4.17,834,3.6,6.12,0.4,APPROVE - Not a statistical outlier,
influencer_2073,1429127,68661,1924,2.28,4.8,2481,7.2,27.93,0.0,APPROVE - Not a statistical outlier,
influencer_2074,472082,19197,1554,12.31,4.07,565,16.5,70.91,12.1,APPROVE - Not a statistical outlier,
influencer_2075,1922277,26884,1323,34.33,1.4,1421,15.8,69.04,23.9,APPROVE - Not a statistical outlier,
influencer_2076,4255849,732112,66172,18.43,17.2,1265,43.7,98.15,34.0,MANUAL REVIEW - Top 5% anomaly,
influencer_2077,3448794,92910,8747,1.31,2.69,2654,10.1,46.379999999999995,1.6,APPROVE - Not a statistical outlier,
influencer_2078,1616777,30365,666,5.0,1.88,2840,13.7,63.0,0.0,APPROVE - Not a statistical outlier,
influencer_2079,3505905,362255,35892,39.34,10.33,1950,33.3,92.49000000000001,31.0,"CAUTION - Top 15% anomaly, monitor 2-4 weeks",
influencer_2080,3513664,174600,13409,2.28,4.97,2194,6.5,22.900000000000002,0.6,APPROVE - Not a statistical outlier,
influencer_2081,974181,32384,1995,0.35,3.32,657,7.2,27.93,0.4,APPROVE - Not a statistical outlier,
influencer_2082,3117810,114972,5882,-0.09,3.69,778,9.2,41.25,0.2,APPROVE - Not a statistical outlier,
influencer_2083,1492633,89196,5483,2.87,5.98,134,18.6,75.48,1.9,APPROVE - Not a statistical outlier,
influencer_2084,4896996,472365,21714,39.77,9.65,2572,33.8,92.86,24.0,"CAUTION - Top 15% anomaly, monitor 2-4 weeks",
influencer_2085,1534854,62576,4368,-0.97,4.08,75,19.4,77.02,0.8,APPROVE - Not a statistical outlier,
influencer_2086,2062774,58298,1599,0.71,2.83,2900,11.6,54.290000000000006,0.0,APPROVE - Not a statistical outlier,
influencer_2087,2791358,82733,5765,2.86,2.96,1384,2.0,1.03,0.9,APPROVE - Not a statistical outlier,
influencer_2088,3861562,172928,7267,3.87,4.48,1269,3.8,7.33,0.2,APPROVE - Not a statistical outlier,
influencer_2089,3191664,371601,7956,45.88,11.64,1011,30.9,91.01,12.5,"CAUTION - Top 15% anomaly, monitor 2-4 weeks",
influencer_2090,1766524,65569,4210,2.88,3.71,989,0.7,0.04,0.6,APPROVE - Not a statistical outlier,
influencer_2091,1251632,60604,4016,0.59,4.84,1545,6.5,22.900000000000002,0.2,APPROVE - Not a statistical outlier,
influencer_2092,2323621,344417,18641,48.65,14.82,1866,30.9,91.01,32.0,"CAUTION - Top 15% anomaly, monitor 2-4 weeks",
influencer_2093,138478,2846,73,3.19,2.06,2922,18.8,75.96000000000001,0.0,APPROVE - Not a statistical outlier,
influencer_2094,3244087,113888,10417,-0.22,3.51,2526,11.9,55.67999999999999,0.6,APPROVE - Not a statistical outlier,
influencer_2095,910711,10018,690,2.99,1.1,2613,11.8,55.21,0.0,APPROVE - Not a statistical outlier,
influencer_2096,3712584,84063,2459,1.0,2.26,2588,9.3,42.01,0.2,APPROVE - Not a statistical outlier,
influencer_2097,1620715,58135,3538,0.04,3.59,1511,6.7,24.240000000000002,0.2,APPROVE - Not a statistical outlier,
influencer_2098,2591310,27851,1664,2.0,1.07,1589,6.9,25.8,0.1,APPROVE - Not a statistical outlier,
influencer_2099,1628687,37830,939,1.71,2.32,2617,8.4,36.04,0.3,APPROVE - Not a statistical outlier,
influencer_2100,961612,34331,2353,3.64,3.57,1537,3.1,4.06,1.9,APPROVE - Not a statistical outlier,
influencer_2101,428387,71776,6076,31.63,16.76,2093,35.4,94.01,32.3,"CAUTION - Top 15% anomaly, monitor 2-4 weeks",
influencer_2102,3647259,205295,16407,3.74,5.63,2030,9.6,43.75,12.9,APPROVE - Not a statistical outlier,
influencer_2103,1545613,65328,2367,-0.36,4.23,2320,9.2,41.25,0.6,APPROVE - Not a statistical outlier,
influencer_2104,1298638,39915,3551,0.24,3.07,2003,8.3,35.29,0.6,APPROVE - Not a statistical outlier,
influencer_2105,4630988,261732,12406,2.1,5.65,941,14.4,64.98,0.6,APPROVE - Not a statistical outlier,
influencer_2106,2155174,106129,10158,1.78,4.92,1324,9.6,43.75,19.6,APPROVE - Not a statistical outlier,
influencer_2107,2431525,394021,10142,30.74,16.2,2838,33.7,92.77,13.7,"CAUTION - Top 15% anomaly, monitor 2-4 weeks",
influencer_2108,3096010,582450,34304,27.85,18.81,1832,36.0,94.42,31.7,"CAUTION - Top 15% anomaly, monitor 2-4 weeks",
influencer_2109,2457070,107596,7291,0.96,4.38,2782,8.2,34.74,0.6,APPROVE - Not a statistical outlier,
influencer_2110,490626,7439,296,25.9,1.52,1783,19.6,77.4,24.7,APPROVE - Not a statistical outlier,
influencer_2111,289859,14343,1171,0.87,4.95,144,17.6,73.71,1.7,APPROVE - Not a statistical outlier,
influencer_2112,4750766,223002,15643,0.64,4.69,1633,13.3,61.56,0.6,APPROVE - Not a statistical outlier,
influencer_2113,1547236,63839,1369,1.97,4.13,1352,6.9,25.8,0.0,APPROVE - Not a statistical outlier,
influencer_2114,4002412,539227,37028,34.35,13.47,1890,31.1,91.14,30.7,"CAUTION - Top 15% anomaly, monitor 2-4 weeks",
influencer_2115,2291870,84064,4986,3.25,3.67,2474,2.3,1.59,0.6,APPROVE - Not a statistical outlier,
influencer_2116,595305,9319,332,3.06,1.57,2471,10.2,46.94,0.0,APPROVE - Not a statistical outlier,
influencer_2117,4258341,218936,21819,3.36,5.14,1128,18.8,75.96000000000001,24.2,APPROVE - Not a statistical outlier,
influencer_2118,3760834,84967,7797,2.96,2.26,1007,5.0,13.41,0.4,APPROVE - Not a statistical outlier,
influencer_2119,2628988,128465,5575,3.56,4.89,1535,1.9,0.84,0.6,APPROVE - Not a statistical outlier,
influencer_2120,205366,24321,1539,15.18,11.84,1156,25.9,86.44,34.3,"CAUTION - Top 15% anomaly, monitor 2-4 weeks",
influencer_2121,503420,44912,2035,26.59,8.92,326,22.8,82.39999999999999,14.2,APPROVE - Not a statistical outlier,
influencer_2122,2252401,89648,7354,1.17,3.98,2255,5.4,16.0,0.6,APPROVE - Not a statistical outlier,
influencer_2123,1680161,122961,11610,33.26,7.32,2392,23.9,83.93,33.7,APPROVE - Not a statistical outlier,
influencer_2124,1039199,29326,1428,3.29,2.82,1092,2.2,1.4000000000000001,0.0,APPROVE - Not a statistical outlier,
influencer_2125,661902,69431,5863,23.29,10.49,288,26.2,86.83,41.2,"CAUTION - Top 15% anomaly, monitor 2-4 weeks",
influencer_2126,1539112,64363,3853,-0.88,4.18,2084,5.1,13.919999999999998,0.6,APPROVE - Not a statistical outlier,
influencer_2127,1727676,82174,4250,0.41,4.76,2126,7.7,31.240000000000002,0.2,APPROVE - Not a statistical outlier,
influencer_2128,1371073,60225,5725,3.82,4.39,2238,7.8,32.06,8.9,APPROVE - Not a statistical outlier,
influencer_2129,4154585,234514,14266,46.54,5.64,1922,21.1,79.82000000000001,23.3,APPROVE - Not a statistical outlier,
influencer_2130,1686996,58537,3359,3.38,3.47,205,7.9,32.82,0.6,APPROVE - Not a statistical outlier,
influencer_2131,3247417,161013,11881,0.11,4.96,1030,14.9,66.64999999999999,0.6,APPROVE - Not a statistical outlier,
influencer_2132,703436,23765,971,2.64,3.38,1948,4.0,8.24,0.0,APPROVE - Not a statistical outlier,
influencer_2133,2544788,93727,4309,2.77,3.68,2532,2.9,3.34,0.2,APPROVE - Not a statistical outlier,
influencer_2134,1353144,65704,6213,3.51,4.86,1697,6.8,25.019999999999996,19.6,APPROVE - Not a statistical outlier,
influencer_2135,1552330,66848,4965,1.63,4.31,305,7.1,27.279999999999998,0.6,APPROVE - Not a statistical outlier,
influencer_2136,972248,88425,7616,11.97,9.09,2575,36.7,94.94,30.7,"CAUTION - Top 15% anomaly, monitor 2-4 weeks",
influencer_2137,4658851,255168,10637,1.92,5.48,705,15.4,67.97,0.4,APPROVE - Not a statistical outlier,
influencer_2138,2608411,47286,3002,4.68,1.81,1853,4.6,11.16,0.0,APPROVE - Not a statistical outlier,
influencer_2139,1694439,101286,9896,2.13,5.98,1081,19.5,77.2,36.4,APPROVE - Not a statistical outlier,
influencer_2140,1832094,257625,11720,23.32,14.06,1386,22.6,82.13000000000001,33.0,APPROVE - Not a statistical outlier,
influencer_2141,3438172,300791,9877,47.34,8.75,2133,25.8,86.35000000000001,14.0,"CAUTION - Top 15% anomaly, monitor 2-4 weeks",
influencer_2142,1060325,57788,3517,2.29,5.45,576,6.8,25.019999999999996,0.9,APPROVE - Not a statistical outlier,
influencer_2143,1964571,43707,2230,3.82,2.22,1165,2.3,1.59,0.0,APPROVE - Not a statistical outlier,
influencer_2144,4420323,205478,6732,0.06,4.65,2113,18.4,75.07000000000001,0.6,APPROVE - Not a statistical outlier,
influencer_2145,598218,30240,2754,0.57,5.06,2070,14.7,66.07,18.6,APPROVE - Not a statistical outlier,
influencer_2146,3816144,174055,17276,14.94,4.56,468,29.5,89.83,32.7,"CAUTION - Top 15% anomaly, monitor 2-4 weeks",
influencer_2147,3437252,204790,13410,4.58,5.96,1782,8.6,37.35,0.9,APPROVE - Not a statistical outlier,
influencer_2148,818052,20207,1656,1.65,2.47,1645,4.3,9.62,0.0,APPROVE - Not a statistical outlier,
influencer_2149,1986957,90430,8023,-0.71,4.55,1879,8.3,35.29,0.9,APPROVE - Not a statistical outlier,
influencer_2150,4914705,785546,59763,43.55,15.98,2672,48.1,99.09,30.7,"REJECT - Top 1% anomaly, escalate for manual audit",
influencer_2151,1429080,43358,1020,0.48,3.03,1630,8.8,38.690000000000005,0.0,APPROVE - Not a statistical outlier,
influencer_2152,1102928,57791,1884,1.49,5.24,1693,6.5,22.900000000000002,0.0,APPROVE - Not a statistical outlier,
influencer_2153,2522279,71589,1838,0.91,2.84,336,10.0,45.910000000000004,0.2,APPROVE - Not a statistical outlier,
influencer_2154,2101343,250431,5206,28.87,11.92,648,26.9,87.56,6.7,"CAUTION - Top 15% anomaly, monitor 2-4 weeks",
influencer_2155,4097392,144181,6413,-0.98,3.52,1162,7.2,27.93,0.2,APPROVE - Not a statistical outlier,
influencer_2156,2727016,115346,5927,2.87,4.23,1425,1.3,0.08,0.2,APPROVE - Not a statistical outlier,
influencer_2157,1245289,73029,2868,2.99,5.86,2434,7.0,26.58,0.6,APPROVE - Not a statistical outlier,
influencer_2158,443939,5676,142,2.96,1.28,2258,14.2,64.45,0.0,APPROVE - Not a statistical outlier,
influencer_2159,1053207,40757,2542,2.12,3.87,1409,2.5,2.02,0.6,APPROVE - Not a statistical outlier,
influencer_2160,3283972,174547,7307,2.67,5.32,1729,4.0,8.24,0.2,APPROVE - Not a statistical outlier,
influencer_2161,305224,10398,870,3.86,3.41,2145,8.6,37.35,0.3,APPROVE - Not a statistical outlier,
influencer_2162,4415473,61491,1269,3.71,1.39,2369,17.4,73.3,0.0,APPROVE - Not a statistical outlier,
influencer_2163,2712793,103159,9016,-0.79,3.8,2769,11.5,53.73,0.6,APPROVE - Not a statistical outlier,
influencer_2164,4748263,560289,54000,41.56,11.8,210,55.3,99.66000000000001,42.5,"REJECT - Top 1% anomaly, escalate for manual audit",
influencer_2165,2320124,41175,3182,4.03,1.77,2511,5.4,16.0,0.0,APPROVE - Not a statistical outlier,
influencer_2166,3924227,226143,17795,43.14,5.76,1517,22.0,81.22,31.6,APPROVE - Not a statistical outlier,
influencer_2167,2074290,74840,7086,4.74,3.61,943,5.6,17.31,1.6,APPROVE - Not a statistical outlier,
influencer_2168,4943625,280124,10287,1.59,5.67,1587,18.1,74.66000000000001,0.2,APPROVE - Not a statistical outlier,
influencer_2169,2519970,126756,12620,0.06,5.03,2143,24.4,84.58,16.9,APPROVE - Not a statistical outlier,
influencer_2170,3890877,173722,14224,1.84,4.46,1074,6.6,23.56,0.6,APPROVE - Not a statistical outlier,
influencer_2171,1728408,17718,1384,1.62,1.03,1665,8.3,35.29,0.0,APPROVE - Not a statistical outlier,
influencer_2172,2802742,87981,4301,2.1,3.14,2461,3.0,3.74,0.2,APPROVE - Not a statistical outlier,
influencer_2173,3089272,61397,3908,3.85,1.99,1668,3.6,6.12,0.0,APPROVE - Not a statistical outlier,
influencer_2174,1056675,27151,1963,46.64,2.57,1612,17.7,73.9,25.0,APPROVE - Not a statistical outlier,
influencer_2175,3565375,66776,4649,0.11,1.87,2116,7.5,29.880000000000003,0.2,APPROVE - Not a statistical outlier,
influencer_2176,966188,38311,2926,22.27,3.97,1338,11.6,54.290000000000006,20.6,APPROVE - Not a statistical outlier,
influencer_2177,4749703,170238,4526,2.55,3.58,851,11.7,54.76,0.5,APPROVE - Not a statistical outlier,
influencer_2178,2162088,50091,2427,2.47,2.32,631,2.9,3.34,0.2,APPROVE - Not a statistical outlier,
influencer_2179,2321484,47574,2603,3.07,2.05,1650,2.9,3.34,0.0,APPROVE - Not a statistical outlier,
influencer_2180,4106223,164064,6702,2.38,4.0,814,5.0,13.41,0.4,APPROVE - Not a statistical outlier,
influencer_2181,2823988,40796,1379,1.75,1.44,1241,6.9,25.8,0.1,APPROVE - Not a statistical outlier,
influencer_2182,3920047,50601,1574,2.84,1.29,700,11.9,55.67999999999999,0.5,APPROVE - Not a statistical outlier,
influencer_2183,3469792,99278,4895,3.34,2.86,1296,2.9,3.34,0.2,APPROVE - Not a statistical outlier,
influencer_2184,488510,22487,1337,0.35,4.6,1126,9.7,44.29,0.0,APPROVE - Not a statistical outlier,
influencer_2185,3576168,134965,3379,1.98,3.77,2556,8.9,39.31,0.2,APPROVE - Not a statistical outlier,
influencer_2186,4056447,665045,63655,13.3,16.39,2027,44.3,98.36,28.7,MANUAL REVIEW - Top 5% anomaly,Unsupervised flags anomaly; transfer model does not recognize pattern - review
influencer_2187,1674879,68423,5557,33.56,4.09,2638,16.3,70.39,25.3,APPROVE - Not a statistical outlier,
influencer_2188,1781752,50374,3952,4.01,2.83,130,13.1,60.69,0.2,APPROVE - Not a statistical outlier,
influencer_2189,3294331,187142,6330,1.26,5.68,2591,12.4,57.63,0.2,APPROVE - Not a statistical outlier,
influencer_2190,3765455,47991,3277,-0.56,1.27,1809,8.5,36.75,0.2,APPROVE - Not a statistical outlier,
influencer_2191,4336518,189373,11812,1.75,4.37,205,16.9,71.83,1.4,APPROVE - Not a statistical outlier,
influencer_2192,404082,35573,3507,20.9,8.8,267,30.5,90.66,42.5,"CAUTION - Top 15% anomaly, monitor 2-4 weeks",
influencer_2193,202139,10146,809,3.23,5.02,2987,16.8,71.58,0.3,APPROVE - Not a statistical outlier,
influencer_2194,3905722,74997,4954,2.43,1.92,1152,4.1,8.7,0.0,APPROVE - Not a statistical outlier,
influencer_2195,2747866,68136,6000,0.62,2.48,2948,11.9,55.67999999999999,0.9,APPROVE - Not a statistical outlier,
influencer_2196,1208786,55425,1796,4.7,4.59,2007,4.7,11.61,0.0,APPROVE - Not a statistical outlier,
influencer_2197,93601,1330,28,0.75,1.42,2572,20.0,78.01,0.0,APPROVE - Not a statistical outlier,
influencer_2198,3176684,61878,4654,27.23,1.95,2033,15.2,67.4,21.6,APPROVE - Not a statistical outlier,
influencer_2199,3385068,155528,4333,3.81,4.59,1567,5.7,18.01,0.2,APPROVE - Not a statistical outlier,
influencer_2200,630085,29286,856,2.08,4.65,784,7.2,27.93,0.1,APPROVE - Not a statistical outlier,
influencer_2201,1960925,28730,2286,37.12,1.47,2288,18.7,75.73,22.7,APPROVE - Not a statistical outlier,
influencer_2202,3010887,138163,5753,4.06,4.59,1176,3.2,4.42,0.6,APPROVE - Not a statistical outlier,
influencer_2203,1519087,66826,4697,4.53,4.4,1441,2.2,1.4000000000000001,0.2,APPROVE - Not a statistical outlier,
influencer_2204,2014321,103830,9696,1.24,5.15,169,19.3,76.89,22.4,APPROVE - Not a statistical outlier,
influencer_2205,2519638,30436,1379,2.29,1.21,570,9.5,43.15,0.1,APPROVE - Not a statistical outlier,
influencer_2206,604103,17099,639,16.11,2.83,1444,23.5,83.35000000000001,11.0,APPROVE - Not a statistical outlier,
influencer_2207,4234583,121322,3460,4.42,2.87,299,16.4,70.67999999999999,0.2,APPROVE - Not a statistical outlier,
influencer_2208,4567235,74469,2266,18.55,1.63,1065,30.1,90.35,29.5,"CAUTION - Top 15% anomaly, monitor 2-4 weeks",
influencer_2209,1990968,75495,1885,4.27,3.79,1920,5.6,17.31,0.4,APPROVE - Not a statistical outlier,
influencer_2210,2246854,322156,8701,12.88,14.34,535,28.3,88.68,7.0,"CAUTION - Top 15% anomaly, monitor 2-4 weeks",
influencer_2211,4640681,137243,7488,-0.85,2.96,1159,10.0,45.910000000000004,0.2,APPROVE - Not a statistical outlier,
influencer_2212,2617241,238310,10883,19.74,9.11,2109,17.3,73.00999999999999,14.0,APPROVE - Not a statistical outlier,
influencer_2213,2844586,28480,2179,-0.23,1.0,1902,9.2,41.25,1.2,APPROVE - Not a statistical outlier,
influencer_2214,1258008,9432,845,43.41,0.75,1122,26.9,87.56,37.6,"CAUTION - Top 15% anomaly, monitor 2-4 weeks",
influencer_2215,4071211,46905,3882,0.75,1.15,842,9.0,39.94,0.2,APPROVE - Not a statistical outlier,
influencer_2216,3844688,101528,6340,-0.55,2.64,391,10.4,48.0,0.2,APPROVE - Not a statistical outlier,
influencer_2217,3617984,395213,11143,34.52,10.92,1486,24.5,84.75,8.3,APPROVE - Not a statistical outlier,
influencer_2218,4318561,64120,4923,4.74,1.48,958,7.8,32.06,0.6,APPROVE - Not a statistical outlier,
influencer_2219,4019365,487933,23921,40.46,12.14,129,48.9,99.26,42.3,"REJECT - Top 1% anomaly, escalate for manual audit",
influencer_2220,1004171,32710,878,-0.04,3.26,1711,12.7,58.809999999999995,0.0,APPROVE - Not a statistical outlier,
influencer_2221,2901737,165176,14435,3.31,5.69,2086,10.4,48.0,18.2,APPROVE - Not a statistical outlier,
influencer_2222,1371485,22116,1040,3.97,1.61,2774,8.2,34.74,0.0,APPROVE - Not a statistical outlier,
influencer_2223,1682076,34653,1298,0.88,2.06,1082,4.2,9.19,0.3,APPROVE - Not a statistical outlier,
influencer_2224,1612935,18511,1660,0.67,1.15,2539,10.6,49.38,0.0,APPROVE - Not a statistical outlier,
influencer_2225,113990,3613,333,0.45,3.17,950,14.7,66.07,0.3,APPROVE - Not a statistical outlier,
influencer_2226,982883,23482,1106,1.36,2.39,2467,5.1,13.919999999999998,0.0,APPROVE - Not a statistical outlier,
influencer_2227,1669321,89300,4320,-0.48,5.35,661,10.1,46.379999999999995,0.8,APPROVE - Not a statistical outlier,
influencer_2228,4908530,197553,13111,3.01,4.02,711,10.8,50.519999999999996,0.7,APPROVE - Not a statistical outlier,
influencer_2229,3294705,134109,10551,3.93,4.07,2234,4.5,10.66,0.6,APPROVE - Not a statistical outlier,
influencer_2230,1619702,59273,1484,2.98,3.66,2412,5.6,17.31,0.0,APPROVE - Not a statistical outlier,
influencer_2231,1501071,21904,1477,1.53,1.46,2337,5.8,18.7,0.0,APPROVE - Not a statistical outlier,
influencer_2232,3760505,121279,11670,0.73,3.23,2159,11.0,51.22,1.2,APPROVE - Not a statistical outlier,
influencer_2233,27806,2561,104,42.65,9.21,783,29.3,89.69,20.2,"CAUTION - Top 15% anomaly, monitor 2-4 weeks",
influencer_2234,4610688,121679,11280,28.22,2.64,1494,20.0,78.01,24.6,APPROVE - Not a statistical outlier,
influencer_2235,4265423,233203,22390,3.0,5.47,749,21.1,79.82000000000001,29.0,APPROVE - Not a statistical outlier,
influencer_2236,1874722,95913,3983,4.57,5.12,104,15.7,68.76,0.4,APPROVE - Not a statistical outlier,
influencer_2237,1520603,153586,12338,40.84,10.1,1323,23.4,83.19,34.6,APPROVE - Not a statistical outlier,
influencer_2238,1969541,42093,1645,4.72,2.14,1952,3.3,4.8500000000000005,0.1,APPROVE - Not a statistical outlier,
influencer_2239,2505659,25447,2010,4.46,1.02,2703,12.4,57.63,0.0,APPROVE - Not a statistical outlier,
influencer_2240,1751740,44100,3695,-0.29,2.52,91,19.9,77.86999999999999,0.4,APPROVE - Not a statistical outlier,
influencer_2241,864403,13338,530,0.1,1.54,903,11.0,51.22,0.0,APPROVE - Not a statistical outlier,
influencer_2242,880903,29633,2289,0.87,3.36,349,7.3,28.63,4.4,APPROVE - Not a statistical outlier,
influencer_2243,886421,38875,3303,2.36,4.39,2179,5.7,18.01,0.9,APPROVE - Not a statistical outlier,
influencer_2244,4279384,316703,15419,17.41,7.4,1482,19.1,76.57000000000001,6.3,APPROVE - Not a statistical outlier,
influencer_2245,979836,149332,4990,15.69,15.24,903,28.3,88.68,25.0,"CAUTION - Top 15% anomaly, monitor 2-4 weeks",
influencer_2246,3224522,183569,5021,4.42,5.69,1775,8.6,37.35,0.2,APPROVE - Not a statistical outlier,
influencer_2247,2218181,28159,1859,-0.34,1.27,2332,7.3,28.63,0.0,APPROVE - Not a statistical outlier,
influencer_2248,180830,4658,457,35.07,2.58,1585,23.5,83.35000000000001,27.9,APPROVE - Not a statistical outlier,
influencer_2249,1557518,67077,5757,3.58,4.31,2647,7.1,27.279999999999998,0.9,APPROVE - Not a statistical outlier,
influencer_2250,3485144,85273,4678,4.33,2.45,141,13.8,63.29,0.3,APPROVE - Not a statistical outlier,
influencer_2251,2660083,60317,3795,1.02,2.27,490,4.2,9.19,0.9,APPROVE - Not a statistical outlier,
influencer_2252,4114640,44391,1880,44.36,1.08,2785,26.4,87.11,22.7,"CAUTION - Top 15% anomaly, monitor 2-4 weeks",
influencer_2253,4501398,105736,3494,3.42,2.35,916,8.0,33.550000000000004,0.0,APPROVE - Not a statistical outlier,
influencer_2254,1237497,112570,6592,13.53,9.1,1145,21.3,80.19,28.3,APPROVE - Not a statistical outlier,
influencer_2255,4878708,296751,16938,21.08,6.08,1105,21.9,81.08,14.5,APPROVE - Not a statistical outlier,
influencer_2256,1548261,55151,3405,-0.16,3.56,549,8.5,36.75,0.8,APPROVE - Not a statistical outlier,
influencer_2257,867183,37840,3641,3.26,4.36,841,7.6,30.54,13.8,APPROVE - Not a statistical outlier,
influencer_2258,623893,18315,1251,1.5,2.94,2313,6.2,20.919999999999998,0.0,APPROVE - Not a statistical outlier,
influencer_2259,4540014,102447,7013,4.49,2.26,1954,7.1,27.279999999999998,0.4,APPROVE - Not a statistical outlier,
influencer_2260,3896958,71353,2157,1.45,1.83,1634,7.7,31.240000000000002,0.0,APPROVE - Not a statistical outlier,
influencer_2261,4827847,132638,13226,1.68,2.75,956,15.3,67.67,0.9,APPROVE - Not a statistical outlier,
influencer_2262,452157,21292,1742,-0.24,4.71,586,17.2,72.64,0.8,APPROVE - Not a statistical outlier,
influencer_2263,1266898,211979,19115,14.76,16.73,2726,38.7,96.15,29.7,MANUAL REVIEW - Top 5% anomaly,Unsupervised flags anomaly; transfer model does not recognize pattern - review
influencer_2264,2121539,91958,4887,1.41,4.33,2311,3.4,5.24,0.2,APPROVE - Not a statistical outlier,
influencer_2265,881412,19127,1150,-0.89,2.17,1085,5.7,18.01,0.0,APPROVE - Not a statistical outlier,
influencer_2266,3232185,127362,7866,1.63,3.94,608,4.9,12.86,0.7,APPROVE - Not a statistical outlier,
influencer_2267,2242281,86405,3069,1.02,3.85,571,5.5,16.68,0.2,APPROVE - Not a statistical outlier,
influencer_2268,3735044,127788,9604,3.82,3.42,2191,4.0,8.24,1.2,APPROVE - Not a statistical outlier,
influencer_2269,318875,11957,1102,-0.36,3.75,2281,15.8,69.04,0.3,APPROVE - Not a statistical outlier,
influencer_2270,1229337,42522,1407,3.56,3.46,1082,3.2,4.42,0.0,APPROVE - Not a statistical outlier,
influencer_2271,2667078,102076,2746,3.28,3.83,2720,7.9,32.82,0.2,APPROVE - Not a statistical outlier,
influencer_2272,485814,22238,1758,0.45,4.58,503,13.3,61.56,0.5,APPROVE - Not a statistical outlier,
influencer_2273,1227134,18997,795,-0.5,1.55,2774,11.9,55.67999999999999,0.0,APPROVE - Not a statistical outlier,
influencer_2274,3691583,175281,12253,4.05,4.75,2330,5.8,18.7,0.9,APPROVE - Not a statistical outlier,
influencer_2275,2521107,304968,23074,28.84,12.1,934,24.5,84.75,39.3,APPROVE - Not a statistical outlier,
influencer_2276,1631668,21752,995,-0.13,1.33,1975,10.2,46.94,0.0,APPROVE - Not a statistical outlier,
influencer_2277,1600908,94139,8021,1.15,5.88,415,16.6,71.17,21.8,APPROVE - Not a statistical outlier,
influencer_2278,2165412,125268,8017,1.41,5.78,91,22.0,81.22,1.4,APPROVE - Not a statistical outlier,
influencer_2279,2354847,30664,2745,0.96,1.3,544,8.2,34.74,1.9,APPROVE - Not a statistical outlier,
influencer_2280,2631146,84624,6859,4.86,3.22,459,6.3,21.55,1.4,APPROVE - Not a statistical outlier,
influencer_2281,2893478,55879,5000,4.28,1.93,609,7.0,26.58,0.7,APPROVE - Not a statistical outlier,
influencer_2282,1985117,68024,1470,4.24,3.43,1590,6.9,25.8,0.0,APPROVE - Not a statistical outlier,
influencer_2283,2444282,125902,4970,1.39,5.15,1194,5.2,14.57,0.6,APPROVE - Not a statistical outlier,
influencer_2284,30725,1767,48,4.78,5.75,2820,24.2,84.31,0.0,APPROVE - Not a statistical outlier,
influencer_2285,1186574,49495,2740,3.1,4.17,1353,1.6,0.3,0.2,APPROVE - Not a statistical outlier,
influencer_2286,4299859,119085,10860,3.99,2.77,2752,11.4,53.1,1.0,APPROVE - Not a statistical outlier,
influencer_2287,796928,55367,3178,38.28,6.95,2388,19.1,76.57000000000001,20.0,APPROVE - Not a statistical outlier,
influencer_2288,889036,22759,2002,-0.04,2.56,500,11.6,54.290000000000006,0.2,APPROVE - Not a statistical outlier,
influencer_2289,2972783,164963,7617,4.32,5.55,1446,3.7,6.710000000000001,0.2,APPROVE - Not a statistical outlier,
influencer_2290,2663761,142564,6724,1.92,5.35,1695,5.7,18.01,0.2,APPROVE - Not a statistical outlier,
influencer_2291,2514024,95310,8734,4.81,3.79,1498,5.3,15.27,1.2,APPROVE - Not a statistical outlier,
influencer_2292,2541034,66676,3604,0.53,2.62,838,3.7,6.710000000000001,0.2,APPROVE - Not a statistical outlier,
influencer_2293,2399083,59184,4922,4.95,2.47,201,12.3,57.16,0.3,APPROVE - Not a statistical outlier,
influencer_2294,2554314,29811,1160,0.33,1.17,2653,9.8,44.83,0.0,APPROVE - Not a statistical outlier,
influencer_2295,4741319,240816,23095,1.21,5.08,60,47.7,99.00999999999999,25.4,"REJECT - Top 1% anomaly, escalate for manual audit",Unsupervised flags anomaly; transfer model does not recognize pattern - review
influencer_2296,3910439,127164,8388,2.56,3.25,76,19.0,76.35,1.0,APPROVE - Not a statistical outlier,
influencer_2297,3912146,102719,8294,3.16,2.63,159,14.5,65.25999999999999,0.6,APPROVE - Not a statistical outlier,
influencer_2298,1641920,55095,1496,3.32,3.36,2429,4.9,12.86,0.0,APPROVE - Not a statistical outlier,
influencer_2299,1708017,87001,5169,1.86,5.09,1007,3.5,5.62,1.1,APPROVE - Not a statistical outlier,
influencer_2300,690556,11208,1032,-0.54,1.62,1675,9.9,45.440000000000005,0.0,APPROVE - Not a statistical outlier,
influencer_2301,2790247,364199,32837,44.98,13.05,1634,35.8,94.27,32.0,"CAUTION - Top 15% anomaly, monitor 2-4 weeks",
influencer_2302,2858261,156848,3724,1.01,5.49,87,33.1,92.30000000000001,0.2,"CAUTION - Top 15% anomaly, monitor 2-4 weeks",
influencer_2303,3226830,185011,8195,2.95,5.73,1159,5.9,19.36,0.6,APPROVE - Not a statistical outlier,
influencer_2304,2254722,67358,3736,0.09,2.99,2889,11.3,52.52,0.2,APPROVE - Not a statistical outlier,
influencer_2305,1650729,84128,2841,23.6,5.1,1383,12.7,58.809999999999995,11.3,APPROVE - Not a statistical outlier,
influencer_2306,1117271,32045,2512,4.8,2.87,797,4.2,9.19,2.0,APPROVE - Not a statistical outlier,
influencer_2307,2529268,67393,2342,-0.47,2.66,712,5.3,15.27,0.2,APPROVE - Not a statistical outlier,
influencer_2308,3100555,58314,2783,2.61,1.88,2038,3.7,6.710000000000001,0.0,APPROVE - Not a statistical outlier,
influencer_2309,1682641,67916,4962,-0.46,4.04,2363,7.0,26.58,0.6,APPROVE - Not a statistical outlier,
influencer_2310,517409,17504,1025,-0.06,3.38,1820,11.4,53.1,0.0,APPROVE - Not a statistical outlier,
influencer_2311,667165,35549,2811,2.63,5.33,1507,8.1,34.22,11.9,APPROVE - Not a statistical outlier,
influencer_2312,2789363,145925,14139,23.93,5.23,915,19.8,77.71000000000001,43.5,APPROVE - Not a statistical outlier,
influencer_2313,4477321,188913,5539,2.29,4.22,426,13.7,63.0,0.6,APPROVE - Not a statistical outlier,
influencer_2314,3711388,178693,13717,4.28,4.81,1568,5.0,13.41,0.6,APPROVE - Not a statistical outlier,
influencer_2315,3236192,134071,5152,27.61,4.14,2103,13.7,63.0,16.0,APPROVE - Not a statistical outlier,
influencer_2316,2768891,150361,7992,4.33,5.43,342,10.7,49.99,0.6,APPROVE - Not a statistical outlier,
influencer_2317,3264050,151620,3431,2.7,4.65,2203,8.6,37.35,0.6,APPROVE - Not a statistical outlier,
influencer_2318,1741687,98214,3032,1.94,5.64,1618,8.0,33.550000000000004,0.2,APPROVE - Not a statistical outlier,
influencer_2319,1936090,51563,2350,1.76,2.66,1251,1.4,0.13,0.2,APPROVE - Not a statistical outlier,
influencer_2320,746182,26236,1242,3.44,3.52,840,3.3,4.8500000000000005,0.3,APPROVE - Not a statistical outlier,
influencer_2321,3938270,669118,61536,31.09,16.99,2265,43.4,97.99,31.7,MANUAL REVIEW - Top 5% anomaly,
influencer_2322,417978,4325,343,-0.37,1.03,2775,17.1,72.35000000000001,0.0,APPROVE - Not a statistical outlier,
influencer_2323,1034316,22761,2225,-0.15,2.2,2887,19.3,76.89,2.6,APPROVE - Not a statistical outlier,
influencer_2324,4820075,72495,4924,1.14,1.5,2793,12.8,59.24,0.2,APPROVE - Not a statistical outlier,
influencer_2325,2622038,361817,14232,37.97,13.8,2062,25.0,85.50999999999999,27.0,"CAUTION - Top 15% anomaly, monitor 2-4 weeks",
influencer_2326,3381355,186666,8626,18.2,5.52,1537,16.4,70.67999999999999,7.0,APPROVE - Not a statistical outlier,
influencer_2327,4737905,789241,35979,47.69,16.66,479,45.8,98.74000000000001,40.0,MANUAL REVIEW - Top 5% anomaly,
influencer_2328,1771485,98255,4531,-0.93,5.55,2600,11.2,52.04,0.6,APPROVE - Not a statistical outlier,
influencer_2329,4743297,49383,3646,2.62,1.04,1924,13.0,60.160000000000004,0.0,APPROVE - Not a statistical outlier,
influencer_2330,3869452,181106,11312,3.63,4.68,1407,4.6,11.16,0.2,APPROVE - Not a statistical outlier,
influencer_2331,4006605,70545,3586,0.02,1.76,2735,14.8,66.38,0.2,APPROVE - Not a statistical outlier,
influencer_2332,2202044,122458,3909,0.09,5.56,626,21.5,80.53,0.2,APPROVE - Not a statistical outlier,
influencer_2333,1313743,71782,1562,-0.83,5.46,2177,14.6,65.66,0.0,APPROVE - Not a statistical outlier,
influencer_2334,2742094,117073,4391,2.07,4.27,645,4.5,10.66,0.4,APPROVE - Not a statistical outlier,
influencer_2335,1928205,84092,2404,2.93,4.36,977,3.9,7.84,0.2,APPROVE - Not a statistical outlier,
influencer_2336,3735445,38351,3176,1.74,1.03,1611,8.4,36.04,1.0,APPROVE - Not a statistical outlier,
influencer_2337,105195,6232,180,1.34,5.92,585,21.2,80.01,0.1,APPROVE - Not a statistical outlier,
influencer_2338,4102036,221065,17229,1.73,5.39,307,21.8,80.94,11.7,APPROVE - Not a statistical outlier,
influencer_2339,1339486,73343,3729,3.69,5.48,2043,4.5,10.66,0.6,APPROVE - Not a statistical outlier,
influencer_2340,2166251,93066,2407,-0.8,4.3,520,9.9,45.440000000000005,0.2,APPROVE - Not a statistical outlier,
influencer_2341,1478852,40282,3424,3.7,2.72,284,7.5,29.880000000000003,2.0,APPROVE - Not a statistical outlier,
influencer_2342,3215850,175850,11671,3.0,5.47,2458,7.8,32.06,0.6,APPROVE - Not a statistical outlier,
influencer_2343,1721023,42295,1643,0.45,2.46,921,5.2,14.57,0.3,APPROVE - Not a statistical outlier,
influencer_2344,2671308,101871,9328,2.15,3.81,571,7.0,26.58,0.6,APPROVE - Not a statistical outlier,
influencer_2345,3563169,297719,7032,26.57,8.36,1317,23.0,82.72,7.0,APPROVE - Not a statistical outlier,
influencer_2346,4028446,225986,8168,1.28,5.61,1663,12.0,56.11000000000001,0.2,APPROVE - Not a statistical outlier,
influencer_2347,487275,8302,665,0.04,1.7,854,11.1,51.6,0.0,APPROVE - Not a statistical outlier,
influencer_2348,299871,6370,488,-0.87,2.12,2956,15.3,67.67,0.0,APPROVE - Not a statistical outlier,
influencer_2349,1158655,43920,1894,1.14,3.79,1382,3.5,5.62,0.0,APPROVE - Not a statistical outlier,
influencer_2350,2950281,142217,3550,3.36,4.82,310,12.2,56.76,0.4,APPROVE - Not a statistical outlier,
influencer_2351,1295929,53091,4706,4.53,4.1,1328,4.6,11.16,0.2,APPROVE - Not a statistical outlier,
influencer_2352,2505594,73961,3335,44.88,2.95,802,16.9,71.83,35.2,APPROVE - Not a statistical outlier,
influencer_2353,1244294,12501,445,1.41,1.0,2920,14.7,66.07,0.0,APPROVE - Not a statistical outlier,
influencer_2354,3568675,255745,15673,10.5,7.17,2796,25.9,86.44,11.7,"CAUTION - Top 15% anomaly, monitor 2-4 weeks",
influencer_2355,897816,53204,4938,0.7,5.93,357,21.2,80.01,35.8,APPROVE - Not a statistical outlier,
influencer_2356,3808085,192291,4515,0.12,5.05,2288,20.2,78.42,0.2,APPROVE - Not a statistical outlier,
influencer_2357,2415802,375406,30507,20.01,15.54,2804,36.1,94.54,31.3,"CAUTION - Top 15% anomaly, monitor 2-4 weeks",
influencer_2358,444031,24505,1612,2.03,5.52,952,9.8,44.83,0.4,APPROVE - Not a statistical outlier,
influencer_2359,1091668,33287,1798,1.13,3.05,581,5.0,13.41,0.4,APPROVE - Not a statistical outlier,
influencer_2360,2791373,101178,8046,3.17,3.62,2103,2.9,3.34,0.9,APPROVE - Not a statistical outlier,
influencer_2361,3684444,124742,12133,0.1,3.39,2104,14.1,64.12,1.2,APPROVE - Not a statistical outlier,
influencer_2362,3917643,126857,4863,2.06,3.24,731,4.4,10.09,0.7,APPROVE - Not a statistical outlier,
influencer_2363,3288058,160324,5048,2.0,4.88,1949,5.9,19.36,0.2,APPROVE - Not a statistical outlier,
influencer_2364,3204503,116446,10833,3.94,3.63,2759,10.2,46.94,0.9,APPROVE - Not a statistical outlier,
influencer_2365,1786516,46156,3393,4.56,2.58,2490,4.0,8.24,0.0,APPROVE - Not a statistical outlier,
influencer_2366,4159179,95278,5243,2.98,2.29,196,12.7,58.809999999999995,0.7,APPROVE - Not a statistical outlier,
influencer_2367,291998,3471,228,0.83,1.19,198,16.5,70.91,0.0,APPROVE - Not a statistical outlier,
influencer_2368,4856920,190195,15148,3.14,3.92,258,21.2,80.01,1.3,APPROVE - Not a statistical outlier,
influencer_2369,1829022,39320,3218,0.51,2.15,2032,6.6,23.56,0.2,APPROVE - Not a statistical outlier,
influencer_2370,3049593,53083,4968,4.8,1.74,396,10.6,49.38,0.6,APPROVE - Not a statistical outlier,
influencer_2371,1410854,60231,3261,3.93,4.27,557,2.6,2.31,0.9,APPROVE - Not a statistical outlier,
influencer_2372,182360,1236,53,37.67,0.68,820,28.6,89.0,56.3,"CAUTION - Top 15% anomaly, monitor 2-4 weeks",
influencer_2373,2445026,116402,8284,3.71,4.76,553,4.6,11.16,0.6,APPROVE - Not a statistical outlier,
influencer_2374,2516419,88524,4714,1.45,3.52,1125,2.6,2.31,0.6,APPROVE - Not a statistical outlier,
influencer_2375,4139286,226430,15299,-0.55,5.47,1698,13.4,61.89,0.6,APPROVE - Not a statistical outlier,
influencer_2376,1292210,73419,3935,3.24,5.68,2183,5.4,16.0,0.6,APPROVE - Not a statistical outlier,
influencer_2377,2644061,133177,4293,1.43,5.04,2809,9.7,44.29,0.2,APPROVE - Not a statistical outlier,
influencer_2378,3585197,149788,8620,4.58,4.18,1938,3.5,5.62,0.2,APPROVE - Not a statistical outlier,
influencer_2379,312955,7882,593,0.84,2.52,1335,8.0,33.550000000000004,0.0,APPROVE - Not a statistical outlier,
influencer_2380,2128599,125900,10568,4.06,5.91,162,20.1,78.18,25.0,APPROVE - Not a statistical outlier,
influencer_2381,2226198,233916,13910,22.13,10.51,2611,22.9,82.56,29.7,APPROVE - Not a statistical outlier,
influencer_2382,4934594,47379,1573,40.73,0.96,2346,28.8,89.18,23.0,"CAUTION - Top 15% anomaly, monitor 2-4 weeks",
influencer_2383,1566070,108305,5759,35.72,6.92,2750,17.6,73.71,16.7,APPROVE - Not a statistical outlier,
influencer_2384,3832342,49215,4080,1.77,1.28,1672,6.9,25.8,0.0,APPROVE - Not a statistical outlier,
influencer_2385,4836451,284986,15112,3.94,5.89,2868,20.3,78.60000000000001,0.6,APPROVE - Not a statistical outlier,
influencer_2386,4383794,172816,13086,2.86,3.94,1918,5.7,18.01,0.6,APPROVE - Not a statistical outlier,
influencer_2387,4699713,177872,10774,1.16,3.78,1800,8.6,37.35,0.6,APPROVE - Not a statistical outlier,
influencer_2388,3791328,162230,6375,2.07,4.28,47,33.6,92.74,7.0,"CAUTION - Top 15% anomaly, monitor 2-4 weeks",
influencer_2389,4711899,164215,13743,4.98,3.49,1807,9.3,42.01,0.7,APPROVE - Not a statistical outlier,
influencer_2390,3897892,45227,1209,3.45,1.16,146,26.5,87.2,1.0,"CAUTION - Top 15% anomaly, monitor 2-4 weeks",
influencer_2391,4858993,197350,12233,2.69,4.06,827,9.3,42.01,0.8,APPROVE - Not a statistical outlier,
influencer_2392,2264089,103714,3807,3.97,4.58,2628,5.2,14.57,0.2,APPROVE - Not a statistical outlier,
influencer_2393,3463092,106792,2708,1.65,3.08,1741,6.7,24.240000000000002,0.2,APPROVE - Not a statistical outlier,
influencer_2394,4438610,212453,12797,4.7,4.79,782,8.9,39.31,1.0,APPROVE - Not a statistical outlier,
influencer_2395,3240536,224262,13447,42.6,6.92,2499,21.5,80.53,27.0,APPROVE - Not a statistical outlier,
influencer_2396,2327133,49018,3752,0.96,2.11,1422,3.1,4.06,0.2,APPROVE - Not a statistical outlier,
influencer_2397,1740461,31451,2502,-0.48,1.81,2723,10.0,45.910000000000004,1.6,APPROVE - Not a statistical outlier,
influencer_2398,2151224,61524,4812,1.25,2.86,2635,4.7,11.61,0.2,APPROVE - Not a statistical outlier,
influencer_2399,4003713,209596,11059,2.41,5.24,2127,6.7,24.240000000000002,0.2,APPROVE - Not a statistical outlier,
influencer_2400,588100,30225,2131,3.22,5.14,707,6.8,25.019999999999996,2.2,APPROVE - Not a statistical outlier,
influencer_2401,3416871,99571,6587,4.25,2.91,135,13.7,63.0,0.8,APPROVE - Not a statistical outlier,
influencer_2402,2382732,94012,5050,4.66,3.95,687,3.0,3.74,1.3,APPROVE - Not a statistical outlier,
influencer_2403,1878971,86509,5863,-0.39,4.6,1976,7.6,30.54,0.6,APPROVE - Not a statistical outlier,
influencer_2404,4964401,109516,10489,2.61,2.21,1478,12.5,58.040000000000006,0.2,APPROVE - Not a statistical outlier,
influencer_2405,2350316,43262,1532,3.0,1.84,1125,5.7,18.01,0.1,APPROVE - Not a statistical outlier,
influencer_2406,4042059,236884,21902,0.03,5.86,1017,35.2,93.89999999999999,31.2,"CAUTION - Top 15% anomaly, monitor 2-4 weeks",
influencer_2407,2867757,117227,2845,2.27,4.09,2919,11.3,52.52,0.2,APPROVE - Not a statistical outlier,
influencer_2408,1337921,79032,3530,1.01,5.91,1838,9.2,41.25,0.2,APPROVE - Not a statistical outlier,
influencer_2409,2248939,253098,10896,44.08,11.25,1812,23.3,83.06,25.0,APPROVE - Not a statistical outlier,
influencer_2410,4355685,196666,13788,-0.6,4.52,475,15.7,68.76,0.6,APPROVE - Not a statistical outlier,
influencer_2411,1578969,33363,1017,3.56,2.11,1978,5.0,13.41,0.0,APPROVE - Not a statistical outlier,
influencer_2412,3935999,90764,8222,2.69,2.31,2147,5.6,17.31,0.9,APPROVE - Not a statistical outlier,
influencer_2413,4264224,151785,13096,3.29,3.56,2027,6.7,24.240000000000002,0.9,APPROVE - Not a statistical outlier,
influencer_2414,2748176,71400,5152,3.11,2.6,2227,3.1,4.06,1.2,APPROVE - Not a statistical outlier,
influencer_2415,3029149,55679,3155,-0.19,1.84,803,6.9,25.8,0.2,APPROVE - Not a statistical outlier,
influencer_2416,2639509,404692,38298,24.37,15.33,1591,37.0,95.16,31.7,MANUAL REVIEW - Top 5% anomaly,
influencer_2417,3652387,43052,3722,0.51,1.18,1705,8.7,38.05,0.2,APPROVE - Not a statistical outlier,
influencer_2418,2105683,95221,5708,1.39,4.52,1152,3.0,3.74,0.9,APPROVE - Not a statistical outlier,
influencer_2419,2528419,87498,6662,4.64,3.46,1331,2.9,3.34,1.2,APPROVE - Not a statistical outlier,
influencer_2420,1712672,25197,1646,3.04,1.47,1616,4.6,11.16,0.1,APPROVE - Not a statistical outlier,
influencer_2421,3213883,59729,4003,0.53,1.86,1716,5.3,15.27,0.2,APPROVE - Not a statistical outlier,
influencer_2422,3029631,45828,2129,-0.66,1.51,973,6.5,22.900000000000002,0.0,APPROVE - Not a statistical outlier,
influencer_2423,2572165,104506,5953,3.11,4.06,484,3.8,7.33,1.0,APPROVE - Not a statistical outlier,
influencer_2424,1779539,26177,687,2.75,1.47,1157,8.8,38.690000000000005,0.0,APPROVE - Not a statistical outlier,
influencer_2425,4025733,192084,9332,3.05,4.77,975,4.9,12.86,0.2,APPROVE - Not a statistical outlier,
influencer_2426,4860221,555232,42012,31.27,11.42,630,38.8,96.22,39.6,MANUAL REVIEW - Top 5% anomaly,
influencer_2427,1415022,31793,3060,2.1,2.25,2730,9.2,41.25,1.2,APPROVE - Not a statistical outlier,
influencer_2428,3802250,392357,38076,17.13,10.32,754,33.4,92.58999999999999,39.0,"CAUTION - Top 15% anomaly, monitor 2-4 weeks",
influencer_2429,953246,43779,2821,3.91,4.59,2310,4.1,8.7,0.6,APPROVE - Not a statistical outlier,
influencer_2430,20675,807,55,18.41,3.91,1447,21.7,80.78,15.6,APPROVE - Not a statistical outlier,
influencer_2431,74997,3829,133,0.65,5.11,1554,17.1,72.35000000000001,0.0,APPROVE - Not a statistical outlier,
influencer_2432,968561,124391,9407,18.15,12.84,280,27.3,87.92,40.2,"CAUTION - Top 15% anomaly, monitor 2-4 weeks",
influencer_2433,1999671,188352,4831,34.51,9.42,1574,21.8,80.94,7.0,APPROVE - Not a statistical outlier,
influencer_2434,487799,19530,835,3.04,4.0,108,9.0,39.94,0.1,APPROVE - Not a statistical outlier,
influencer_2435,4950982,342281,25147,30.23,6.91,927,30.7,90.83,37.5,"CAUTION - Top 15% anomaly, monitor 2-4 weeks",
influencer_2436,2239057,133615,5989,-0.86,5.97,2998,17.0,72.11,0.6,APPROVE - Not a statistical outlier,
influencer_2437,4465344,96526,2315,4.18,2.16,810,12.2,56.76,0.0,APPROVE - Not a statistical outlier,
influencer_2438,2410029,99286,8593,1.0,4.12,255,13.0,60.160000000000004,0.6,APPROVE - Not a statistical outlier,
influencer_2439,3922451,129503,5805,-0.06,3.3,1104,10.0,45.910000000000004,0.2,APPROVE - Not a statistical outlier,
influencer_2440,567088,6789,170,0.04,1.2,1239,15.4,67.97,0.0,APPROVE - Not a statistical outlier,
influencer_2441,1763999,18916,491,4.32,1.07,1087,12.9,59.67,0.5,APPROVE - Not a statistical outlier,
influencer_2442,659003,10518,422,2.93,1.6,832,7.6,30.54,0.0,APPROVE - Not a statistical outlier,
influencer_2443,2401081,101936,3490,4.74,4.25,771,4.1,8.7,1.0,APPROVE - Not a statistical outlier,
influencer_2444,806113,44013,3606,28.14,5.46,2208,15.7,68.76,29.7,APPROVE - Not a statistical outlier,
influencer_2445,2464160,92828,4245,3.61,3.77,2709,4.7,11.61,0.2,APPROVE - Not a statistical outlier,
influencer_2446,934396,10832,913,2.0,1.16,2915,14.6,65.66,0.0,APPROVE - Not a statistical outlier,
influencer_2447,3163801,105877,3590,3.92,3.35,2836,8.0,33.550000000000004,0.2,APPROVE - Not a statistical outlier,
influencer_2448,4035464,226918,13485,1.48,5.62,733,11.7,54.76,0.7,APPROVE - Not a statistical outlier,
influencer_2449,1604546,47943,3597,3.96,2.99,2574,3.7,6.710000000000001,0.0,APPROVE - Not a statistical outlier,
influencer_2450,2093101,86332,6229,3.55,4.12,1456,1.9,0.84,0.9,APPROVE - Not a statistical outlier,
influencer_2451,1960310,96037,6539,3.07,4.9,2400,4.0,8.24,0.6,APPROVE - Not a statistical outlier,
influencer_2452,1457081,207369,19489,24.45,14.23,644,34.5,93.42,39.8,"CAUTION - Top 15% anomaly, monitor 2-4 weeks",
influencer_2453,116359,4184,160,2.78,3.6,358,10.3,47.46,0.1,APPROVE - Not a statistical outlier,
influencer_2454,2164859,114515,6813,2.04,5.29,1425,3.6,6.12,0.2,APPROVE - Not a statistical outlier,
influencer_2455,4446655,131482,11927,1.77,2.96,1513,7.6,30.54,1.2,APPROVE - Not a statistical outlier,
influencer_2456,3736444,203392,5335,4.94,5.44,162,24.1,84.19,1.6,APPROVE - Not a statistical outlier,
influencer_2457,3542483,77974,1908,2.03,2.2,864,7.9,32.82,0.2,APPROVE - Not a statistical outlier,
influencer_2458,2593631,62275,2407,-0.81,2.4,2728,8.1,34.22,0.2,APPROVE - Not a statistical outlier,
influencer_2459,1685351,21329,1506,2.76,1.27,150,16.3,70.39,0.2,APPROVE - Not a statistical outlier,
influencer_2460,1513760,75353,3073,3.37,4.98,2683,6.1,20.380000000000003,0.6,APPROVE - Not a statistical outlier,
influencer_2461,1463436,199657,7031,10.62,13.64,1505,24.4,84.58,18.0,APPROVE - Not a statistical outlier,
influencer_2462,3558689,178810,10139,14.53,5.02,994,16.3,70.39,8.3,APPROVE - Not a statistical outlier,
influencer_2463,4447228,96013,6633,-0.88,2.16,158,19.1,76.57000000000001,0.5,APPROVE - Not a statistical outlier,
influencer_2464,2881593,158689,6329,-0.28,5.51,1628,13.9,63.580000000000005,0.2,APPROVE - Not a statistical outlier,
influencer_2465,1864236,96373,4245,-0.03,5.17,2106,16.0,69.55,0.2,APPROVE - Not a statistical outlier,
influencer_2466,2347582,88448,6110,0.27,3.77,2799,11.3,52.52,0.9,APPROVE - Not a statistical outlier,
influencer_2467,3574465,145857,13952,3.8,4.08,1577,7.9,32.82,0.9,APPROVE - Not a statistical outlier,
influencer_2468,3768255,127051,9399,0.86,3.37,362,10.5,48.67,0.6,APPROVE - Not a statistical outlier,
influencer_2469,1600792,47356,3913,0.87,2.96,1183,4.4,10.09,0.2,APPROVE - Not a statistical outlier,
influencer_2470,4475770,249630,12317,3.53,5.58,1346,10.6,49.38,0.6,APPROVE - Not a statistical outlier,
influencer_2471,451930,7357,307,1.47,1.63,1226,7.5,29.880000000000003,0.0,APPROVE - Not a statistical outlier,
influencer_2472,4748647,49493,2788,48.45,1.04,1459,27.0,87.64999999999999,24.0,"CAUTION - Top 15% anomaly, monitor 2-4 weeks",
influencer_2473,2403187,96126,8129,15.24,4.0,385,22.9,82.56,19.0,APPROVE - Not a statistical outlier,
influencer_2474,3499408,122155,6902,-0.22,3.49,168,21.9,81.08,0.6,APPROVE - Not a statistical outlier,
influencer_2475,2366600,77817,6827,2.43,3.29,1556,3.3,4.8500000000000005,1.6,APPROVE - Not a statistical outlier,
influencer_2476,3678361,127566,12642,28.07,3.47,1227,18.9,76.14999999999999,29.8,APPROVE - Not a statistical outlier,
influencer_2477,3039915,51666,1331,4.58,1.7,58,27.3,87.92,8.0,"CAUTION - Top 15% anomaly, monitor 2-4 weeks",
influencer_2478,92006,3280,77,-0.6,3.57,960,20.1,78.18,0.0,APPROVE - Not a statistical outlier,
influencer_2479,4152785,91863,2936,0.82,2.21,2573,9.3,42.01,0.2,APPROVE - Not a statistical outlier,
influencer_2480,4079584,78395,3978,2.91,1.92,1043,5.7,18.01,0.0,APPROVE - Not a statistical outlier,
influencer_2481,4324654,57265,1745,0.89,1.32,2732,14.1,64.12,0.0,APPROVE - Not a statistical outlier,
influencer_2482,689725,45538,4082,33.5,6.6,857,21.4,80.36,46.4,APPROVE - Not a statistical outlier,
influencer_2483,2904030,170231,3719,11.33,5.86,380,22.7,82.26,3.6,APPROVE - Not a statistical outlier,
influencer_2484,789768,32642,1477,3.16,4.13,2631,5.7,18.01,0.0,APPROVE - Not a statistical outlier,
influencer_2485,207487,9623,334,4.3,4.64,2054,10.1,46.379999999999995,0.3,APPROVE - Not a statistical outlier,
influencer_2486,3638820,88851,8398,49.11,2.44,328,32.7,91.99000000000001,41.0,"CAUTION - Top 15% anomaly, monitor 2-4 weeks",
influencer_2487,3285321,110140,8101,3.98,3.35,1773,3.6,6.12,0.6,APPROVE - Not a statistical outlier,
influencer_2488,679841,105490,9806,24.1,15.52,1895,34.5,93.42,32.3,"CAUTION - Top 15% anomaly, monitor 2-4 weeks",
influencer_2489,2940302,84674,8279,2.91,2.88,1245,6.1,20.380000000000003,1.2,APPROVE - Not a statistical outlier,
influencer_2490,3453501,145055,8669,1.97,4.2,1725,2.7,2.62,0.2,APPROVE - Not a statistical outlier,
influencer_2491,46232,1606,62,4.63,3.47,2141,12.4,57.63,0.0,APPROVE - Not a statistical outlier,
influencer_2492,2446840,128352,4556,4.41,5.25,784,5.3,15.27,0.7,APPROVE - Not a statistical outlier,
influencer_2493,1380904,74203,2807,4.93,5.37,799,5.7,18.01,1.2,APPROVE - Not a statistical outlier,
influencer_2494,3850033,71333,5470,4.17,1.85,1268,4.7,11.61,0.7,APPROVE - Not a statistical outlier,
influencer_2495,1438188,24178,561,2.28,1.68,863,8.6,37.35,0.0,APPROVE - Not a statistical outlier,
influencer_2496,1657321,68812,1658,3.29,4.15,2243,6.0,19.939999999999998,0.0,APPROVE - Not a statistical outlier,
influencer_2497,539645,13524,928,4.79,2.51,1936,6.3,21.55,0.0,APPROVE - Not a statistical outlier,
influencer_2498,1572951,90443,6454,19.81,5.75,1594,11.7,54.76,14.7,APPROVE - Not a statistical outlier,
influencer_2499,4526121,223393,16357,16.75,4.94,1248,25.5,85.98,14.0,"CAUTION - Top 15% anomaly, monitor 2-4 weeks",
influencer_2500,2830455,60416,3005,4.65,2.13,535,5.9,19.36,1.0,APPROVE - Not a statistical outlier,
influencer_2501,2504292,191234,16154,15.68,7.64,1387,24.5,84.75,30.7,APPROVE - Not a statistical outlier,
influencer_2502,2191421,100524,6301,-0.05,4.59,2870,16.7,71.39,0.2,APPROVE - Not a statistical outlier,
influencer_2503,3367823,162102,4609,-0.07,4.81,2910,21.0,79.64,0.2,APPROVE - Not a statistical outlier,
influencer_2504,2611469,107699,9021,19.04,4.12,1490,20.2,78.42,16.7,APPROVE - Not a statistical outlier,
influencer_2505,2168354,47074,4530,1.86,2.17,2935,12.1,56.44,0.2,APPROVE - Not a statistical outlier,
influencer_2506,1098353,39610,982,1.88,3.61,1446,6.0,19.939999999999998,0.3,APPROVE - Not a statistical outlier,
influencer_2507,4386010,459845,23593,20.98,10.48,2883,28.7,89.05,26.3,"CAUTION - Top 15% anomaly, monitor 2-4 weeks",
influencer_2508,4819750,121802,7186,1.9,2.53,1202,7.7,31.240000000000002,0.2,APPROVE - Not a statistical outlier,
influencer_2509,4992536,195723,6207,18.41,3.92,790,29.6,89.92,18.1,"CAUTION - Top 15% anomaly, monitor 2-4 weeks",
influencer_2510,825255,81003,7243,28.42,9.82,862,24.1,84.19,41.0,APPROVE - Not a statistical outlier,
influencer_2511,3472750,70354,3006,4.24,2.03,1458,4.5,10.66,0.0,APPROVE - Not a statistical outlier,
influencer_2512,4476156,713128,58933,24.51,15.93,312,46.6,98.83,40.6,MANUAL REVIEW - Top 5% anomaly,
influencer_2513,2766331,50789,3742,2.61,1.84,408,6.6,23.56,0.0,APPROVE - Not a statistical outlier,
influencer_2514,589158,6729,456,2.89,1.14,227,14.1,64.12,0.0,APPROVE - Not a statistical outlier,
influencer_2515,2631723,109131,3860,3.63,4.15,585,3.9,7.84,0.4,APPROVE - Not a statistical outlier,
influencer_2516,3832661,696481,26226,38.48,18.17,385,41.8,97.5,40.0,MANUAL REVIEW - Top 5% anomaly,
influencer_2517,866139,23005,547,0.18,2.66,1593,11.8,55.21,0.0,APPROVE - Not a statistical outlier,
influencer_2518,1579638,25168,988,1.21,1.59,1070,5.0,13.41,0.0,APPROVE - Not a statistical outlier,
influencer_2519,3767484,145121,6912,0.63,3.85,2716,9.6,43.75,0.2,APPROVE - Not a statistical outlier,
influencer_2520,2902717,160571,13913,1.51,5.53,408,14.5,65.25999999999999,22.7,APPROVE - Not a statistical outlier,
influencer_2521,2212738,108873,5368,2.18,4.92,709,2.8,2.96,0.7,APPROVE - Not a statistical outlier,
influencer_2522,290768,11958,961,2.75,4.11,2583,9.4,42.6,0.7,APPROVE - Not a statistical outlier,
influencer_2523,2640929,68011,3751,4.07,2.58,1809,2.2,1.4000000000000001,0.0,APPROVE - Not a statistical outlier,
influencer_2524,3134211,116260,9625,4.46,3.71,928,4.7,11.61,0.2,APPROVE - Not a statistical outlier,
influencer_2525,2269185,185848,18232,32.14,8.19,105,41.7,97.47,43.8,MANUAL REVIEW - Top 5% anomaly,
influencer_2526,3228544,141885,5560,-0.47,4.39,260,17.1,72.35000000000001,0.2,APPROVE - Not a statistical outlier,
influencer_2527,1727199,79891,7109,3.78,4.63,1769,4.9,12.86,8.6,APPROVE - Not a statistical outlier,
influencer_2528,4471013,887729,61915,12.41,19.86,991,50.5,99.38,37.6,"REJECT - Top 1% anomaly, escalate for manual audit",
influencer_2529,4369327,100581,8587,2.28,2.3,2379,7.3,28.63,0.6,APPROVE - Not a statistical outlier,
influencer_2530,444945,971,70,26.82,0.22,2803,36.9,95.06,54.8,MANUAL REVIEW - Top 5% anomaly,
influencer_2531,22253,829,44,3.01,3.73,2292,11.2,52.04,0.7,APPROVE - Not a statistical outlier,
influencer_2532,3604110,109470,4186,14.17,3.04,2146,18.0,74.45,7.7,APPROVE - Not a statistical outlier,
influencer_2533,2277787,112796,2887,4.71,4.95,422,8.7,38.05,1.0,APPROVE - Not a statistical outlier,
influencer_2534,2255614,44406,2790,4.64,1.97,1138,3.3,4.8500000000000005,0.0,APPROVE - Not a statistical outlier,
influencer_2535,3853666,88972,8828,3.86,2.31,296,18.4,75.07000000000001,0.7,APPROVE - Not a statistical outlier,
influencer_2536,951162,36315,2870,27.93,3.82,1122,12.9,59.67,32.7,APPROVE - Not a statistical outlier,
influencer_2537,1275634,33842,1563,-0.7,2.65,640,5.7,18.01,0.4,APPROVE - Not a statistical outlier,
influencer_2538,2756063,146141,12593,4.09,5.3,1400,7.1,27.279999999999998,19.9,APPROVE - Not a statistical outlier,
influencer_2539,1229807,41429,3377,-0.57,3.37,1038,5.8,18.7,0.9,APPROVE - Not a statistical outlier,
influencer_2540,123775,6186,263,3.48,5.0,991,9.1,40.52,0.0,APPROVE - Not a statistical outlier,
influencer_2541,4515276,176235,3726,0.02,3.9,2805,24.8,85.21,0.2,"CAUTION - Top 15% anomaly, monitor 2-4 weeks",
influencer_2542,4464158,217201,6397,1.16,4.87,702,14.6,65.66,0.2,APPROVE - Not a statistical outlier,
influencer_2543,415600,48190,4345,21.57,11.6,2500,31.8,91.42,31.3,"CAUTION - Top 15% anomaly, monitor 2-4 weeks",
influencer_2544,2270070,117069,10176,1.66,5.16,1730,8.1,34.22,11.2,APPROVE - Not a statistical outlier,
influencer_2545,4414359,104746,4568,1.47,2.37,2192,6.7,24.240000000000002,0.2,APPROVE - Not a statistical outlier,
influencer_2546,2034901,75911,3250,-0.71,3.73,2297,5.3,15.27,0.2,APPROVE - Not a statistical outlier,
influencer_2547,2832569,58635,4891,3.98,2.07,60,19.0,76.35,2.7,APPROVE - Not a statistical outlier,
influencer_2548,1449763,48967,4652,4.13,3.38,1396,4.4,10.09,0.6,APPROVE - Not a statistical outlier,
influencer_2549,2520507,65303,5376,3.73,2.59,1430,2.9,3.34,1.4,APPROVE - Not a statistical outlier,
influencer_2550,1257715,29348,2008,4.09,2.33,1183,2.3,1.59,0.1,APPROVE - Not a statistical outlier,
influencer_2551,81257,4741,186,3.51,5.83,646,13.1,60.69,0.1,APPROVE - Not a statistical outlier,
influencer_2552,1527534,27501,1706,4.62,1.8,568,5.9,19.36,0.8,APPROVE - Not a statistical outlier,
influencer_2553,825143,43654,1688,46.1,5.29,2816,23.0,82.72,21.6,APPROVE - Not a statistical outlier,
influencer_2554,3015938,482689,40855,12.73,16.0,900,38.0,95.8,38.3,MANUAL REVIEW - Top 5% anomaly,
influencer_2555,3803986,41825,2131,4.16,1.1,130,22.3,81.64,1.6,APPROVE - Not a statistical outlier,
influencer_2556,4723727,35920,3114,39.15,0.76,1442,27.6,88.21,25.3,"CAUTION - Top 15% anomaly, monitor 2-4 weeks",
influencer_2557,372616,8438,426,-0.7,2.26,2769,13.1,60.69,0.0,APPROVE - Not a statistical outlier,
influencer_2558,1961155,23581,2026,3.5,1.2,970,7.1,27.279999999999998,1.0,APPROVE - Not a statistical outlier,
influencer_2559,3625064,109275,5099,0.53,3.01,370,9.7,44.29,0.2,APPROVE - Not a statistical outlier,
influencer_2560,776158,44055,2432,1.85,5.68,2938,12.5,58.040000000000006,0.9,APPROVE - Not a statistical outlier,
influencer_2561,2711527,28710,1987,0.44,1.06,1073,7.2,27.93,0.0,APPROVE - Not a statistical outlier,
influencer_2562,1769967,69726,1786,3.96,3.94,67,24.3,84.43,0.2,APPROVE - Not a statistical outlier,
influencer_2563,917383,32172,3083,4.75,3.51,689,6.7,24.240000000000002,4.3,APPROVE - Not a statistical outlier,
influencer_2564,280215,15038,990,-0.67,5.37,2063,14.8,66.38,0.7,APPROVE - Not a statistical outlier,
influencer_2565,2844236,40388,2448,0.4,1.42,1590,5.7,18.01,0.2,APPROVE - Not a statistical outlier,
influencer_2566,3738859,164795,14362,0.14,4.41,1686,11.9,55.67999999999999,0.6,APPROVE - Not a statistical outlier,
influencer_2567,274349,12072,1077,3.04,4.4,1079,9.2,41.25,1.3,APPROVE - Not a statistical outlier,
influencer_2568,4119893,179025,11060,1.57,4.35,483,9.1,40.52,0.4,APPROVE - Not a statistical outlier,
influencer_2569,1961584,183868,17316,35.83,9.37,1734,26.8,87.47,31.3,"CAUTION - Top 15% anomaly, monitor 2-4 weeks",
influencer_2570,3734003,476800,12005,45.56,12.77,1376,31.9,91.47,10.7,"CAUTION - Top 15% anomaly, monitor 2-4 weeks",
influencer_2571,1417207,17146,498,1.49,1.21,2814,12.7,58.809999999999995,0.0,APPROVE - Not a statistical outlier,
influencer_2572,579688,21643,1466,28.01,3.73,848,14.2,64.45,35.0,APPROVE - Not a statistical outlier,
influencer_2573,4227156,126382,6107,2.67,2.99,802,4.2,9.19,1.7,APPROVE - Not a statistical outlier,
influencer_2574,2475653,63147,3608,0.3,2.55,42,21.9,81.08,6.6,APPROVE - Not a statistical outlier,
influencer_2575,3203209,104318,4824,2.69,3.26,2992,7.7,31.240000000000002,0.2,APPROVE - Not a statistical outlier,
influencer_2576,4228995,123527,6470,1.27,2.92,950,4.2,9.19,0.2,APPROVE - Not a statistical outlier,
influencer_2577,4589645,560191,48070,48.95,12.21,854,42.9,97.83,42.8,MANUAL REVIEW - Top 5% anomaly,
influencer_2578,533726,31470,2123,0.83,5.9,2448,14.1,64.12,1.0,APPROVE - Not a statistical outlier,
influencer_2579,3953255,57051,5692,3.04,1.44,1344,12.1,56.44,1.0,APPROVE - Not a statistical outlier,
influencer_2580,3818242,214247,17771,2.37,5.61,2409,12.5,58.040000000000006,17.9,APPROVE - Not a statistical outlier,
influencer_2581,4991488,169769,7112,4.11,3.4,2338,11.9,55.67999999999999,0.6,APPROVE - Not a statistical outlier,
influencer_2582,240968,19761,813,13.6,8.2,2047,36.0,94.42,4.3,"CAUTION - Top 15% anomaly, monitor 2-4 weeks",
influencer_2583,289963,14935,700,-0.76,5.15,1258,12.2,56.76,0.0,APPROVE - Not a statistical outlier,
influencer_2584,2593536,72679,6356,0.09,2.8,726,10.6,49.38,0.6,APPROVE - Not a statistical outlier,
influencer_2585,2976635,93826,2081,1.06,3.15,2764,11.7,54.76,0.0,APPROVE - Not a statistical outlier,
influencer_2586,3302017,100632,3865,0.08,3.05,979,9.6,43.75,0.2,APPROVE - Not a statistical outlier,
influencer_2587,520165,14947,1381,-0.5,2.87,2464,13.1,60.69,0.4,APPROVE - Not a statistical outlier,
influencer_2588,4415084,248465,17688,1.67,5.63,2898,16.9,71.83,1.2,APPROVE - Not a statistical outlier,
influencer_2589,3441866,177071,6754,3.06,5.14,2545,7.4,29.270000000000003,0.2,APPROVE - Not a statistical outlier,
influencer_2590,3879363,59936,2249,3.51,1.54,1468,7.5,29.880000000000003,0.0,APPROVE - Not a statistical outlier,
influencer_2591,3244484,482378,42936,27.83,14.87,98,54.9,99.64,40.7,"REJECT - Top 1% anomaly, escalate for manual audit",
influencer_2592,3025243,422121,38624,22.08,13.95,1811,34.0,93.04,31.7,"CAUTION - Top 15% anomaly, monitor 2-4 weeks",
influencer_2593,1028557,15359,621,3.53,1.49,2277,8.1,34.22,0.0,APPROVE - Not a statistical outlier,
influencer_2594,1997170,81793,4387,1.12,4.1,2293,3.1,4.06,0.2,APPROVE - Not a statistical outlier,
influencer_2595,3889577,66840,5799,3.71,1.72,1999,6.8,25.019999999999996,0.7,APPROVE - Not a statistical outlier,
influencer_2596,1207123,43599,3561,4.8,3.61,241,8.7,38.05,0.9,APPROVE - Not a statistical outlier,
influencer_2597,1617596,16759,1426,4.28,1.04,537,11.8,55.21,3.1,APPROVE - Not a statistical outlier,
influencer_2598,1786559,46146,2836,1.72,2.58,2093,2.1,1.2,0.2,APPROVE - Not a statistical outlier,
influencer_2599,309449,13572,1261,2.48,4.39,1551,10.1,46.379999999999995,1.7,APPROVE - Not a statistical outlier,
influencer_2600,3848125,131613,6064,3.3,3.42,2961,8.8,38.690000000000005,0.9,APPROVE - Not a statistical outlier,
influencer_2601,534634,31497,1024,1.1,5.89,361,15.1,67.17,0.0,APPROVE - Not a statistical outlier,
influencer_2602,3933747,211262,16203,3.8,5.37,2794,10.6,49.38,8.6,APPROVE - Not a statistical outlier,
influencer_2603,191237,5345,337,1.62,2.8,580,8.8,38.690000000000005,0.1,APPROVE - Not a statistical outlier,
influencer_2604,857047,10519,929,4.08,1.23,1654,10.4,48.0,0.0,APPROVE - Not a statistical outlier,
influencer_2605,4624636,241782,6405,0.53,5.23,971,21.3,80.19,0.2,APPROVE - Not a statistical outlier,
influencer_2606,4416677,245398,21471,-0.93,5.56,2333,22.2,81.51,15.9,APPROVE - Not a statistical outlier,
influencer_2607,1407368,71819,3121,2.8,5.1,757,3.1,4.06,0.9,APPROVE - Not a statistical outlier,
influencer_2608,846474,13880,1004,1.71,1.64,909,6.2,20.919999999999998,0.0,APPROVE - Not a statistical outlier,
influencer_2609,4566537,273516,6348,-0.64,5.99,2892,30.4,90.58,0.2,"CAUTION - Top 15% anomaly, monitor 2-4 weeks",
influencer_2610,1225744,28105,1932,1.93,2.29,678,2.5,2.02,0.2,APPROVE - Not a statistical outlier,
influencer_2611,4863894,78511,6075,40.58,1.61,1029,24.3,84.43,33.8,APPROVE - Not a statistical outlier,
influencer_2612,3348769,185527,9183,2.78,5.54,1551,5.1,13.919999999999998,0.2,APPROVE - Not a statistical outlier,
influencer_2613,2132018,46444,1729,1.67,2.18,2548,4.3,9.62,0.0,APPROVE - Not a statistical outlier,
influencer_2614,3252128,180209,11355,0.03,5.54,2767,22.5,81.97,0.2,APPROVE - Not a statistical outlier,
influencer_2615,4630375,117954,10221,1.47,2.55,1642,7.8,32.06,0.6,APPROVE - Not a statistical outlier,
influencer_2616,3490429,205309,9420,0.4,5.88,2777,17.2,72.64,0.2,APPROVE - Not a statistical outlier,
influencer_2617,2509426,60384,2427,2.92,2.41,2584,3.8,7.33,0.2,APPROVE - Not a statistical outlier,
influencer_2618,2532086,146029,6179,0.77,5.77,1039,10.8,50.519999999999996,0.6,APPROVE - Not a statistical outlier,
influencer_2619,295746,1026,98,48.34,0.35,1580,36.8,94.99,41.3,"CAUTION - Top 15% anomaly, monitor 2-4 weeks",
influencer_2620,4353892,197943,9648,-0.92,4.55,833,10.8,50.519999999999996,1.6,APPROVE - Not a statistical outlier,
influencer_2621,1703159,62345,1264,1.42,3.66,2908,14.0,63.849999999999994,0.0,APPROVE - Not a statistical outlier,
influencer_2622,3758985,19946,1646,47.12,0.53,243,40.1,96.8,45.7,MANUAL REVIEW - Top 5% anomaly,
influencer_2623,3803177,80531,6115,-0.86,2.12,198,13.1,60.69,0.9,APPROVE - Not a statistical outlier,
influencer_2624,2004426,304079,9209,35.39,15.17,1007,27.8,88.38000000000001,24.0,"CAUTION - Top 15% anomaly, monitor 2-4 weeks",
influencer_2625,3352463,65508,6471,0.96,1.95,1358,8.4,36.04,1.2,APPROVE - Not a statistical outlier,
influencer_2626,124950,19587,1344,42.58,15.68,175,37.5,95.46,39.6,MANUAL REVIEW - Top 5% anomaly,
influencer_2627,4524942,102545,6159,2.28,2.27,1828,5.8,18.7,0.6,APPROVE - Not a statistical outlier,
influencer_2628,4795821,277107,14015,2.79,5.78,545,21.0,79.64,0.7,APPROVE - Not a statistical outlier,
influencer_2629,1154224,13194,1212,0.37,1.14,482,12.3,57.16,0.0,APPROVE - Not a statistical outlier,
influencer_2630,4233851,84619,3343,2.26,2.0,89,21.2,80.01,0.2,APPROVE - Not a statistical outlier,
influencer_2631,2651235,58633,2513,4.99,2.21,557,6.0,19.939999999999998,0.4,APPROVE - Not a statistical outlier,
influencer_2632,4741039,145565,4336,4.32,3.07,1053,9.8,44.83,0.0,APPROVE - Not a statistical outlier,
influencer_2633,1741534,37680,3041,-0.65,2.16,2551,7.7,31.240000000000002,1.2,APPROVE - Not a statistical outlier,
influencer_2634,3892839,134565,9102,-0.23,3.46,1594,7.2,27.93,0.6,APPROVE - Not a statistical outlier,
influencer_2635,1305766,70019,4812,1.97,5.36,2834,9.5,43.15,0.6,APPROVE - Not a statistical outlier,
influencer_2636,2304554,105094,3938,0.47,4.56,2859,11.4,53.1,0.2,APPROVE - Not a statistical outlier,
influencer_2637,3399147,637391,45951,35.9,18.75,1132,40.4,96.93,37.6,MANUAL REVIEW - Top 5% anomaly,
influencer_2638,4949409,71519,5809,0.53,1.45,462,14.5,65.25999999999999,0.9,APPROVE - Not a statistical outlier,
influencer_2639,4021120,563517,27404,20.89,14.01,1206,29.7,90.05,34.6,"CAUTION - Top 15% anomaly, monitor 2-4 weeks",
influencer_2640,2947862,54006,4542,2.18,1.83,430,7.0,26.58,0.3,APPROVE - Not a statistical outlier,
influencer_2641,2677517,132050,6325,1.94,4.93,2134,4.1,8.7,0.2,APPROVE - Not a statistical outlier,
influencer_2642,4308086,96944,7818,-0.96,2.25,2263,8.3,35.29,0.6,APPROVE - Not a statistical outlier,
influencer_2643,628220,19382,439,1.9,3.09,2475,9.8,44.83,0.0,APPROVE - Not a statistical outlier,
influencer_2644,444316,12229,783,2.12,2.75,634,6.3,21.55,0.1,APPROVE - Not a statistical outlier,
influencer_2645,3518741,186284,18174,2.63,5.29,2865,19.1,76.57000000000001,20.6,APPROVE - Not a statistical outlier,
influencer_2646,3457653,56453,5560,4.82,1.63,2235,11.8,55.21,1.0,APPROVE - Not a statistical outlier,
influencer_2647,476595,37812,1608,20.13,7.93,1840,20.4,78.75,7.0,APPROVE - Not a statistical outlier,
influencer_2648,1466744,25085,1387,2.16,1.71,1493,3.8,7.33,0.0,APPROVE - Not a statistical outlier,
influencer_2649,1889806,85494,2140,4.07,4.52,2666,8.5,36.75,0.0,APPROVE - Not a statistical outlier,
influencer_2650,3245424,179322,16115,-0.49,5.53,2543,18.6,75.48,15.9,APPROVE - Not a statistical outlier,
influencer_2651,2149091,68191,4465,2.19,3.17,2523,2.2,1.4000000000000001,0.2,APPROVE - Not a statistical outlier,
influencer_2652,3962676,136334,6926,3.07,3.44,1803,3.8,7.33,0.6,APPROVE - Not a statistical outlier,
influencer_2653,1761462,99295,2881,2.39,5.64,2878,13.5,62.239999999999995,0.6,APPROVE - Not a statistical outlier,
influencer_2654,2239673,80739,7730,0.38,3.6,1583,9.0,39.94,0.9,APPROVE - Not a statistical outlier,
influencer_2655,1624154,55838,3485,-0.62,3.44,1126,3.9,7.84,0.6,APPROVE - Not a statistical outlier,
influencer_2656,4059848,157994,6735,1.32,3.89,958,5.2,14.57,0.2,APPROVE - Not a statistical outlier,
influencer_2657,3481826,342055,16424,11.07,9.82,1981,20.8,79.32000000000001,18.0,APPROVE - Not a statistical outlier,
influencer_2658,810178,104672,4360,10.45,12.92,2003,25.5,85.98,23.0,"CAUTION - Top 15% anomaly, monitor 2-4 weeks",
influencer_2659,4778402,243963,16624,0.42,5.11,2094,16.6,71.17,0.6,APPROVE - Not a statistical outlier,
influencer_2660,4671817,148448,14013,4.51,3.18,1584,11.6,54.290000000000006,1.4,APPROVE - Not a statistical outlier,
influencer_2661,2563605,34909,3090,-0.59,1.36,2808,12.9,59.67,0.9,APPROVE - Not a statistical outlier,
influencer_2662,722037,86600,4921,34.98,11.99,355,26.2,86.83,40.2,"CAUTION - Top 15% anomaly, monitor 2-4 weeks",
influencer_2663,3233244,93271,8032,3.99,2.88,1024,4.2,9.19,0.7,APPROVE - Not a statistical outlier,
influencer_2664,2800250,42055,2264,-0.87,1.5,642,6.7,24.240000000000002,0.4,APPROVE - Not a statistical outlier,
influencer_2665,1022469,42625,1712,0.79,4.17,2623,8.5,36.75,0.0,APPROVE - Not a statistical outlier,
influencer_2666,2382306,128660,12695,-0.69,5.4,625,19.2,76.74,31.9,APPROVE - Not a statistical outlier,
influencer_2667,2893371,157363,6972,4.97,5.44,950,5.5,16.68,0.9,APPROVE - Not a statistical outlier,
influencer_2668,1813336,104961,4817,1.57,5.79,871,6.8,25.019999999999996,0.8,APPROVE - Not a statistical outlier,
influencer_2669,4334848,231417,22950,2.97,5.34,1255,20.5,78.92,25.2,APPROVE - Not a statistical outlier,
influencer_2670,464001,4689,144,0.41,1.01,373,15.7,68.76,0.0,APPROVE - Not a statistical outlier,
influencer_2671,3181246,92294,7461,4.6,2.9,1906,5.3,15.27,1.0,APPROVE - Not a statistical outlier,
influencer_2672,2152061,109598,10397,0.65,5.09,888,13.1,60.69,21.9,APPROVE - Not a statistical outlier,
influencer_2673,3951511,111877,6818,0.56,2.83,1453,5.8,18.7,0.6,APPROVE - Not a statistical outlier,
influencer_2674,2823136,113144,2285,0.89,4.01,474,13.1,60.69,0.2,APPROVE - Not a statistical outlier,
influencer_2675,516693,41814,2090,33.73,8.09,1818,20.3,78.60000000000001,15.0,APPROVE - Not a statistical outlier,
influencer_2676,2637722,74518,2155,-0.89,2.83,251,12.3,57.16,0.1,APPROVE - Not a statistical outlier,
influencer_2677,240017,13254,706,2.59,5.52,621,11.1,51.6,0.1,APPROVE - Not a statistical outlier,
influencer_2678,415994,14626,1216,-0.81,3.52,1060,9.8,44.83,0.0,APPROVE - Not a statistical outlier,
influencer_2679,942768,31336,1726,2.24,3.32,1325,2.3,1.59,0.0,APPROVE - Not a statistical outlier,
influencer_2680,1841083,110236,6013,1.75,5.99,1047,6.4,22.189999999999998,0.6,APPROVE - Not a statistical outlier,
influencer_2681,1077941,37377,2412,0.46,3.47,2093,6.4,22.189999999999998,1.6,APPROVE - Not a statistical outlier,
influencer_2682,466982,78717,5237,46.51,16.86,1477,35.2,93.89999999999999,33.7,"CAUTION - Top 15% anomaly, monitor 2-4 weeks",
influencer_2683,2539568,90544,8013,3.23,3.57,2075,4.0,8.24,1.2,APPROVE - Not a statistical outlier,
influencer_2684,274146,13899,620,-0.94,5.07,553,13.6,62.64999999999999,0.0,APPROVE - Not a statistical outlier,
influencer_2685,1165795,56940,4881,0.9,4.88,2880,13.2,61.160000000000004,5.9,APPROVE - Not a statistical outlier,
influencer_2686,1390330,68722,4485,3.08,4.94,2098,3.2,4.42,0.6,APPROVE - Not a statistical outlier,
influencer_2687,2678747,121618,5356,-0.09,4.54,2305,12.5,58.040000000000006,0.2,APPROVE - Not a statistical outlier,
influencer_2688,2410381,54741,2387,2.36,2.27,1838,1.7,0.49,0.2,APPROVE - Not a statistical outlier,
influencer_2689,4753820,252447,12342,0.01,5.31,1341,25.1,85.61999999999999,0.6,"CAUTION - Top 15% anomaly, monitor 2-4 weeks",
influencer_2690,3571599,195267,13632,-0.07,5.47,2886,24.2,84.31,0.6,APPROVE - Not a statistical outlier,
influencer_2691,2944295,58025,2231,3.63,1.97,1336,3.7,6.710000000000001,0.0,APPROVE - Not a statistical outlier,
influencer_2692,3284616,54270,5081,0.6,1.65,2481,10.7,49.99,1.2,APPROVE - Not a statistical outlier,
influencer_2693,78175,4595,303,1.25,5.88,1119,17.2,72.64,0.0,APPROVE - Not a statistical outlier,
influencer_2694,2686747,143515,13433,3.38,5.34,1702,8.9,39.31,18.9,APPROVE - Not a statistical outlier,
influencer_2695,2079808,373675,8860,35.35,17.97,466,36.7,94.94,18.0,"CAUTION - Top 15% anomaly, monitor 2-4 weeks",
influencer_2696,1358453,73789,3498,2.19,5.43,858,4.7,11.61,1.0,APPROVE - Not a statistical outlier,
influencer_2697,3012786,111727,2438,4.51,3.71,288,14.2,64.45,0.4,APPROVE - Not a statistical outlier,
influencer_2698,96028,4063,169,2.32,4.23,2033,10.3,47.46,0.0,APPROVE - Not a statistical outlier,
influencer_2699,1559242,58110,5169,-0.71,3.73,2019,6.1,20.380000000000003,1.2,APPROVE - Not a statistical outlier,
influencer_2700,4686754,58867,1349,2.54,1.26,132,29.4,89.75999999999999,0.7,"CAUTION - Top 15% anomaly, monitor 2-4 weeks",
influencer_2701,4320453,204250,11211,-0.46,4.73,1022,11.2,52.04,0.2,APPROVE - Not a statistical outlier,
influencer_2702,4949008,364470,10717,31.97,7.36,798,27.5,88.11,12.2,"CAUTION - Top 15% anomaly, monitor 2-4 weeks",
influencer_2703,164834,6986,372,4.1,4.24,1154,8.8,38.690000000000005,0.0,APPROVE - Not a statistical outlier,
influencer_2704,2368555,83212,7248,-0.93,3.51,1251,6.6,23.56,0.9,APPROVE - Not a statistical outlier,
influencer_2705,1230787,42573,2973,-0.54,3.46,2890,9.6,43.75,0.9,APPROVE - Not a statistical outlier,
influencer_2706,3013359,376498,29720,30.75,12.49,2303,29.4,89.75999999999999,31.0,"CAUTION - Top 15% anomaly, monitor 2-4 weeks",
influencer_2707,1326569,31752,1521,5.0,2.39,2540,4.0,8.24,0.1,APPROVE - Not a statistical outlier,
influencer_2708,1417828,25439,2430,0.75,1.79,266,11.1,51.6,3.2,APPROVE - Not a statistical outlier,
influencer_2709,2415165,47779,3666,-0.06,1.98,1174,7.7,31.240000000000002,0.2,APPROVE - Not a statistical outlier,
influencer_2710,3209823,188252,10117,2.3,5.86,2583,10.5,48.67,0.2,APPROVE - Not a statistical outlier,
influencer_2711,3626654,64031,3465,2.12,1.77,2891,8.8,38.690000000000005,0.0,APPROVE - Not a statistical outlier,
influencer_2712,286711,6727,628,1.7,2.35,796,10.0,45.910000000000004,0.0,APPROVE - Not a statistical outlier,
influencer_2713,1124389,44446,2938,4.68,3.95,2711,5.9,19.36,0.6,APPROVE - Not a statistical outlier,
influencer_2714,576919,23370,1788,0.68,4.05,1020,6.8,25.019999999999996,0.0,APPROVE - Not a statistical outlier,
influencer_2715,3332106,58973,3146,0.76,1.77,2695,7.6,30.54,0.2,APPROVE - Not a statistical outlier,
influencer_2716,853746,42419,1607,-0.16,4.97,1789,15.3,67.67,0.0,APPROVE - Not a statistical outlier,
influencer_2717,423381,20855,1624,3.18,4.93,2350,7.3,28.63,0.7,APPROVE - Not a statistical outlier,
influencer_2718,977433,172719,11852,18.85,17.67,2309,34.5,93.42,32.3,"CAUTION - Top 15% anomaly, monitor 2-4 weeks",
influencer_2719,4655548,289422,17396,18.84,6.22,2845,30.5,90.66,9.0,"CAUTION - Top 15% anomaly, monitor 2-4 weeks",
influencer_2720,2672252,152049,10631,4.83,5.69,525,9.3,42.01,2.6,APPROVE - Not a statistical outlier,
influencer_2721,4901164,739275,27103,45.85,15.08,1077,41.2,97.25,38.3,MANUAL REVIEW - Top 5% anomaly,
influencer_2722,1521943,68319,5705,4.96,4.49,1756,4.5,10.66,0.9,APPROVE - Not a statistical outlier,
influencer_2723,402067,5673,543,0.52,1.41,2579,15.3,67.67,0.0,APPROVE - Not a statistical outlier,
influencer_2724,461796,14275,1303,1.52,3.09,2102,9.1,40.52,0.4,APPROVE - Not a statistical outlier,
influencer_2725,4990904,189480,8662,3.67,3.8,2365,10.9,50.92,0.6,APPROVE - Not a statistical outlier,
influencer_2726,1005001,19467,1021,2.99,1.94,367,7.4,29.270000000000003,0.0,APPROVE - Not a statistical outlier,
influencer_2727,313023,10145,858,3.67,3.24,1967,8.2,34.74,0.3,APPROVE - Not a statistical outlier,
influencer_2728,3206599,128428,8682,1.8,4.01,1847,3.0,3.74,0.2,APPROVE - Not a statistical outlier,
influencer_2729,4687166,123595,7889,4.5,2.64,166,19.5,77.2,0.8,APPROVE - Not a statistical outlier,
influencer_2730,3178902,155916,14676,3.74,4.9,2585,13.5,62.239999999999995,19.6,APPROVE - Not a statistical outlier,
influencer_2731,756111,39334,2473,0.86,5.2,2304,9.7,44.29,0.9,APPROVE - Not a statistical outlier,
influencer_2732,2321715,60783,3719,4.69,2.62,349,6.3,21.55,0.8,APPROVE - Not a statistical outlier,
influencer_2733,2235805,116111,2712,4.77,5.19,1893,7.6,30.54,0.6,APPROVE - Not a statistical outlier,
influencer_2734,4305459,744977,19036,47.36,17.3,945,43.9,98.22,22.3,MANUAL REVIEW - Top 5% anomaly,Unsupervised flags anomaly; transfer model does not recognize pattern - review
influencer_2735,1900054,109830,2261,14.39,5.78,1235,26.4,87.11,4.0,"CAUTION - Top 15% anomaly, monitor 2-4 weeks",
influencer_2736,3458550,61000,5676,3.89,1.76,1927,7.8,32.06,1.4,APPROVE - Not a statistical outlier,
influencer_2737,1551184,303789,16000,25.7,19.58,2163,36.3,94.72,31.7,"CAUTION - Top 15% anomaly, monitor 2-4 weeks",
influencer_2738,4175482,175740,10102,-0.92,4.21,955,7.8,32.06,0.2,APPROVE - Not a statistical outlier,
influencer_2739,3274523,475517,41670,47.57,14.52,2130,38.8,96.22,32.0,MANUAL REVIEW - Top 5% anomaly,
influencer_2740,89668,4967,341,4.84,5.54,2937,18.7,75.73,0.0,APPROVE - Not a statistical outlier,
influencer_2741,2835837,79855,5490,0.39,2.82,2944,10.8,50.519999999999996,0.9,APPROVE - Not a statistical outlier,
influencer_2742,3620348,88183,3855,3.77,2.44,1288,3.8,7.33,0.0,APPROVE - Not a statistical outlier,
influencer_2743,1925914,67477,5851,2.21,3.5,2012,3.8,7.33,1.2,APPROVE - Not a statistical outlier,
influencer_2744,4011162,131555,4376,0.33,3.28,462,13.0,60.160000000000004,0.2,APPROVE - Not a statistical outlier,
influencer_2745,4748395,129257,3134,-0.69,2.72,1028,14.2,64.45,0.2,APPROVE - Not a statistical outlier,
influencer_2746,2771742,123861,4375,3.56,4.47,2177,4.1,8.7,0.2,APPROVE - Not a statistical outlier,
influencer_2747,2771374,132965,5507,0.9,4.8,1019,6.1,20.380000000000003,0.6,APPROVE - Not a statistical outlier,
influencer_2748,3583299,188657,8033,1.25,5.26,628,9.8,44.83,0.4,APPROVE - Not a statistical outlier,
influencer_2749,3046915,365120,26887,36.83,11.98,2480,29.1,89.52,32.3,"CAUTION - Top 15% anomaly, monitor 2-4 weeks",
influencer_2750,271914,6344,237,2.04,2.33,425,9.9,45.440000000000005,0.0,APPROVE - Not a statistical outlier,
influencer_2751,4110803,188293,13958,0.24,4.58,444,18.3,74.91,0.9,APPROVE - Not a statistical outlier,
influencer_2752,363455,10799,294,3.02,2.97,968,7.7,31.240000000000002,0.0,APPROVE - Not a statistical outlier,
influencer_2753,4475017,196247,6235,3.16,4.39,1666,7.6,30.54,0.2,APPROVE - Not a statistical outlier,
influencer_2754,1035586,35001,2124,-0.15,3.38,2754,10.7,49.99,0.7,APPROVE - Not a statistical outlier,
influencer_2755,1747688,126574,11866,14.08,7.24,2540,29.4,89.75999999999999,28.7,"CAUTION - Top 15% anomaly, monitor 2-4 weeks",
influencer_2756,3101581,144053,12786,2.66,4.64,570,7.6,30.54,11.6,APPROVE - Not a statistical outlier,
influencer_2757,2662637,153433,14959,0.12,5.76,1679,29.4,89.75999999999999,27.9,"CAUTION - Top 15% anomaly, monitor 2-4 weeks",
influencer_2758,3673277,726363,52325,16.17,19.77,1975,45.2,98.61,29.7,MANUAL REVIEW - Top 5% anomaly,Unsupervised flags anomaly; transfer model does not recognize pattern - review
influencer_2759,2085504,115005,8517,1.9,5.51,113,18.9,76.14999999999999,5.4,APPROVE - Not a statistical outlier,
influencer_2760,4158137,210904,14763,-0.31,5.07,300,23.3,83.06,1.2,APPROVE - Not a statistical outlier,
influencer_2761,2255736,74344,5191,1.01,3.3,2321,3.8,7.33,0.9,APPROVE - Not a statistical outlier,
influencer_2762,3022372,68273,2169,1.86,2.26,417,7.6,30.54,0.4,APPROVE - Not a statistical outlier,
influencer_2763,2389229,68131,4326,-0.94,2.85,243,9.1,40.52,0.2,APPROVE - Not a statistical outlier,
influencer_2764,3122881,34388,1749,-0.81,1.1,2895,12.9,59.67,0.0,APPROVE - Not a statistical outlier,
influencer_2765,4855042,175750,9737,-0.67,3.62,88,27.2,87.83,0.6,"CAUTION - Top 15% anomaly, monitor 2-4 weeks",
influencer_2766,2472378,85895,5315,43.83,3.47,1655,15.7,68.76,23.0,APPROVE - Not a statistical outlier,
influencer_2767,3831121,138926,4205,1.02,3.63,2960,12.5,58.040000000000006,0.2,APPROVE - Not a statistical outlier,
influencer_2768,3563944,209209,10200,4.36,5.87,872,8.3,35.29,0.5,APPROVE - Not a statistical outlier,
influencer_2769,1354324,75263,1887,2.36,5.56,1557,7.7,31.240000000000002,0.0,APPROVE - Not a statistical outlier,
influencer_2770,3373455,61011,6001,3.56,1.81,1759,9.2,41.25,1.0,APPROVE - Not a statistical outlier,
influencer_2771,4269173,121432,3580,3.12,2.84,152,19.5,77.2,0.4,APPROVE - Not a statistical outlier,
influencer_2772,870807,27167,1105,2.12,3.12,1466,3.3,4.8500000000000005,0.0,APPROVE - Not a statistical outlier,
influencer_2773,4397720,555638,50731,29.06,12.63,1192,37.8,95.63000000000001,36.3,MANUAL REVIEW - Top 5% anomaly,
influencer_2774,4071028,203245,11913,2.27,4.99,2516,7.5,29.880000000000003,0.6,APPROVE - Not a statistical outlier,
influencer_2775,2665496,96495,2976,1.31,3.62,591,6.2,20.919999999999998,0.4,APPROVE - Not a statistical outlier,
influencer_2776,2873176,110918,5627,1.61,3.86,2195,3.2,4.42,0.2,APPROVE - Not a statistical outlier,
influencer_2777,1370277,72146,2111,4.03,5.27,1767,4.9,12.86,0.0,APPROVE - Not a statistical outlier,
influencer_2778,750971,37771,1360,2.38,5.03,934,5.4,16.0,0.0,APPROVE - Not a statistical outlier,
influencer_2779,2594659,43098,1041,1.26,1.66,424,12.8,59.24,0.3,APPROVE - Not a statistical outlier,
influencer_2780,4167233,190424,10484,0.08,4.57,1756,13.3,61.56,0.2,APPROVE - Not a statistical outlier,
influencer_2781,4461276,141742,11981,1.97,3.18,2953,12.7,58.809999999999995,1.6,APPROVE - Not a statistical outlier,
influencer_2782,4076837,601143,40202,40.1,14.75,1746,34.1,93.14,30.7,"CAUTION - Top 15% anomaly, monitor 2-4 weeks",
influencer_2783,1343057,147405,10098,17.68,10.98,964,20.2,78.42,39.0,APPROVE - Not a statistical outlier,
influencer_2784,2234706,76790,2768,1.95,3.44,1131,2.7,2.62,0.6,APPROVE - Not a statistical outlier,
influencer_2785,486757,18226,865,10.3,3.74,1465,13.9,63.580000000000005,0.5,APPROVE - Not a statistical outlier,
influencer_2786,2055376,46401,4065,-0.44,2.26,104,17.4,73.3,0.2,APPROVE - Not a statistical outlier,
influencer_2787,2280176,98286,2656,22.9,4.31,324,21.9,81.08,19.4,APPROVE - Not a statistical outlier,
influencer_2788,1186111,57495,5096,-0.45,4.85,50,34.5,93.42,14.4,"CAUTION - Top 15% anomaly, monitor 2-4 weeks",
influencer_2789,4962828,718653,42181,33.03,14.48,1068,38.7,96.15,39.3,MANUAL REVIEW - Top 5% anomaly,
influencer_2790,2393919,346492,30135,45.52,14.47,1264,36.1,94.54,35.0,"CAUTION - Top 15% anomaly, monitor 2-4 weeks",
influencer_2791,1501948,78758,3578,4.83,5.24,589,4.2,9.19,1.2,APPROVE - Not a statistical outlier,
influencer_2792,4108834,702020,33070,22.0,17.09,1139,36.4,94.85,37.0,"CAUTION - Top 15% anomaly, monitor 2-4 weeks",
influencer_2793,2409630,137001,10977,2.87,5.69,1202,7.3,28.63,14.9,APPROVE - Not a statistical outlier,
influencer_2794,1595918,66040,5468,4.54,4.14,401,6.4,22.189999999999998,1.2,APPROVE - Not a statistical outlier,
influencer_2795,4669170,121829,4674,4.68,2.61,2057,9.2,41.25,0.0,APPROVE - Not a statistical outlier,
influencer_2796,2703994,60363,5905,4.26,2.23,847,7.5,29.880000000000003,0.4,APPROVE - Not a statistical outlier,
influencer_2797,2705716,28275,756,4.17,1.05,1204,13.2,61.160000000000004,0.0,APPROVE - Not a statistical outlier,
influencer_2798,4903444,106765,2720,3.03,2.18,1194,13.5,62.239999999999995,0.0,APPROVE - Not a statistical outlier,
influencer_2799,193512,15883,1074,32.28,8.21,1122,23.4,83.19,37.2,APPROVE - Not a statistical outlier,
influencer_2800,3715379,150875,11740,1.58,4.06,1313,4.9,12.86,0.6,APPROVE - Not a statistical outlier,
influencer_2801,4386724,80396,7788,2.81,1.83,2041,11.3,52.52,1.0,APPROVE - Not a statistical outlier,
influencer_2802,4905948,402837,21106,36.25,8.21,875,29.6,89.92,29.5,"CAUTION - Top 15% anomaly, monitor 2-4 weeks",
influencer_2803,1550420,9712,213,28.96,0.63,2021,27.1,87.74,33.6,"CAUTION - Top 15% anomaly, monitor 2-4 weeks",
influencer_2804,2076915,26074,1779,25.16,1.26,550,18.6,75.48,35.2,APPROVE - Not a statistical outlier,
influencer_2805,3349924,39372,1699,2.59,1.18,400,12.3,57.16,0.2,APPROVE - Not a statistical outlier,
influencer_2806,3346647,643090,35135,42.43,19.22,1472,38.1,95.87,32.7,MANUAL REVIEW - Top 5% anomaly,
influencer_2807,3901379,44153,2608,1.22,1.13,130,20.2,78.42,0.0,APPROVE - Not a statistical outlier,
influencer_2808,3805409,178687,4495,0.37,4.7,690,16.6,71.17,0.2,APPROVE - Not a statistical outlier,
influencer_2809,2965932,76819,4522,1.03,2.59,1711,3.2,4.42,0.2,APPROVE - Not a statistical outlier,
influencer_2810,648341,32297,1747,2.7,4.98,272,7.8,32.06,0.5,APPROVE - Not a statistical outlier,
influencer_2811,1521982,48074,3701,-0.6,3.16,2830,8.2,34.74,0.6,APPROVE - Not a statistical outlier,
influencer_2812,3330693,108746,7792,-0.87,3.26,541,8.3,35.29,0.2,APPROVE - Not a statistical outlier,
influencer_2813,3999422,142555,4963,1.62,3.56,2926,10.6,49.38,0.6,APPROVE - Not a statistical outlier,
influencer_2814,1202838,54911,2003,3.76,4.57,2632,5.7,18.01,0.0,APPROVE - Not a statistical outlier,
influencer_2815,2165563,51270,2054,-0.82,2.37,2303,5.5,16.68,0.0,APPROVE - Not a statistical outlier,
influencer_2816,4480825,72048,2472,4.09,1.61,1571,11.1,51.6,0.0,APPROVE - Not a statistical outlier,
influencer_2817,3586681,135586,9840,1.3,3.78,2291,4.8,12.17,0.6,APPROVE - Not a statistical outlier,
influencer_2818,4409285,116179,11566,-0.29,2.63,2795,20.5,78.92,1.2,APPROVE - Not a statistical outlier,
influencer_2819,4976230,159859,11536,2.4,3.21,2144,10.4,48.0,0.9,APPROVE - Not a statistical outlier,
influencer_2820,2385291,101010,6922,4.71,4.23,425,5.5,16.68,1.0,APPROVE - Not a statistical outlier,
influencer_2821,2096588,38190,2016,43.38,1.82,641,19.1,76.57000000000001,40.0,APPROVE - Not a statistical outlier,
influencer_2822,2656982,108973,4904,3.12,4.1,1290,1.6,0.3,0.2,APPROVE - Not a statistical outlier,
influencer_2823,4205955,156503,14536,3.9,3.72,1887,8.6,37.35,0.9,APPROVE - Not a statistical outlier,
influencer_2824,3245967,152527,14874,3.8,4.7,799,9.8,44.83,23.0,APPROVE - Not a statistical outlier,
influencer_2825,2986696,135287,8082,-0.56,4.53,1452,6.1,20.380000000000003,0.2,APPROVE - Not a statistical outlier,
influencer_2826,438625,1005,43,28.81,0.23,436,30.3,90.53,92.6,"CAUTION - Top 15% anomaly, monitor 2-4 weeks",
influencer_2827,3302106,145111,11842,4.7,4.39,1902,5.2,14.57,0.9,APPROVE - Not a statistical outlier,
influencer_2828,1373070,73703,2255,3.2,5.37,1533,4.5,10.66,0.6,APPROVE - Not a statistical outlier,
influencer_2829,2431721,76875,6245,4.02,3.16,2724,6.0,19.939999999999998,1.6,APPROVE - Not a statistical outlier,
influencer_2830,2594726,79497,6798,1.91,3.06,2299,3.8,7.33,1.6,APPROVE - Not a statistical outlier,
influencer_2831,4019280,193778,5811,0.91,4.82,1209,10.3,47.46,0.2,APPROVE - Not a statistical outlier,
influencer_2832,2543017,99502,9766,3.06,3.91,683,8.7,38.05,1.0,APPROVE - Not a statistical outlier,
influencer_2833,4451252,60315,5961,1.95,1.36,2505,15.9,69.27,1.4,APPROVE - Not a statistical outlier,
influencer_2834,1571057,85788,8144,4.37,5.46,1211,11.4,53.1,24.9,APPROVE - Not a statistical outlier,
influencer_2835,862069,9947,593,4.85,1.15,1006,9.3,42.01,0.5,APPROVE - Not a statistical outlier,
influencer_2836,857626,15787,626,31.9,1.84,1469,17.3,73.00999999999999,24.8,APPROVE - Not a statistical outlier,
influencer_2837,2162352,284379,18928,39.26,13.15,2448,28.5,88.92,30.7,"CAUTION - Top 15% anomaly, monitor 2-4 weeks",
influencer_2838,107022,6170,330,1.09,5.77,1397,15.7,68.76,0.0,APPROVE - Not a statistical outlier,
influencer_2839,2800131,35580,1297,4.37,1.27,2927,12.6,58.4,0.4,APPROVE - Not a statistical outlier,
influencer_2840,4976045,198259,10684,0.98,3.98,2933,15.3,67.67,0.2,APPROVE - Not a statistical outlier,
influencer_2841,3208796,100730,7364,-0.29,3.14,258,15.2,67.4,0.2,APPROVE - Not a statistical outlier,
influencer_2842,471529,12510,321,2.73,2.65,2357,9.2,41.25,0.0,APPROVE - Not a statistical outlier,
influencer_2843,2984516,391373,18266,27.96,13.11,1923,23.2,82.95,30.0,APPROVE - Not a statistical outlier,
influencer_2844,162445,17451,373,43.13,10.74,1343,32.9,92.14,9.0,"CAUTION - Top 15% anomaly, monitor 2-4 weeks",
influencer_2845,3835242,130214,10411,1.95,3.4,1100,4.0,8.24,0.6,APPROVE - Not a statistical outlier,
influencer_2846,3283831,50005,3563,4.57,1.52,1004,5.5,16.68,0.6,APPROVE - Not a statistical outlier,
influencer_2847,4419909,179556,4491,-0.53,4.06,1768,12.5,58.040000000000006,0.2,APPROVE - Not a statistical outlier,
influencer_2848,685029,32126,3121,3.98,4.69,787,10.2,46.94,27.0,APPROVE - Not a statistical outlier,
influencer_2849,511370,24731,539,3.55,4.84,350,11.9,55.67999999999999,0.1,APPROVE - Not a statistical outlier,
influencer_2850,1753374,96906,6511,3.32,5.53,2351,5.8,18.7,0.6,APPROVE - Not a statistical outlier,
influencer_2851,4416276,134579,11050,1.13,3.05,585,9.5,43.15,0.6,APPROVE - Not a statistical outlier,
influencer_2852,4000694,230654,19151,3.7,5.77,873,14.0,63.849999999999994,23.2,APPROVE - Not a statistical outlier,
influencer_2853,3309505,176302,4009,1.9,5.33,1366,10.3,47.46,0.2,APPROVE - Not a statistical outlier,
influencer_2854,209944,1143,105,19.52,0.54,1416,38.4,96.03,33.7,MANUAL REVIEW - Top 5% anomaly,
influencer_2855,2826494,50775,4746,2.31,1.8,697,5.7,18.01,0.0,APPROVE - Not a statistical outlier,
influencer_2856,1362303,43279,2809,-0.06,3.18,2457,8.9,39.31,0.2,APPROVE - Not a statistical outlier,
influencer_2857,4202765,126481,7407,-0.61,3.01,2788,11.5,53.73,0.6,APPROVE - Not a statistical outlier,
influencer_2858,2895100,112289,2648,1.2,3.88,1972,8.4,36.04,0.2,APPROVE - Not a statistical outlier,
influencer_2859,4667805,182834,11876,4.6,3.92,2034,7.7,31.240000000000002,0.6,APPROVE - Not a statistical outlier,
influencer_2860,1198162,56911,3002,2.18,4.75,1960,3.2,4.42,0.2,APPROVE - Not a statistical outlier,
influencer_2861,1047161,168742,13807,44.85,16.11,775,34.3,93.24,41.3,"CAUTION - Top 15% anomaly, monitor 2-4 weeks",
influencer_2862,4689482,71473,3738,2.46,1.52,704,11.2,52.04,0.0,APPROVE - Not a statistical outlier,
influencer_2863,1780685,319550,23866,38.2,17.95,2193,36.9,95.06,31.0,MANUAL REVIEW - Top 5% anomaly,
influencer_2864,1898501,48389,1360,1.22,2.55,2682,8.4,36.04,0.0,APPROVE - Not a statistical outlier,
influencer_2865,4755619,278512,8532,-0.66,5.86,1095,24.7,85.1,0.2,"CAUTION - Top 15% anomaly, monitor 2-4 weeks",
influencer_2866,674218,10715,334,3.68,1.59,2456,10.7,49.99,0.0,APPROVE - Not a statistical outlier,
influencer_2867,3886250,225062,5320,3.23,5.79,2543,14.6,65.66,0.2,APPROVE - Not a statistical outlier,
influencer_2868,604291,8792,556,2.17,1.46,2357,9.2,41.25,0.0,APPROVE - Not a statistical outlier,
influencer_2869,4903059,105669,8825,0.96,2.16,647,12.3,57.16,0.5,APPROVE - Not a statistical outlier,
influencer_2870,2662198,32822,2259,0.13,1.23,2195,9.1,40.52,1.2,APPROVE - Not a statistical outlier,
influencer_2871,2180431,103390,6823,47.29,4.74,2386,17.5,73.49,24.3,APPROVE - Not a statistical outlier,
influencer_2872,4210738,435733,32440,26.73,10.35,2177,28.1,88.53,30.7,"CAUTION - Top 15% anomaly, monitor 2-4 weeks",
influencer_2873,720407,46857,2210,32.05,6.5,2338,18.0,74.45,15.0,APPROVE - Not a statistical outlier,
influencer_2874,2539143,143273,7014,1.62,5.64,1022,7.2,27.93,0.6,APPROVE - Not a statistical outlier,
influencer_2875,338913,13392,604,2.24,3.95,1358,5.7,18.01,0.0,APPROVE - Not a statistical outlier,
influencer_2876,3916770,162547,12511,-0.35,4.15,1407,8.9,39.31,0.6,APPROVE - Not a statistical outlier,
influencer_2877,329821,17240,567,3.18,5.23,315,10.2,46.94,0.1,APPROVE - Not a statistical outlier,
influencer_2878,2181707,54193,1140,3.41,2.48,2405,8.9,39.31,0.0,APPROVE - Not a statistical outlier,
influencer_2879,1702243,47174,3193,-0.93,2.77,2140,4.5,10.66,0.6,APPROVE - Not a statistical outlier,
influencer_2880,3888008,214997,20508,0.62,5.53,716,24.5,84.75,28.2,APPROVE - Not a statistical outlier,
influencer_2881,1813375,99822,6863,-0.45,5.5,1335,10.8,50.519999999999996,0.2,APPROVE - Not a statistical outlier,
influencer_2882,3628447,338180,27945,17.02,9.32,1494,25.8,86.35000000000001,31.7,"CAUTION - Top 15% anomaly, monitor 2-4 weeks",
influencer_2883,3616652,199248,14709,2.56,5.51,767,8.4,36.04,3.4,APPROVE - Not a statistical outlier,
influencer_2884,69803,1142,68,1.79,1.64,2716,14.6,65.66,0.0,APPROVE - Not a statistical outlier,
influencer_2885,808744,41396,3207,1.78,5.12,1988,7.4,29.270000000000003,1.6,APPROVE - Not a statistical outlier,
influencer_2886,749736,141332,12144,16.05,18.85,1924,39.4,96.49,31.0,MANUAL REVIEW - Top 5% anomaly,
influencer_2887,700539,41710,1584,2.96,5.95,2553,10.2,46.94,0.0,APPROVE - Not a statistical outlier,
influencer_2888,246404,8282,388,0.01,3.36,1515,13.8,63.29,0.0,APPROVE - Not a statistical outlier,
influencer_2889,18297,2024,76,32.1,11.06,2130,29.8,90.16,14.6,"CAUTION - Top 15% anomaly, monitor 2-4 weeks",
influencer_2890,789443,18187,1021,36.78,2.3,2831,20.5,78.92,24.2,APPROVE - Not a statistical outlier,
influencer_2891,3656074,95375,8660,1.54,2.61,515,7.5,29.880000000000003,1.0,APPROVE - Not a statistical outlier,
influencer_2892,3266962,44924,2139,0.86,1.38,1543,6.1,20.380000000000003,0.0,APPROVE - Not a statistical outlier,
influencer_2893,4763606,260962,13036,4.95,5.48,2031,13.0,60.160000000000004,0.6,APPROVE - Not a statistical outlier,
influencer_2894,3027394,151774,13481,4.61,5.01,1417,6.7,24.240000000000002,13.2,APPROVE - Not a statistical outlier,
influencer_2895,1228146,20849,1276,4.65,1.7,2486,6.6,23.56,0.0,APPROVE - Not a statistical outlier,
influencer_2896,2881304,379473,23844,33.72,13.17,1060,25.2,85.68,39.3,"CAUTION - Top 15% anomaly, monitor 2-4 weeks",
influencer_2897,1334572,55107,4897,0.41,4.13,1795,8.1,34.22,0.2,APPROVE - Not a statistical outlier,
influencer_2898,4706907,143359,8492,1.65,3.05,697,8.5,36.75,0.4,APPROVE - Not a statistical outlier,
influencer_2899,616863,14003,1043,3.99,2.27,1250,4.8,12.17,0.0,APPROVE - Not a statistical outlier,
influencer_2900,4702669,249177,6690,3.42,5.3,864,14.3,64.75,0.8,APPROVE - Not a statistical outlier,
influencer_2901,3766056,169507,5812,4.1,4.5,905,5.7,18.01,0.5,APPROVE - Not a statistical outlier,
influencer_2902,3326315,124360,6510,4.52,3.74,2444,4.8,12.17,0.9,APPROVE - Not a statistical outlier,
influencer_2903,829791,33588,2001,3.68,4.05,1031,3.3,4.8500000000000005,0.0,APPROVE - Not a statistical outlier,
influencer_2904,3821887,55621,5409,0.57,1.46,279,16.8,71.58,0.9,APPROVE - Not a statistical outlier,
influencer_2905,2847274,95941,9368,0.71,3.37,1969,10.6,49.38,0.9,APPROVE - Not a statistical outlier,
influencer_2906,4840498,95285,8394,1.11,1.97,1648,10.6,49.38,0.9,APPROVE - Not a statistical outlier,
influencer_2907,4396564,850103,38465,24.03,19.34,1293,43.4,97.99,34.0,MANUAL REVIEW - Top 5% anomaly,
influencer_2908,377794,16269,1580,0.49,4.31,2457,16.6,71.17,6.0,APPROVE - Not a statistical outlier,
influencer_2909,3879450,215553,16198,3.51,5.56,901,8.7,38.05,10.5,APPROVE - Not a statistical outlier,
influencer_2910,3034349,91600,4711,-0.8,3.02,864,5.2,14.57,0.2,APPROVE - Not a statistical outlier,
influencer_2911,1522466,31039,2363,3.37,2.04,2852,6.2,20.919999999999998,1.0,APPROVE - Not a statistical outlier,
influencer_2912,2481252,105297,2245,3.94,4.24,948,7.0,26.58,0.2,APPROVE - Not a statistical outlier,
influencer_2913,783877,41983,1330,-0.6,5.36,1754,13.0,60.160000000000004,0.0,APPROVE - Not a statistical outlier,
influencer_2914,4903825,669443,57823,21.09,13.65,2532,41.9,97.55,31.3,MANUAL REVIEW - Top 5% anomaly,
influencer_2915,3886180,207669,14878,0.71,5.34,2443,11.8,55.21,0.6,APPROVE - Not a statistical outlier,
influencer_2916,3611793,133014,6535,0.25,3.68,1343,6.8,25.019999999999996,0.6,APPROVE - Not a statistical outlier,
influencer_2917,3300973,157105,9434,2.49,4.76,1927,3.5,5.62,0.2,APPROVE - Not a statistical outlier,
influencer_2918,3081977,168678,15587,16.31,5.47,432,26.5,87.2,29.3,"CAUTION - Top 15% anomaly, monitor 2-4 weeks",
influencer_2919,2300899,63076,4448,2.8,2.74,2135,1.9,0.84,0.2,APPROVE - Not a statistical outlier,
influencer_2920,1973424,58171,3016,1.14,2.95,2598,3.4,5.24,0.2,APPROVE - Not a statistical outlier,
influencer_2921,1337092,47553,1408,1.99,3.56,1357,3.5,5.62,0.0,APPROVE - Not a statistical outlier,
influencer_2922,851350,48061,2090,2.84,5.65,1168,5.6,17.31,0.0,APPROVE - Not a statistical outlier,
influencer_2923,3480027,490075,48158,15.95,14.08,239,44.8,98.54,39.0,MANUAL REVIEW - Top 5% anomaly,
influencer_2924,3206228,53628,2948,0.38,1.67,1094,5.9,19.36,0.2,APPROVE - Not a statistical outlier,
influencer_2925,168647,3143,181,4.34,1.86,845,12.0,56.11000000000001,0.0,APPROVE - Not a statistical outlier,
influencer_2926,2334679,201227,12051,29.94,8.62,2250,17.8,74.05000000000001,25.7,APPROVE - Not a statistical outlier,
influencer_2927,436477,73622,6679,33.23,16.87,263,38.2,95.93,41.8,MANUAL REVIEW - Top 5% anomaly,
influencer_2928,1684523,271705,18561,28.75,16.13,822,30.2,90.44,40.2,"CAUTION - Top 15% anomaly, monitor 2-4 weeks",
influencer_2929,4197656,231453,17473,-0.75,5.51,1937,14.3,64.75,5.2,APPROVE - Not a statistical outlier,
influencer_2930,4328308,251537,12866,2.0,5.81,1643,11.4,53.1,0.6,APPROVE - Not a statistical outlier,
influencer_2931,2961033,126377,2821,4.35,4.27,2870,11.4,53.1,0.2,APPROVE - Not a statistical outlier,
influencer_2932,1582420,82140,7760,3.92,5.19,2196,9.9,45.440000000000005,19.6,APPROVE - Not a statistical outlier,
influencer_2933,787261,28546,2738,0.52,3.63,364,11.5,53.73,4.6,APPROVE - Not a statistical outlier,
influencer_2934,3495708,71369,6846,4.46,2.04,1389,7.2,27.93,0.7,APPROVE - Not a statistical outlier,
influencer_2935,2829630,102530,9791,1.88,3.62,1669,6.1,20.380000000000003,0.6,APPROVE - Not a statistical outlier,
influencer_2936,4245402,160281,13659,-0.71,3.78,1127,9.0,39.94,0.6,APPROVE - Not a statistical outlier,
influencer_2937,3080042,145140,10851,-0.83,4.71,1244,8.0,33.550000000000004,0.2,APPROVE - Not a statistical outlier,
influencer_2938,2763081,58008,5079,1.91,2.1,353,7.2,27.93,0.9,APPROVE - Not a statistical outlier,
influencer_2939,127060,17270,1175,48.45,13.59,1820,33.3,92.49000000000001,32.6,"CAUTION - Top 15% anomaly, monitor 2-4 weeks",
influencer_2940,4325848,121994,3751,-0.52,2.82,313,17.6,73.71,0.2,APPROVE - Not a statistical outlier,
influencer_2941,2797461,162174,8319,4.53,5.8,242,14.5,65.25999999999999,0.6,APPROVE - Not a statistical outlier,
influencer_2942,3078099,99106,9683,3.31,3.22,1688,7.0,26.58,1.2,APPROVE - Not a statistical outlier,
influencer_2943,2845180,135870,6534,3.81,4.78,1771,2.2,1.4000000000000001,0.6,APPROVE - Not a statistical outlier,
influencer_2944,2622578,124678,11149,2.5,4.75,958,5.2,14.57,10.6,APPROVE - Not a statistical outlier,
influencer_2945,4588878,106816,2932,2.98,2.33,781,10.5,48.67,0.0,APPROVE - Not a statistical outlier,
influencer_2946,1673795,64597,3018,1.33,3.86,1447,2.0,1.03,0.2,APPROVE - Not a statistical outlier,
influencer_2947,4094886,224052,10771,3.08,5.47,2416,9.2,41.25,0.2,APPROVE - Not a statistical outlier,
influencer_2948,2255103,76132,1836,4.87,3.38,1851,6.6,23.56,0.1,APPROVE - Not a statistical outlier,
influencer_2949,2940362,168353,4971,2.89,5.73,1075,8.3,35.29,0.6,APPROVE - Not a statistical outlier,
influencer_2950,563060,28465,1009,41.29,5.06,1824,19.3,76.89,21.3,APPROVE - Not a statistical outlier,
influencer_2951,1507145,283192,24644,46.37,18.79,1922,43.9,98.22,30.7,MANUAL REVIEW - Top 5% anomaly,
influencer_2952,2649202,144574,3624,4.78,5.46,134,21.6,80.66,1.0,APPROVE - Not a statistical outlier,
influencer_2953,1193931,62542,2745,0.11,5.24,1519,16.0,69.55,0.2,APPROVE - Not a statistical outlier,
influencer_2954,4890084,291593,6069,3.84,5.96,1512,21.5,80.53,0.2,APPROVE - Not a statistical outlier,
influencer_2955,872522,25753,1948,17.29,2.95,1485,16.7,71.39,15.0,APPROVE - Not a statistical outlier,
influencer_2956,1543247,87709,6106,1.66,5.68,799,8.7,38.05,1.6,APPROVE - Not a statistical outlier,
influencer_2957,4373216,224553,16077,3.49,5.13,2793,11.1,51.6,0.9,APPROVE - Not a statistical outlier,
influencer_2958,2182906,338489,16907,12.7,15.51,2840,32.4,91.75,29.0,"CAUTION - Top 15% anomaly, monitor 2-4 weeks",
influencer_2959,603276,23200,850,1.8,3.85,1989,5.9,19.36,0.0,APPROVE - Not a statistical outlier,
influencer_2960,1501134,219302,17023,40.01,14.61,2057,30.8,90.92,31.0,"CAUTION - Top 15% anomaly, monitor 2-4 weeks",
influencer_2961,2605884,147826,12548,3.02,5.67,408,12.9,59.67,24.4,APPROVE - Not a statistical outlier,
influencer_2962,1706243,53927,1676,-0.65,3.16,742,6.6,23.56,0.4,APPROVE - Not a statistical outlier,
influencer_2963,4275692,157948,9310,-0.48,3.69,1402,7.5,29.880000000000003,0.6,APPROVE - Not a statistical outlier,
influencer_2964,4023928,200059,7981,43.34,4.97,254,30.5,90.66,33.0,"CAUTION - Top 15% anomaly, monitor 2-4 weeks",
influencer_2965,240779,18274,611,20.06,7.59,1767,26.2,86.83,6.7,"CAUTION - Top 15% anomaly, monitor 2-4 weeks",
influencer_2966,2976605,99791,7858,0.21,3.35,767,8.9,39.31,0.6,APPROVE - Not a statistical outlier,
influencer_2967,4889639,60623,3822,2.56,1.24,265,18.9,76.14999999999999,0.0,APPROVE - Not a statistical outlier,
influencer_2968,789140,42694,1592,2.12,5.41,212,11.4,53.1,0.5,APPROVE - Not a statistical outlier,
influencer_2969,3559539,271804,12176,22.16,7.64,741,19.5,77.2,9.3,APPROVE - Not a statistical outlier,
influencer_2970,3747037,147810,14386,4.43,3.94,1922,9.8,44.83,0.9,APPROVE - Not a statistical outlier,
influencer_2971,2124238,36025,3166,3.5,1.7,2521,7.5,29.880000000000003,0.7,APPROVE - Not a statistical outlier,
influencer_2972,4727276,48073,4345,-0.09,1.02,1918,16.1,69.86,0.2,APPROVE - Not a statistical outlier,
influencer_2973,4589727,102187,5804,2.42,2.23,652,8.0,33.550000000000004,1.9,APPROVE - Not a statistical outlier,
influencer_2974,1619963,73269,5121,-0.47,4.52,1289,7.4,29.270000000000003,0.6,APPROVE - Not a statistical outlier,
influencer_2975,591381,8846,443,0.47,1.5,1180,8.4,36.04,0.0,APPROVE - Not a statistical outlier,
influencer_2976,2933235,162631,4263,4.46,5.54,778,9.8,44.83,0.4,APPROVE - Not a statistical outlier,
influencer_2977,3684909,506015,26356,23.97,13.73,2232,28.7,89.05,31.7,"CAUTION - Top 15% anomaly, monitor 2-4 weeks",
influencer_2978,1540600,31165,2104,4.35,2.02,2334,3.8,7.33,0.7,APPROVE - Not a statistical outlier,
influencer_2979,2228503,42509,1826,-0.0,1.91,2312,8.9,39.31,0.0,APPROVE - Not a statistical outlier,
influencer_2980,4233939,771872,67798,27.88,18.23,2577,47.1,98.92,31.7,MANUAL REVIEW - Top 5% anomaly,
influencer_2981,3071771,149258,4789,1.12,4.86,2366,8.0,33.550000000000004,0.2,APPROVE - Not a statistical outlier,
influencer_2982,1144647,61526,3037,1.2,5.38,539,7.7,31.240000000000002,0.9,APPROVE - Not a statistical outlier,
influencer_2983,3612646,147064,4410,3.47,4.07,1605,5.5,16.68,0.2,APPROVE - Not a statistical outlier,
influencer_2984,1417953,259553,13597,17.05,18.3,1853,32.6,91.91,30.3,"CAUTION - Top 15% anomaly, monitor 2-4 weeks",
influencer_2985,2695245,65397,1515,2.32,2.43,2786,10.1,46.379999999999995,0.0,APPROVE - Not a statistical outlier,
influencer_2986,4123186,676967,28299,45.58,16.42,814,37.7,95.56,39.6,MANUAL REVIEW - Top 5% anomaly,
influencer_2987,422280,24372,1268,3.39,5.77,2971,13.8,63.29,0.3,APPROVE - Not a statistical outlier,
influencer_2988,910245,20359,1185,4.36,2.24,2853,8.3,35.29,0.0,APPROVE - Not a statistical outlier,
influencer_2989,342207,15940,1012,1.49,4.66,2375,9.0,39.94,0.0,APPROVE - Not a statistical outlier,
influencer_2990,1231746,187875,7890,31.22,15.25,166,32.0,91.53,39.9,"CAUTION - Top 15% anomaly, monitor 2-4 weeks",
influencer_2991,3290791,81915,5065,1.97,2.49,2453,3.9,7.84,0.9,APPROVE - Not a statistical outlier,
influencer_2992,593632,110460,6707,47.02,18.61,2164,39.0,96.34,31.3,MANUAL REVIEW - Top 5% anomaly,
influencer_2993,4038106,54758,2480,4.25,1.36,1807,9.2,41.25,0.0,APPROVE - Not a statistical outlier,
influencer_2994,4756185,237497,20523,-0.81,4.99,1252,22.0,81.22,7.6,APPROVE - Not a statistical outlier,
influencer_2995,4755896,105414,6709,2.28,2.22,2514,7.9,32.82,0.6,APPROVE - Not a statistical outlier,
influencer_2996,1473178,53432,2488,32.38,3.63,1363,11.5,53.73,21.6,APPROVE - Not a statistical outlier,
influencer_2997,1163189,15606,1494,1.98,1.34,1807,9.5,43.15,0.0,APPROVE - Not a statistical outlier,
influencer_2998,3871426,223593,19588,4.19,5.78,1334,14.9,66.64999999999999,20.2,APPROVE - Not a statistical outlier,
influencer_2999,415299,8160,804,0.12,1.97,793,16.6,71.17,0.0,APPROVE - Not a statistical outlier,
influencer_3000,2382486,137630,10374,30.76,5.78,731,15.3,67.67,37.1,APPROVE - Not a statistical outlier,
influencer_3001,3677158,185599,9327,4.22,5.05,181,15.1,67.17,1.0,APPROVE - Not a statistical outlier,
influencer_3002,4162900,243084,10323,1.59,5.84,1355,11.5,53.73,0.2,APPROVE - Not a statistical outlier,
influencer_3003,126438,4285,313,1.92,3.39,1331,8.9,39.31,0.0,APPROVE - Not a statistical outlier,
influencer_3004,3771183,174869,17218,-0.51,4.64,1741,16.1,69.86,16.9,APPROVE - Not a statistical outlier,
influencer_3005,1918043,54732,3838,-0.75,2.85,1061,3.8,7.33,0.2,APPROVE - Not a statistical outlier,
influencer_3006,2200391,132987,12039,24.81,6.04,836,17.8,74.05000000000001,39.8,APPROVE - Not a statistical outlier,
influencer_3007,636719,15745,729,27.15,2.47,264,19.0,76.35,36.2,APPROVE - Not a statistical outlier,
influencer_3008,2802445,51249,2693,4.59,1.83,2752,7.8,32.06,0.0,APPROVE - Not a statistical outlier,
influencer_3009,809258,47828,4424,2.95,5.91,590,15.9,69.27,34.7,APPROVE - Not a statistical outlier,
influencer_3010,4525474,67032,5399,3.96,1.48,1355,9.0,39.94,0.3,APPROVE - Not a statistical outlier,
influencer_3011,2865140,113060,11137,3.41,3.95,67,23.5,83.35000000000001,2.3,APPROVE - Not a statistical outlier,
influencer_3012,3565462,147336,12078,3.21,4.13,1189,4.6,11.16,0.9,APPROVE - Not a statistical outlier,
influencer_3013,182948,6751,377,3.61,3.69,2899,13.7,63.0,0.0,APPROVE - Not a statistical outlier,
influencer_3014,2583814,111386,6960,2.03,4.31,450,4.7,11.61,0.4,APPROVE - Not a statistical outlier,
influencer_3015,3770457,59607,5486,1.75,1.58,1272,7.2,27.93,1.0,APPROVE - Not a statistical outlier,
influencer_3016,1207751,45593,2923,-0.05,3.78,377,12.2,56.76,0.4,APPROVE - Not a statistical outlier,
influencer_3017,954692,23256,940,4.06,2.44,1861,4.8,12.17,0.3,APPROVE - Not a statistical outlier,
influencer_3018,218770,12471,684,-0.73,5.7,1599,16.2,70.1,0.0,APPROVE - Not a statistical outlier,
influencer_3019,4100906,197268,12093,0.6,4.81,2825,12.0,56.11000000000001,0.6,APPROVE - Not a statistical outlier,
influencer_3020,4837917,283626,7867,2.12,5.86,1948,18.2,74.79,0.2,APPROVE - Not a statistical outlier,
influencer_3021,2438245,28960,2302,4.83,1.19,2350,8.8,38.690000000000005,0.7,APPROVE - Not a statistical outlier,
influencer_3022,2703882,65587,1885,3.72,2.43,1931,5.3,15.27,0.1,APPROVE - Not a statistical outlier,
influencer_3023,1791008,35410,1855,1.21,1.98,2385,3.7,6.710000000000001,0.0,APPROVE - Not a statistical outlier,
influencer_3024,1827525,19294,1627,3.28,1.06,1427,8.2,34.74,1.0,APPROVE - Not a statistical outlier,
influencer_3025,4514070,99834,5731,4.59,2.21,2810,9.3,42.01,0.7,APPROVE - Not a statistical outlier,
influencer_3026,1339530,58857,5141,2.23,4.39,1854,4.7,11.61,0.9,APPROVE - Not a statistical outlier,
influencer_3027,4467951,67513,3196,49.05,1.51,2521,25.4,85.85000000000001,22.3,"CAUTION - Top 15% anomaly, monitor 2-4 weeks",
influencer_3028,2182913,77384,7476,2.32,3.55,1258,5.1,13.919999999999998,1.2,APPROVE - Not a statistical outlier,
influencer_3029,1479768,80485,2958,0.87,5.44,434,11.3,52.52,0.4,APPROVE - Not a statistical outlier,
influencer_3030,1566213,69990,1614,4.44,4.47,1751,5.8,18.7,0.0,APPROVE - Not a statistical outlier,
influencer_3031,2764398,82189,7380,3.78,2.97,2930,9.6,43.75,1.6,APPROVE - Not a statistical outlier,
influencer_3032,689152,19725,1581,3.23,2.86,1250,3.9,7.84,0.0,APPROVE - Not a statistical outlier,
influencer_3033,403980,13245,510,2.53,3.28,2855,11.0,51.22,0.0,APPROVE - Not a statistical outlier,
influencer_3034,1039336,19593,1935,4.82,1.89,144,18.0,74.45,0.5,APPROVE - Not a statistical outlier,
influencer_3035,2879350,120069,7226,0.79,4.17,1706,3.8,7.33,0.2,APPROVE - Not a statistical outlier,
influencer_3036,1169932,33001,3170,0.7,2.82,94,20.8,79.32000000000001,3.4,APPROVE - Not a statistical outlier,
influencer_3037,1450087,76301,4608,0.45,5.26,1329,8.6,37.35,0.2,APPROVE - Not a statistical outlier,
influencer_3038,2532528,467545,27000,25.06,18.46,854,34.9,93.76,40.0,"CAUTION - Top 15% anomaly, monitor 2-4 weeks",
influencer_3039,2109542,85490,4781,3.78,4.05,2316,2.5,2.02,0.2,APPROVE - Not a statistical outlier,
influencer_3040,938635,26478,1238,2.58,2.82,2379,3.5,5.62,0.0,APPROVE - Not a statistical outlier,
influencer_3041,3503626,71812,4502,2.91,2.05,1445,3.6,6.12,0.0,APPROVE - Not a statistical outlier,
influencer_3042,1387689,72380,4068,39.86,5.22,998,14.1,64.12,33.3,APPROVE - Not a statistical outlier,
influencer_3043,3817126,131005,3005,-0.76,3.43,398,15.8,69.04,0.2,APPROVE - Not a statistical outlier,
influencer_3044,3067983,65156,2660,0.52,2.12,262,11.5,53.73,0.2,APPROVE - Not a statistical outlier,
influencer_3045,2847230,56257,2084,2.51,1.98,2272,5.0,13.41,0.0,APPROVE - Not a statistical outlier,
influencer_3046,2119433,38722,3461,3.88,1.83,936,5.1,13.919999999999998,0.7,APPROVE - Not a statistical outlier,
influencer_3047,4457397,217779,14789,3.66,4.89,950,8.4,36.04,0.6,APPROVE - Not a statistical outlier,
influencer_3048,3679621,78925,6400,0.08,2.14,718,9.2,41.25,0.6,APPROVE - Not a statistical outlier,
influencer_3049,4557766,165593,15987,-0.69,3.63,206,28.4,88.79,1.2,"CAUTION - Top 15% anomaly, monitor 2-4 weeks",
influencer_3050,1298991,42317,3026,4.1,3.26,2294,3.3,4.8500000000000005,0.2,APPROVE - Not a statistical outlier,
influencer_3051,3732404,145491,14346,-0.55,3.9,1064,12.8,59.24,0.6,APPROVE - Not a statistical outlier,
influencer_3052,1815188,97761,4393,1.36,5.39,1499,5.3,15.27,0.2,APPROVE - Not a statistical outlier,
influencer_3053,2108359,112559,3928,-0.43,5.34,659,12.7,58.809999999999995,0.2,APPROVE - Not a statistical outlier,
influencer_3054,219401,7142,373,2.38,3.26,193,9.6,43.75,0.1,APPROVE - Not a statistical outlier,
influencer_3055,986132,10618,612,1.18,1.08,2130,10.3,47.46,0.0,APPROVE - Not a statistical outlier,
influencer_3056,160292,14731,1349,13.61,9.19,2295,41.1,97.16,28.7,MANUAL REVIEW - Top 5% anomaly,Unsupervised flags anomaly; transfer model does not recognize pattern - review
influencer_3057,4692066,189135,12255,2.57,4.03,853,7.5,29.880000000000003,0.8,APPROVE - Not a statistical outlier,
influencer_3058,3168759,120058,5207,1.18,3.79,2462,5.5,16.68,0.6,APPROVE - Not a statistical outlier,
influencer_3059,464937,19790,1571,0.0,4.26,85,24.5,84.75,1.1,APPROVE - Not a statistical outlier,
influencer_3060,2965391,539659,32631,40.34,18.2,147,48.3,99.14,41.3,"REJECT - Top 1% anomaly, escalate for manual audit",
influencer_3061,2682206,113529,3743,4.02,4.23,2977,9.2,41.25,0.2,APPROVE - Not a statistical outlier,
influencer_3062,1193097,22827,1509,0.64,1.91,827,4.6,11.16,0.2,APPROVE - Not a statistical outlier,
influencer_3063,188771,8971,833,0.12,4.75,809,25.0,85.50999999999999,12.0,"CAUTION - Top 15% anomaly, monitor 2-4 weeks",
influencer_3064,238199,6420,561,-0.55,2.7,2880,18.9,76.14999999999999,0.0,APPROVE - Not a statistical outlier,
influencer_3065,2858281,130036,8705,2.17,4.55,2922,7.8,32.06,0.2,APPROVE - Not a statistical outlier,
influencer_3066,2733481,33876,1699,3.99,1.24,1468,6.2,20.919999999999998,0.0,APPROVE - Not a statistical outlier,
influencer_3067,4835777,146973,3962,0.5,3.04,1923,13.2,61.160000000000004,0.2,APPROVE - Not a statistical outlier,
influencer_3068,2275316,252119,14514,48.53,11.08,2932,31.5,91.35,31.0,"CAUTION - Top 15% anomaly, monitor 2-4 weeks",
influencer_3069,3603615,76913,6165,-0.04,2.13,737,9.4,42.6,0.6,APPROVE - Not a statistical outlier,
influencer_3070,1584214,78837,3848,1.43,4.98,1133,3.6,6.12,0.6,APPROVE - Not a statistical outlier,
influencer_3071,752518,31258,1213,-0.91,4.15,51,27.1,87.74,6.3,"CAUTION - Top 15% anomaly, monitor 2-4 weeks",
influencer_3072,514313,20252,1914,4.46,3.94,1530,8.6,37.35,0.0,APPROVE - Not a statistical outlier,
influencer_3073,3932586,108843,9330,3.06,2.77,872,4.9,12.86,0.5,APPROVE - Not a statistical outlier,
influencer_3074,3215215,109711,7796,1.0,3.41,1790,3.3,4.8500000000000005,0.6,APPROVE - Not a statistical outlier,
influencer_3075,3461989,138020,4270,4.29,3.99,1146,4.8,12.17,0.6,APPROVE - Not a statistical outlier,
influencer_3076,2333214,174647,5517,44.38,7.49,221,28.9,89.31,23.1,"CAUTION - Top 15% anomaly, monitor 2-4 weeks",
influencer_3077,2331229,47186,1333,47.57,2.02,1048,22.4,81.78999999999999,34.4,APPROVE - Not a statistical outlier,
influencer_3078,1864462,59075,4094,4.66,3.17,1156,2.0,1.03,0.0,APPROVE - Not a statistical outlier,
influencer_3079,655224,13178,385,0.85,2.01,425,9.8,44.83,0.0,APPROVE - Not a statistical outlier,
influencer_3080,2251397,441180,38563,12.74,19.6,2717,48.4,99.18,28.7,"REJECT - Top 1% anomaly, escalate for manual audit",Unsupervised flags anomaly; transfer model does not recognize pattern - review
influencer_3081,2000284,20583,2046,2.83,1.03,1048,11.7,54.76,1.3,APPROVE - Not a statistical outlier,
influencer_3082,2002676,367386,18115,32.53,18.34,596,33.4,92.58999999999999,39.6,"CAUTION - Top 15% anomaly, monitor 2-4 weeks",
influencer_3083,1685532,79971,4501,3.52,4.74,260,6.8,25.019999999999996,0.9,APPROVE - Not a statistical outlier,
influencer_3084,455418,22637,1741,-0.37,4.97,903,14.2,64.45,0.8,APPROVE - Not a statistical outlier,
influencer_3085,1473542,29652,2816,4.11,2.01,2651,9.3,42.01,1.7,APPROVE - Not a statistical outlier,
influencer_3086,4474014,259278,23731,-0.11,5.8,269,47.1,98.92,28.6,MANUAL REVIEW - Top 5% anomaly,Unsupervised flags anomaly; transfer model does not recognize pattern - review
influencer_3087,4857854,170608,4198,3.15,3.51,119,25.3,85.75,0.4,"CAUTION - Top 15% anomaly, monitor 2-4 weeks",
influencer_3088,563621,31477,1055,2.0,5.58,2309,10.6,49.38,0.0,APPROVE - Not a statistical outlier,
influencer_3089,3530801,160080,12865,3.25,4.53,486,8.0,33.550000000000004,1.3,APPROVE - Not a statistical outlier,
influencer_3090,4809163,221806,16660,3.59,4.61,2310,10.9,50.92,0.6,APPROVE - Not a statistical outlier,
influencer_3091,1599099,22790,698,3.82,1.43,383,10.0,45.910000000000004,0.0,APPROVE - Not a statistical outlier,
influencer_3092,4195463,213375,12837,34.32,5.09,1034,15.8,69.04,32.4,APPROVE - Not a statistical outlier,
influencer_3093,3814233,39823,3284,4.08,1.04,1386,8.9,39.31,0.3,APPROVE - Not a statistical outlier,
influencer_3094,1212569,83628,3136,41.69,6.9,468,21.6,80.66,26.3,APPROVE - Not a statistical outlier,
influencer_3095,4562307,124194,11140,4.34,2.72,1428,9.6,43.75,0.0,APPROVE - Not a statistical outlier,
influencer_3096,1196885,59045,1431,3.32,4.93,374,9.6,43.75,0.4,APPROVE - Not a statistical outlier,
influencer_3097,1157083,106742,8814,38.31,9.23,2741,27.7,88.3,32.3,"CAUTION - Top 15% anomaly, monitor 2-4 weeks",
influencer_3098,1975324,100675,6973,4.94,5.1,686,5.0,13.41,1.3,APPROVE - Not a statistical outlier,
influencer_3099,3899190,64472,2915,-0.3,1.65,2207,8.9,39.31,0.2,APPROVE - Not a statistical outlier,
influencer_3100,3389445,63276,4914,1.22,1.87,2218,4.9,12.86,0.2,APPROVE - Not a statistical outlier,
influencer_3101,2743974,74207,6128,3.84,2.7,2492,4.7,11.61,1.0,APPROVE - Not a statistical outlier,
influencer_3102,3493099,106275,10065,-0.48,3.04,1146,9.6,43.75,0.9,APPROVE - Not a statistical outlier,
influencer_3103,1280180,225554,11147,45.6,17.62,655,34.6,93.51,40.2,"CAUTION - Top 15% anomaly, monitor 2-4 weeks",
influencer_3104,3334178,160648,12029,4.15,4.82,313,12.1,56.44,1.6,APPROVE - Not a statistical outlier,
influencer_3105,4532211,67292,4589,-0.89,1.48,2009,9.6,43.75,0.2,APPROVE - Not a statistical outlier,
influencer_3106,2585182,71249,4418,4.64,2.76,1708,2.5,2.02,0.0,APPROVE - Not a statistical outlier,
influencer_3107,1809286,93833,8560,4.87,5.19,252,15.2,67.4,24.0,APPROVE - Not a statistical outlier,
influencer_3108,4600757,61373,1243,0.93,1.33,773,18.3,74.91,0.3,APPROVE - Not a statistical outlier,
influencer_3109,4866313,277950,11832,3.6,5.71,492,20.9,79.47,1.0,APPROVE - Not a statistical outlier,
influencer_3110,4364089,258859,16324,-0.24,5.93,1598,22.5,81.97,0.6,APPROVE - Not a statistical outlier,
influencer_3111,2798921,40383,1383,3.64,1.44,1735,7.1,27.279999999999998,0.0,APPROVE - Not a statistical outlier,
influencer_3112,4375142,107469,9954,1.89,2.46,1193,7.8,32.06,0.2,APPROVE - Not a statistical outlier,
influencer_3113,270160,7731,555,4.16,2.86,2434,9.2,41.25,0.0,APPROVE - Not a statistical outlier,
influencer_3114,2570931,125511,7308,0.28,4.88,1766,8.4,36.04,0.2,APPROVE - Not a statistical outlier,
influencer_3115,442904,17625,1501,3.04,3.98,1076,6.3,21.55,0.4,APPROVE - Not a statistical outlier,
influencer_3116,579526,13664,766,27.13,2.36,2936,21.2,80.01,23.2,APPROVE - Not a statistical outlier,
influencer_3117,838393,40138,2596,0.21,4.79,694,11.6,54.290000000000006,1.9,APPROVE - Not a statistical outlier,
influencer_3118,3346503,53205,1075,3.91,1.59,1386,12.8,59.24,0.0,APPROVE - Not a statistical outlier,
influencer_3119,815422,42125,2074,4.75,5.17,1044,4.4,10.09,0.2,APPROVE - Not a statistical outlier,
influencer_3120,735983,33326,1036,2.7,4.53,2162,6.6,23.56,0.0,APPROVE - Not a statistical outlier,
influencer_3121,2264429,88011,6616,3.71,3.89,2698,5.1,13.919999999999998,0.9,APPROVE - Not a statistical outlier,
influencer_3122,3136812,170914,9968,2.2,5.45,1084,6.5,22.900000000000002,0.6,APPROVE - Not a statistical outlier,
influencer_3123,4276115,192490,8496,2.59,4.5,1794,4.8,12.17,0.2,APPROVE - Not a statistical outlier,
influencer_3124,2877280,57790,3318,-0.92,2.01,2317,5.1,13.919999999999998,0.2,APPROVE - Not a statistical outlier,
influencer_3125,2939687,92562,3403,2.15,3.15,1943,3.6,6.12,0.2,APPROVE - Not a statistical outlier,
influencer_3126,1417842,49202,4625,2.45,3.47,392,6.9,25.8,1.2,APPROVE - Not a statistical outlier,
influencer_3127,2332256,29761,723,3.02,1.28,2899,15.3,67.67,0.0,APPROVE - Not a statistical outlier,
influencer_3128,3690024,213032,19009,0.02,5.77,1442,30.7,90.83,18.6,"CAUTION - Top 15% anomaly, monitor 2-4 weeks",
influencer_3129,4397650,507285,30898,32.84,11.54,697,31.9,91.47,39.3,"CAUTION - Top 15% anomaly, monitor 2-4 weeks",
influencer_3130,3703418,65361,4543,10.37,1.76,1910,12.0,56.11000000000001,3.0,APPROVE - Not a statistical outlier,
influencer_3131,2282608,126431,5589,38.44,5.54,1424,14.5,65.25999999999999,17.9,APPROVE - Not a statistical outlier,
influencer_3132,3931010,236828,23051,29.4,6.02,128,46.1,98.78,45.8,MANUAL REVIEW - Top 5% anomaly,
influencer_3133,3642771,410131,17450,38.03,11.26,2124,24.9,85.34,24.0,"CAUTION - Top 15% anomaly, monitor 2-4 weeks",
influencer_3134,4080441,214597,14401,2.27,5.26,2916,12.1,56.44,0.6,APPROVE - Not a statistical outlier,
influencer_3135,961652,34824,3464,4.92,3.62,451,9.4,42.6,3.9,APPROVE - Not a statistical outlier,
influencer_3136,2189370,46955,4248,4.11,2.14,1533,4.9,12.86,0.0,APPROVE - Not a statistical outlier,
influencer_3137,1549485,24917,1567,0.62,1.61,91,15.9,69.27,0.1,APPROVE - Not a statistical outlier,
influencer_3138,1568343,44179,4383,1.21,2.82,1162,7.5,29.880000000000003,0.6,APPROVE - Not a statistical outlier,
influencer_3139,3326495,75748,5765,4.51,2.28,1732,4.1,8.7,0.7,APPROVE - Not a statistical outlier,
influencer_3140,3386744,119669,4391,4.39,3.53,627,5.4,16.0,1.0,APPROVE - Not a statistical outlier,
influencer_3141,756612,44125,2314,-0.04,5.83,421,27.7,88.3,0.4,"CAUTION - Top 15% anomaly, monitor 2-4 weeks",
influencer_3142,3995528,720855,33706,30.78,18.04,1105,36.9,95.06,38.3,MANUAL REVIEW - Top 5% anomaly,
influencer_3143,2077475,113215,5380,0.79,5.45,2680,10.8,50.519999999999996,0.2,APPROVE - Not a statistical outlier,
influencer_3144,2142912,91167,7369,2.26,4.25,1342,2.9,3.34,0.6,APPROVE - Not a statistical outlier,
influencer_3145,3145311,106193,7087,-0.97,3.38,2059,4.8,12.17,0.6,APPROVE - Not a statistical outlier,
influencer_3146,286622,15113,348,4.99,5.27,2414,16.1,69.86,0.0,APPROVE - Not a statistical outlier,
influencer_3147,1963889,366942,33096,42.07,18.68,839,44.5,98.42999999999999,40.3,MANUAL REVIEW - Top 5% anomaly,
influencer_3148,1907862,101939,4459,0.45,5.34,1435,9.4,42.6,0.2,APPROVE - Not a statistical outlier,
influencer_3149,4027390,98988,9875,3.1,2.46,2829,14.7,66.07,0.7,APPROVE - Not a statistical outlier,
influencer_3150,1397436,22974,2213,0.76,1.64,1189,7.6,30.54,1.6,APPROVE - Not a statistical outlier,
influencer_3151,668540,35275,3359,-0.46,5.28,1561,17.9,74.22,20.2,APPROVE - Not a statistical outlier,
influencer_3152,2196690,86485,7341,1.55,3.94,1415,3.5,5.62,0.6,APPROVE - Not a statistical outlier,
influencer_3153,1589236,86541,3258,2.68,5.45,910,4.8,12.17,1.0,APPROVE - Not a statistical outlier,
influencer_3154,4706815,267777,16765,-0.46,5.69,1629,19.5,77.2,0.6,APPROVE - Not a statistical outlier,
influencer_3155,2983410,37833,1435,2.11,1.27,2712,9.3,42.01,0.1,APPROVE - Not a statistical outlier,
influencer_3156,1405355,49255,2008,2.09,3.5,283,5.5,16.68,0.5,APPROVE - Not a statistical outlier,
influencer_3157,2676480,355338,24474,28.81,13.28,2097,25.7,86.24000000000001,31.3,"CAUTION - Top 15% anomaly, monitor 2-4 weeks",
influencer_3158,3425083,141431,3290,0.47,4.13,2605,13.0,60.160000000000004,0.2,APPROVE - Not a statistical outlier,
influencer_3159,2465722,446119,43521,24.75,18.09,1198,43.6,98.11,36.0,MANUAL REVIEW - Top 5% anomaly,
influencer_3160,2902092,69735,6519,0.95,2.4,1261,5.6,17.31,0.9,APPROVE - Not a statistical outlier,
influencer_3161,2251229,85186,4298,1.39,3.78,2453,3.4,5.24,0.2,APPROVE - Not a statistical outlier,
influencer_3162,1523534,69223,4238,2.81,4.54,195,9.0,39.94,0.6,APPROVE - Not a statistical outlier,
influencer_3163,1723907,28826,1651,4.58,1.67,1603,4.6,11.16,0.0,APPROVE - Not a statistical outlier,
influencer_3164,2516967,127618,11559,0.22,5.07,2938,20.2,78.42,16.6,APPROVE - Not a statistical outlier,
influencer_3165,4676112,188472,14152,3.12,4.03,646,10.5,48.67,1.0,APPROVE - Not a statistical outlier,
influencer_3166,2871574,165049,6973,-0.42,5.75,2689,16.7,71.39,0.2,APPROVE - Not a statistical outlier,
influencer_3167,2889939,569559,31751,18.66,19.71,1655,37.9,95.72,31.3,MANUAL REVIEW - Top 5% anomaly,
influencer_3168,3987280,61433,3336,2.05,1.54,532,9.1,40.52,0.0,APPROVE - Not a statistical outlier,
influencer_3169,2045940,72272,6992,3.25,3.53,942,5.5,16.68,1.2,APPROVE - Not a statistical outlier,
influencer_3170,2100409,30015,1021,4.15,1.43,2156,7.0,26.58,0.0,APPROVE - Not a statistical outlier,
influencer_3171,3173382,185567,5041,3.46,5.85,614,11.7,54.76,1.0,APPROVE - Not a statistical outlier,
influencer_3172,3882857,46338,4191,-0.91,1.19,1988,10.4,48.0,0.2,APPROVE - Not a statistical outlier,
influencer_3173,4538871,216391,19850,3.1,4.77,2765,16.5,70.91,9.9,APPROVE - Not a statistical outlier,
influencer_3174,292464,10603,951,3.95,3.63,425,10.7,49.99,0.5,APPROVE - Not a statistical outlier,
influencer_3175,4740400,134774,8204,2.15,2.84,1661,6.4,22.189999999999998,0.6,APPROVE - Not a statistical outlier,
influencer_3176,2674829,35554,2587,4.79,1.33,1910,6.6,23.56,0.3,APPROVE - Not a statistical outlier,
influencer_3177,119581,4915,319,-0.97,4.11,431,14.2,64.45,0.0,APPROVE - Not a statistical outlier,
influencer_3178,3853256,503345,12863,41.0,13.06,1004,31.2,91.22,10.3,"CAUTION - Top 15% anomaly, monitor 2-4 weeks",
influencer_3179,339540,36482,2468,31.61,10.74,253,26.4,87.11,43.0,"CAUTION - Top 15% anomaly, monitor 2-4 weeks",
influencer_3180,502590,27899,588,2.9,5.55,547,13.5,62.239999999999995,0.1,APPROVE - Not a statistical outlier,
influencer_3181,1419412,35776,1645,3.16,2.52,2711,4.9,12.86,0.0,APPROVE - Not a statistical outlier,
influencer_3182,3361492,109202,10328,0.84,3.25,265,17.7,73.9,0.9,APPROVE - Not a statistical outlier,
influencer_3183,1631369,60667,2688,4.97,3.72,145,12.9,59.67,1.2,APPROVE - Not a statistical outlier,
influencer_3184,873328,13110,1247,-0.38,1.5,255,14.5,65.25999999999999,0.0,APPROVE - Not a statistical outlier,
influencer_3185,4810479,272312,10895,-0.06,5.66,2307,27.6,88.21,0.2,"CAUTION - Top 15% anomaly, monitor 2-4 weeks",
influencer_3186,3111691,89388,4037,4.35,2.87,211,10.3,47.46,0.2,APPROVE - Not a statistical outlier,
influencer_3187,1359097,19080,1340,-0.28,1.4,1371,7.3,28.63,0.0,APPROVE - Not a statistical outlier,
influencer_3188,3301354,96942,7845,1.29,2.94,239,11.3,52.52,0.6,APPROVE - Not a statistical outlier,
influencer_3189,1295315,47818,2874,12.59,3.69,1445,14.2,64.45,3.6,APPROVE - Not a statistical outlier,
influencer_3190,2576508,91936,8326,3.75,3.57,2173,5.3,15.27,1.2,APPROVE - Not a statistical outlier,
influencer_3191,2377219,106326,2468,4.73,4.47,923,6.5,22.900000000000002,0.8,APPROVE - Not a statistical outlier,
influencer_3192,1359311,187358,17569,34.3,13.78,1911,32.8,92.07,31.0,"CAUTION - Top 15% anomaly, monitor 2-4 weeks",
influencer_3193,4511784,318097,11357,29.81,7.05,2833,25.7,86.24000000000001,9.0,"CAUTION - Top 15% anomaly, monitor 2-4 weeks",
influencer_3194,1290467,65764,5967,4.7,5.1,1139,7.0,26.58,23.6,APPROVE - Not a statistical outlier,
influencer_3195,165074,2310,120,2.32,1.4,2492,12.3,57.16,0.0,APPROVE - Not a statistical outlier,
influencer_3196,2571466,135707,11755,1.06,5.28,2056,9.3,42.01,16.2,APPROVE - Not a statistical outlier,
influencer_3197,3656180,367638,27107,43.89,10.06,423,33.7,92.77,42.5,"CAUTION - Top 15% anomaly, monitor 2-4 weeks",
influencer_3198,4484120,766919,26133,12.26,17.1,2773,46.9,98.88,28.0,MANUAL REVIEW - Top 5% anomaly,Unsupervised flags anomaly; transfer model does not recognize pattern - review
influencer_3199,791645,22197,2074,-0.59,2.8,873,9.2,41.25,3.1,APPROVE - Not a statistical outlier,
influencer_3200,3288093,133530,5293,3.71,4.06,1554,3.0,3.74,0.2,APPROVE - Not a statistical outlier,
influencer_3201,1018481,17970,710,4.7,1.76,633,7.9,32.82,0.0,APPROVE - Not a statistical outlier,
influencer_3202,3595804,47854,4074,1.65,1.33,611,9.0,39.94,0.4,APPROVE - Not a statistical outlier,
influencer_3203,63507,1320,37,-0.03,2.08,2072,18.7,75.73,0.0,APPROVE - Not a statistical outlier,
influencer_3204,1106710,10150,383,25.52,0.92,1969,21.8,80.94,23.8,APPROVE - Not a statistical outlier,
influencer_3205,2339377,59935,3613,1.36,2.56,162,10.2,46.94,0.2,APPROVE - Not a statistical outlier,
influencer_3206,4388373,288251,24915,26.15,6.57,2868,38.2,95.93,30.3,MANUAL REVIEW - Top 5% anomaly,
influencer_3207,807564,38216,1215,37.27,4.73,2726,21.4,80.36,18.3,APPROVE - Not a statistical outlier,
influencer_3208,3919949,194011,12380,0.05,4.95,2298,16.3,70.39,0.6,APPROVE - Not a statistical outlier,
influencer_3209,1610473,68947,5301,1.28,4.28,1005,3.9,7.84,1.1,APPROVE - Not a statistical outlier,
influencer_3210,1712952,69268,6154,4.21,4.04,1843,4.5,10.66,0.9,APPROVE - Not a statistical outlier,
influencer_3211,738954,22603,2143,3.38,3.06,1573,6.3,21.55,2.3,APPROVE - Not a statistical outlier,
influencer_3212,2909056,98007,8112,-0.67,3.37,2865,11.5,53.73,0.9,APPROVE - Not a statistical outlier,
influencer_3213,708173,21759,1571,2.08,3.07,2768,6.3,21.55,0.0,APPROVE - Not a statistical outlier,
influencer_3214,4511579,235090,12856,-0.45,5.21,1387,14.9,66.64999999999999,0.6,APPROVE - Not a statistical outlier,
influencer_3215,680447,14629,423,4.74,2.15,68,21.6,80.66,0.7,APPROVE - Not a statistical outlier,
influencer_3216,1062404,10927,838,0.47,1.03,1346,8.8,38.690000000000005,0.0,APPROVE - Not a statistical outlier,
influencer_3217,2981248,126899,12616,4.6,4.26,2767,16.5,70.91,9.2,APPROVE - Not a statistical outlier,
influencer_3218,2614987,52621,4153,4.0,2.01,191,12.9,59.67,0.0,APPROVE - Not a statistical outlier,
influencer_3219,2754913,150158,3203,2.31,5.45,1939,10.8,50.519999999999996,0.2,APPROVE - Not a statistical outlier,
influencer_3220,4996929,264598,15796,1.02,5.3,1157,18.2,74.79,0.6,APPROVE - Not a statistical outlier,
influencer_3221,2536232,35092,2427,4.15,1.38,2238,6.2,20.919999999999998,0.7,APPROVE - Not a statistical outlier,
influencer_3222,2379907,36458,2740,-0.08,1.53,1688,8.7,38.05,0.9,APPROVE - Not a statistical outlier,
influencer_3223,4533688,157584,12225,0.08,3.48,1993,11.7,54.76,1.2,APPROVE - Not a statistical outlier,
influencer_3224,2830915,114542,7404,0.35,4.05,1087,6.7,24.240000000000002,0.6,APPROVE - Not a statistical outlier,
influencer_3225,2364162,56138,2125,2.59,2.37,2319,2.9,3.34,0.0,APPROVE - Not a statistical outlier,
influencer_3226,4882909,869692,82947,37.92,17.81,996,58.8,99.68,39.6,"REJECT - Top 1% anomaly, escalate for manual audit",
influencer_3227,916113,36411,2757,4.94,3.97,919,4.2,9.19,2.9,APPROVE - Not a statistical outlier,
influencer_3228,2693794,70688,2753,0.17,2.62,2190,7.1,27.279999999999998,0.2,APPROVE - Not a statistical outlier,
influencer_3229,2212549,24932,1141,3.83,1.13,2395,7.9,32.82,0.0,APPROVE - Not a statistical outlier,
influencer_3230,2346704,111486,10452,-0.42,4.75,2100,11.9,55.67999999999999,8.9,APPROVE - Not a statistical outlier,
influencer_3231,4582025,95020,8646,1.12,2.07,2901,14.3,64.75,1.2,APPROVE - Not a statistical outlier,
influencer_3232,424332,21948,1150,0.46,5.17,2778,17.5,73.49,0.3,APPROVE - Not a statistical outlier,
influencer_3233,293575,9105,210,4.86,3.1,1696,11.9,55.67999999999999,0.0,APPROVE - Not a statistical outlier,
influencer_3234,1460700,56753,1355,-0.85,3.89,1471,9.1,40.52,0.0,APPROVE - Not a statistical outlier,
influencer_3235,30336,1627,69,3.33,5.36,1097,12.5,58.040000000000006,0.0,APPROVE - Not a statistical outlier,
influencer_3236,3202078,170290,11976,0.49,5.32,157,26.3,87.01,2.6,"CAUTION - Top 15% anomaly, monitor 2-4 weeks",
influencer_3237,1643425,46962,3134,3.87,2.86,2953,6.4,22.189999999999998,0.0,APPROVE - Not a statistical outlier,
influencer_3238,2608622,463772,32791,22.79,17.78,187,41.5,97.35000000000001,41.0,MANUAL REVIEW - Top 5% anomaly,
influencer_3239,1887963,92051,7123,0.12,4.88,856,13.1,60.69,0.9,APPROVE - Not a statistical outlier,
influencer_3240,2773605,87795,1889,3.16,3.17,1920,7.5,29.880000000000003,0.0,APPROVE - Not a statistical outlier,
influencer_3241,1448947,28402,806,0.55,1.96,2929,13.9,63.580000000000005,0.0,APPROVE - Not a statistical outlier,
influencer_3242,4177426,230682,11247,1.91,5.52,541,12.7,58.809999999999995,0.4,APPROVE - Not a statistical outlier,
influencer_3243,3857756,76789,2487,-0.21,1.99,2122,10.1,46.379999999999995,0.2,APPROVE - Not a statistical outlier,
influencer_3244,1499339,16928,440,3.35,1.13,2296,11.7,54.76,0.0,APPROVE - Not a statistical outlier,
influencer_3245,677296,7459,531,1.44,1.1,472,11.1,51.6,0.0,APPROVE - Not a statistical outlier,
influencer_3246,380039,15625,1331,-0.16,4.11,2392,15.0,66.92,0.4,APPROVE - Not a statistical outlier,
influencer_3247,529714,22822,1830,3.45,4.31,2254,6.1,20.380000000000003,0.0,APPROVE - Not a statistical outlier,
influencer_3248,2912190,74412,6352,-0.38,2.56,2305,7.8,32.06,0.9,APPROVE - Not a statistical outlier,
influencer_3249,4636352,135749,9946,12.68,2.93,1756,20.1,78.18,3.0,APPROVE - Not a statistical outlier,
influencer_3250,553439,14928,1176,2.64,2.7,2036,5.6,17.31,0.3,APPROVE - Not a statistical outlier,
influencer_3251,4143535,182348,7611,4.58,4.4,1725,4.8,12.17,0.2,APPROVE - Not a statistical outlier,
influencer_3252,274452,3542,352,-0.09,1.29,296,21.5,80.53,0.0,APPROVE - Not a statistical outlier,
influencer_3253,779883,44028,1525,2.92,5.65,2947,14.1,64.12,0.0,APPROVE - Not a statistical outlier,
influencer_3254,4372047,92364,3432,1.28,2.11,867,6.7,24.240000000000002,0.2,APPROVE - Not a statistical outlier,
influencer_3255,4944772,296605,12787,1.4,6.0,518,25.7,86.24000000000001,0.7,"CAUTION - Top 15% anomaly, monitor 2-4 weeks",
influencer_3256,2190921,40698,3989,2.01,1.86,731,6.9,25.8,0.2,APPROVE - Not a statistical outlier,
influencer_3257,3199156,155406,15394,0.4,4.86,716,18.7,75.73,21.9,APPROVE - Not a statistical outlier,
influencer_3258,4823139,102108,8535,1.77,2.12,1025,9.8,44.83,0.2,APPROVE - Not a statistical outlier,
influencer_3259,4955582,69587,4893,3.12,1.4,386,17.5,73.49,0.3,APPROVE - Not a statistical outlier,
influencer_3260,763371,23729,1461,22.28,3.11,901,13.5,62.239999999999995,30.9,APPROVE - Not a statistical outlier,
influencer_3261,3258945,172520,16846,-0.74,5.29,2003,17.1,72.35000000000001,19.6,APPROVE - Not a statistical outlier,
influencer_3262,3769950,113771,8606,0.55,3.02,2281,6.4,22.189999999999998,0.6,APPROVE - Not a statistical outlier,
influencer_3263,143980,6496,620,1.11,4.51,581,17.3,73.00999999999999,10.3,APPROVE - Not a statistical outlier,
influencer_3264,4697671,177822,8059,1.13,3.79,1840,9.6,43.75,0.6,APPROVE - Not a statistical outlier,
influencer_3265,2435003,128197,5987,-0.51,5.26,352,13.9,63.580000000000005,0.2,APPROVE - Not a statistical outlier,
influencer_3266,258354,6653,587,1.7,2.58,2671,12.9,59.67,0.0,APPROVE - Not a statistical outlier,
influencer_3267,3207943,116074,3713,3.15,3.62,2258,4.8,12.17,0.2,APPROVE - Not a statistical outlier,
influencer_3268,1918160,65732,6288,-0.71,3.43,2576,11.1,51.6,1.9,APPROVE - Not a statistical outlier,
influencer_3269,3316258,91844,5565,3.51,2.77,112,14.7,66.07,1.0,APPROVE - Not a statistical outlier,
influencer_3270,4372545,238621,22457,4.73,5.46,2380,19.2,76.74,20.2,APPROVE - Not a statistical outlier,
influencer_3271,2236883,40921,1920,-0.94,1.83,291,9.3,42.01,0.2,APPROVE - Not a statistical outlier,
influencer_3272,2551982,44596,3446,0.16,1.75,813,6.9,25.8,0.2,APPROVE - Not a statistical outlier,
influencer_3273,765265,29727,1742,2.26,3.88,1253,3.1,4.06,0.0,APPROVE - Not a statistical outlier,
influencer_3274,309617,13274,931,0.31,4.29,943,11.5,53.73,0.3,APPROVE - Not a statistical outlier,
influencer_3275,2981346,429482,25919,21.42,14.41,2769,29.5,89.83,31.7,"CAUTION - Top 15% anomaly, monitor 2-4 weeks",
influencer_3276,745748,131916,12844,31.58,17.69,973,39.5,96.55,40.6,MANUAL REVIEW - Top 5% anomaly,
influencer_3277,3637562,7410,558,40.59,0.2,2760,30.2,90.44,44.7,"CAUTION - Top 15% anomaly, monitor 2-4 weeks",
influencer_3278,2055410,45899,1840,-0.99,2.23,1348,3.7,6.710000000000001,0.0,APPROVE - Not a statistical outlier,
influencer_3279,2478748,107622,9984,0.62,4.34,1565,8.1,34.22,0.6,APPROVE - Not a statistical outlier,
influencer_3280,735275,34563,1504,0.31,4.7,718,11.2,52.04,0.2,APPROVE - Not a statistical outlier,
influencer_3281,1298819,42090,2093,1.06,3.24,2473,4.7,11.61,0.0,APPROVE - Not a statistical outlier,
influencer_3282,1035186,58877,1658,-0.11,5.69,1802,23.9,83.93,0.0,APPROVE - Not a statistical outlier,
influencer_3283,599506,100213,9219,44.39,16.72,868,38.5,96.08,41.6,MANUAL REVIEW - Top 5% anomaly,
influencer_3284,557718,20271,869,12.3,3.63,907,16.4,70.67999999999999,7.0,APPROVE - Not a statistical outlier,
influencer_3285,1597853,61464,2502,3.99,3.85,2900,7.2,27.93,0.2,APPROVE - Not a statistical outlier,
influencer_3286,353414,15773,1476,0.71,4.46,78,18.6,75.48,8.7,APPROVE - Not a statistical outlier,
influencer_3287,2964944,117439,9916,0.27,3.96,2866,13.4,61.89,0.2,APPROVE - Not a statistical outlier,
influencer_3288,2348693,419459,13123,44.04,17.86,322,38.5,96.08,37.0,MANUAL REVIEW - Top 5% anomaly,
influencer_3289,2764545,356914,29104,12.86,12.91,1681,29.0,89.41,29.3,"CAUTION - Top 15% anomaly, monitor 2-4 weeks",
influencer_3290,3517144,87908,8179,2.05,2.5,565,8.3,35.29,0.9,APPROVE - Not a statistical outlier,
influencer_3291,3949401,81720,2147,-0.32,2.07,340,18.6,75.48,0.1,APPROVE - Not a statistical outlier,
influencer_3292,125932,24685,2123,22.14,19.6,566,44.3,98.36,41.2,MANUAL REVIEW - Top 5% anomaly,
influencer_3293,269083,3269,208,4.99,1.22,1956,14.2,64.45,0.0,APPROVE - Not a statistical outlier,
influencer_3294,1752498,93763,6894,3.84,5.35,2716,7.8,32.06,1.6,APPROVE - Not a statistical outlier,
influencer_3295,3878809,414506,24633,27.49,10.69,263,32.8,92.07,39.6,"CAUTION - Top 15% anomaly, monitor 2-4 weeks",
influencer_3296,4877709,209871,15913,2.26,4.3,1262,9.9,45.440000000000005,0.6,APPROVE - Not a statistical outlier,
influencer_3297,1559426,63518,1443,1.5,4.07,2682,10.0,45.910000000000004,0.0,APPROVE - Not a statistical outlier,
influencer_3298,3231431,169523,13734,-0.78,5.25,2171,10.6,49.38,6.2,APPROVE - Not a statistical outlier,
influencer_3299,2593316,88207,1999,3.67,3.4,2404,7.3,28.63,0.0,APPROVE - Not a statistical outlier,
influencer_3300,290220,54451,3072,25.35,18.76,2302,37.5,95.46,31.3,MANUAL REVIEW - Top 5% anomaly,
influencer_3301,3977765,111267,3569,1.45,2.8,996,4.6,11.16,0.2,APPROVE - Not a statistical outlier,
influencer_3302,1396285,160518,13786,13.78,11.5,919,25.8,86.35000000000001,38.5,"CAUTION - Top 15% anomaly, monitor 2-4 weeks",
influencer_3303,4677029,210152,9476,2.21,4.49,2088,8.4,36.04,0.2,APPROVE - Not a statistical outlier,
influencer_3304,2923705,66832,3764,-0.61,2.29,64,17.9,74.22,0.6,APPROVE - Not a statistical outlier,
influencer_3305,2665749,101842,5530,0.56,3.82,476,7.3,28.63,0.2,APPROVE - Not a statistical outlier,
influencer_3306,4000453,146622,11993,1.77,3.67,1793,4.4,10.09,0.9,APPROVE - Not a statistical outlier,
influencer_3307,1407978,23787,1391,-0.38,1.69,2518,7.6,30.54,0.0,APPROVE - Not a statistical outlier,
influencer_3308,2922989,115639,9611,2.43,3.96,2730,7.1,27.279999999999998,0.6,APPROVE - Not a statistical outlier,
influencer_3309,985156,25357,656,-0.28,2.57,1588,10.3,47.46,0.0,APPROVE - Not a statistical outlier,
influencer_3310,3714543,46868,1655,0.2,1.26,624,11.0,51.22,0.5,APPROVE - Not a statistical outlier,
influencer_3311,864659,49659,3184,4.36,5.74,2055,7.0,26.58,0.9,APPROVE - Not a statistical outlier,
influencer_3312,4944082,208019,19921,5.0,4.21,2306,19.9,77.86999999999999,1.2,APPROVE - Not a statistical outlier,
influencer_3313,2238035,120509,3130,2.3,5.38,373,10.6,49.38,0.4,APPROVE - Not a statistical outlier,
influencer_3314,1204920,52778,1237,2.72,4.38,1133,6.2,20.919999999999998,0.3,APPROVE - Not a statistical outlier,
influencer_3315,3109591,86599,2816,3.78,2.78,1449,3.6,6.12,0.0,APPROVE - Not a statistical outlier,
influencer_3316,3611954,128709,9175,3.18,3.56,1343,2.6,2.31,0.6,APPROVE - Not a statistical outlier,
influencer_3317,748852,32790,1702,0.09,4.38,1508,10.9,50.92,0.4,APPROVE - Not a statistical outlier,
influencer_3318,1157618,67156,5778,1.47,5.8,1181,13.7,63.0,19.9,APPROVE - Not a statistical outlier,
influencer_3319,3912147,774583,19949,15.35,19.8,2986,52.4,99.58,19.0,"REJECT - Top 1% anomaly, escalate for manual audit",Unsupervised flags anomaly; transfer model does not recognize pattern - review
influencer_3320,1108810,59597,2128,1.16,5.37,1951,8.6,37.35,0.0,APPROVE - Not a statistical outlier,
influencer_3321,813283,45709,2011,0.06,5.62,1412,21.1,79.82000000000001,0.0,APPROVE - Not a statistical outlier,
influencer_3322,2915863,126900,8900,3.42,4.35,2604,4.6,11.16,0.6,APPROVE - Not a statistical outlier,
influencer_3323,1822367,103079,7711,0.19,5.66,2152,17.3,73.00999999999999,4.6,APPROVE - Not a statistical outlier,
influencer_3324,3373863,100858,3019,0.56,2.99,1599,7.4,29.270000000000003,0.2,APPROVE - Not a statistical outlier,
influencer_3325,2900033,167189,15967,0.72,5.77,1924,18.0,74.45,27.9,APPROVE - Not a statistical outlier,
influencer_3326,4533669,204645,9676,-0.03,4.51,2273,17.9,74.22,0.2,APPROVE - Not a statistical outlier,
influencer_3327,1579315,220438,16985,23.64,13.96,1896,27.3,87.92,31.3,"CAUTION - Top 15% anomaly, monitor 2-4 weeks",
influencer_3328,1350590,74746,4629,2.66,5.53,58,21.1,79.82000000000001,7.2,APPROVE - Not a statistical outlier,
influencer_3329,3505438,119968,4537,4.01,3.42,735,4.4,10.09,0.4,APPROVE - Not a statistical outlier,
influencer_3330,4581197,151254,13264,1.96,3.3,1050,8.8,38.690000000000005,0.9,APPROVE - Not a statistical outlier,
influencer_3331,3046529,116753,9977,2.12,3.83,2093,4.6,11.16,0.6,APPROVE - Not a statistical outlier,
influencer_3332,2226541,38895,2010,2.7,1.75,1476,3.7,6.710000000000001,0.1,APPROVE - Not a statistical outlier,
influencer_3333,2812139,94089,6312,1.23,3.35,2882,6.9,25.8,0.9,APPROVE - Not a statistical outlier,
influencer_3334,1470793,75828,3080,1.98,5.16,1689,3.7,6.710000000000001,0.2,APPROVE - Not a statistical outlier,
influencer_3335,4491512,787201,59188,37.59,17.53,996,44.1,98.29,39.6,MANUAL REVIEW - Top 5% anomaly,
influencer_3336,4945490,116940,5229,4.72,2.36,2306,10.4,48.0,0.4,APPROVE - Not a statistical outlier,
influencer_3337,2898706,124142,10865,25.35,4.28,2792,19.3,76.89,22.3,APPROVE - Not a statistical outlier,
influencer_3338,3202473,98589,3686,-0.22,3.08,602,9.9,45.440000000000005,0.6,APPROVE - Not a statistical outlier,
influencer_3339,1099657,51041,1081,-0.75,4.64,1636,11.5,53.73,0.3,APPROVE - Not a statistical outlier,
influencer_3340,927215,46303,1920,3.08,4.99,644,4.6,11.16,0.3,APPROVE - Not a statistical outlier,
influencer_3341,3034449,333967,11783,21.52,11.01,355,27.7,88.3,11.6,"CAUTION - Top 15% anomaly, monitor 2-4 weeks",
influencer_3342,1450991,58656,3558,-0.64,4.04,2952,9.6,43.75,0.9,APPROVE - Not a statistical outlier,
influencer_3343,2512910,57121,2073,-0.04,2.27,388,10.4,48.0,0.5,APPROVE - Not a statistical outlier,
influencer_3344,425528,23917,1938,1.11,5.62,1840,14.0,63.849999999999994,11.4,APPROVE - Not a statistical outlier,
influencer_3345,2536610,123699,4862,1.61,4.88,2401,4.7,11.61,0.2,APPROVE - Not a statistical outlier,
influencer_3346,2716223,105176,8052,2.12,3.87,1751,2.5,2.02,0.2,APPROVE - Not a statistical outlier,
influencer_3347,613181,27459,1819,4.95,4.48,1379,5.2,14.57,0.0,APPROVE - Not a statistical outlier,
influencer_3348,3646525,204992,20273,1.31,5.62,194,34.1,93.14,35.4,"CAUTION - Top 15% anomaly, monitor 2-4 weeks",
influencer_3349,1651824,75355,7534,0.46,4.56,1626,13.8,63.29,16.2,APPROVE - Not a statistical outlier,
influencer_3350,140227,3985,356,2.45,2.84,1657,9.8,44.83,0.3,APPROVE - Not a statistical outlier,
influencer_3351,1774055,80988,6543,0.29,4.57,2875,13.6,62.64999999999999,0.6,APPROVE - Not a statistical outlier,
influencer_3352,693137,8327,423,4.64,1.2,2532,11.1,51.6,0.0,APPROVE - Not a statistical outlier,
influencer_3353,282854,8822,708,16.43,3.12,1206,19.9,77.86999999999999,13.7,APPROVE - Not a statistical outlier,
influencer_3354,4875196,147797,14267,4.94,3.03,1180,16.0,69.55,1.0,APPROVE - Not a statistical outlier,
influencer_3355,661327,12130,265,1.51,1.83,222,13.3,61.56,0.0,APPROVE - Not a statistical outlier,
influencer_3356,1658153,18495,1165,3.88,1.12,2704,10.3,47.46,0.0,APPROVE - Not a statistical outlier,
influencer_3357,4346398,72450,2712,2.89,1.67,2607,10.9,50.92,0.0,APPROVE - Not a statistical outlier,
influencer_3358,1486255,63509,4104,4.6,4.27,121,12.4,57.63,0.9,APPROVE - Not a statistical outlier,
influencer_3359,4157004,630816,36155,39.49,15.17,168,48.5,99.21,40.3,"REJECT - Top 1% anomaly, escalate for manual audit",
influencer_3360,1807684,107394,7094,2.49,5.94,510,8.9,39.31,1.0,APPROVE - Not a statistical outlier,
influencer_3361,1810858,49469,3169,2.92,2.73,2526,1.9,0.84,0.2,APPROVE - Not a statistical outlier,
influencer_3362,480083,19188,1857,3.72,4.0,1386,8.5,36.75,0.4,APPROVE - Not a statistical outlier,
influencer_3363,1395316,79333,5091,4.39,5.69,2946,11.2,52.04,1.6,APPROVE - Not a statistical outlier,
influencer_3364,1902740,34919,3062,0.6,1.84,369,8.4,36.04,1.9,APPROVE - Not a statistical outlier,
influencer_3365,4263627,25020,1140,36.29,0.59,1105,25.6,86.11,37.7,"CAUTION - Top 15% anomaly, monitor 2-4 weeks",
influencer_3366,4585946,218974,12054,-0.79,4.77,2543,14.3,64.75,0.6,APPROVE - Not a statistical outlier,
influencer_3367,2296936,33187,1912,1.22,1.44,2795,8.4,36.04,0.0,APPROVE - Not a statistical outlier,
influencer_3368,4302400,228295,9656,4.08,5.31,828,8.7,38.05,1.5,APPROVE - Not a statistical outlier,
influencer_3369,4642094,235146,11847,-0.58,5.07,504,18.7,75.73,0.6,APPROVE - Not a statistical outlier,
influencer_3370,2708184,31604,2145,2.23,1.17,2478,7.6,30.54,0.7,APPROVE - Not a statistical outlier,
influencer_3371,2913066,42397,2815,3.17,1.46,1492,5.2,14.57,0.0,APPROVE - Not a statistical outlier,
influencer_3372,3771771,46982,3331,4.02,1.25,634,9.3,42.01,1.0,APPROVE - Not a statistical outlier,
influencer_3373,1541724,41221,1984,2.5,2.67,2999,6.4,22.189999999999998,0.0,APPROVE - Not a statistical outlier,
influencer_3374,1966730,69748,3157,0.12,3.55,850,7.4,29.270000000000003,0.6,APPROVE - Not a statistical outlier,
influencer_3375,4563530,61928,4268,33.89,1.36,2734,23.8,83.78999999999999,22.0,APPROVE - Not a statistical outlier,
influencer_3376,4321614,101053,3095,-0.43,2.34,627,12.3,57.16,0.2,APPROVE - Not a statistical outlier,
influencer_3377,4084290,227004,9135,3.61,5.56,1562,7.3,28.63,0.2,APPROVE - Not a statistical outlier,
influencer_3378,676673,19226,449,-0.48,2.84,543,13.9,63.580000000000005,0.0,APPROVE - Not a statistical outlier,
influencer_3379,4063224,49886,1287,-0.14,1.23,1556,13.4,61.89,0.0,APPROVE - Not a statistical outlier,
influencer_3380,1889529,47259,1865,4.39,2.5,1907,3.1,4.06,0.1,APPROVE - Not a statistical outlier,
influencer_3381,1095316,40039,863,3.52,3.66,1729,8.2,34.74,0.0,APPROVE - Not a statistical outlier,
influencer_3382,4301915,130825,5184,1.19,3.04,1059,5.5,16.68,0.2,APPROVE - Not a statistical outlier,
influencer_3383,4968514,117714,8522,2.83,2.37,529,12.4,57.63,0.5,APPROVE - Not a statistical outlier,
influencer_3384,1637675,27129,675,1.74,1.66,1714,7.9,32.82,0.3,APPROVE - Not a statistical outlier,
influencer_3385,707673,36061,1981,-0.6,5.1,746,10.1,46.379999999999995,0.2,APPROVE - Not a statistical outlier,
influencer_3386,802849,89744,8350,33.64,11.18,1171,28.1,88.53,39.6,"CAUTION - Top 15% anomaly, monitor 2-4 weeks",
influencer_3387,1729665,45796,3814,3.58,2.65,1538,2.7,2.62,0.0,APPROVE - Not a statistical outlier,
influencer_3388,1162068,33794,1501,4.29,2.91,2678,5.1,13.919999999999998,0.1,APPROVE - Not a statistical outlier,
influencer_3389,1036891,42410,3985,2.24,4.09,695,6.4,22.189999999999998,1.6,APPROVE - Not a statistical outlier,
influencer_3390,754494,34647,1606,3.04,4.59,2545,5.8,18.7,0.0,APPROVE - Not a statistical outlier,
influencer_3391,424177,12556,323,1.63,2.96,2238,9.8,44.83,0.0,APPROVE - Not a statistical outlier,
influencer_3392,643762,73919,7356,42.63,11.48,2347,37.6,95.52000000000001,32.3,MANUAL REVIEW - Top 5% anomaly,
influencer_3393,768876,134039,12010,20.57,17.43,1109,36.7,94.94,39.6,"CAUTION - Top 15% anomaly, monitor 2-4 weeks",
influencer_3394,3705697,120507,6901,4.47,3.25,257,9.4,42.6,0.4,APPROVE - Not a statistical outlier,
influencer_3395,1207184,228506,16751,25.66,18.93,2926,39.8,96.67,32.3,MANUAL REVIEW - Top 5% anomaly,
influencer_3396,1761511,100382,7397,18.26,5.7,178,23.6,83.49,24.4,APPROVE - Not a statistical outlier,
influencer_3397,4585074,547772,19477,44.97,11.95,1099,34.8,93.66,25.5,"CAUTION - Top 15% anomaly, monitor 2-4 weeks",
influencer_3398,3542815,490099,17645,14.54,13.83,1197,28.8,89.18,22.3,"CAUTION - Top 15% anomaly, monitor 2-4 weeks",
influencer_3399,47002,1250,71,4.35,2.66,661,12.4,57.63,0.1,APPROVE - Not a statistical outlier,
influencer_3400,4611146,154598,14366,-0.72,3.35,1393,12.6,58.4,0.9,APPROVE - Not a statistical outlier,
influencer_3401,716339,18428,383,3.53,2.57,442,11.1,51.6,0.0,APPROVE - Not a statistical outlier,
influencer_3402,4140289,186351,15392,1.24,4.5,1785,8.9,39.31,0.6,APPROVE - Not a statistical outlier,
influencer_3403,1785006,140546,3457,41.25,7.87,549,23.9,83.93,17.3,APPROVE - Not a statistical outlier,
influencer_3404,4914478,228853,13332,4.06,4.66,1397,10.6,49.38,0.6,APPROVE - Not a statistical outlier,
influencer_3405,629889,37457,2660,2.84,5.95,2464,9.5,43.15,9.2,APPROVE - Not a statistical outlier,
influencer_3406,2368108,306547,22972,22.67,12.94,2352,27.7,88.3,31.7,"CAUTION - Top 15% anomaly, monitor 2-4 weeks",
influencer_3407,4590699,45492,1122,33.68,0.99,2430,28.3,88.68,24.0,"CAUTION - Top 15% anomaly, monitor 2-4 weeks",
influencer_3408,3845886,418785,22400,36.35,10.89,1132,25.9,86.44,37.3,"CAUTION - Top 15% anomaly, monitor 2-4 weeks",
influencer_3409,926779,26050,1737,0.94,2.81,627,5.2,14.57,0.2,APPROVE - Not a statistical outlier,
influencer_3410,2530832,118205,2988,1.99,4.67,1689,6.8,25.019999999999996,0.2,APPROVE - Not a statistical outlier,
influencer_3411,3320151,50478,1555,2.16,1.52,1715,7.5,29.880000000000003,0.4,APPROVE - Not a statistical outlier,
influencer_3412,226391,11198,818,1.38,4.95,2635,13.4,61.89,0.0,APPROVE - Not a statistical outlier,
influencer_3413,192387,7044,434,0.99,3.66,2190,11.4,53.1,0.0,APPROVE - Not a statistical outlier,
influencer_3414,3633632,89440,2946,2.03,2.46,2218,5.4,16.0,0.2,APPROVE - Not a statistical outlier,
influencer_3415,4609474,197234,12390,-0.8,4.28,1954,10.6,49.38,0.6,APPROVE - Not a statistical outlier,
influencer_3416,2785067,117198,10901,2.87,4.21,759,6.2,20.919999999999998,0.7,APPROVE - Not a statistical outlier,
influencer_3417,1375073,28153,598,2.64,2.05,618,8.5,36.75,0.0,APPROVE - Not a statistical outlier,
influencer_3418,2536394,29218,2086,0.68,1.15,2488,7.8,32.06,0.7,APPROVE - Not a statistical outlier,
influencer_3419,4558220,144409,3739,0.08,3.17,406,22.0,81.22,0.2,APPROVE - Not a statistical outlier,
influencer_3420,4373352,168267,3452,-0.56,3.85,1437,15.5,68.24,0.2,APPROVE - Not a statistical outlier,
influencer_3421,1425663,76743,2459,2.52,5.38,1899,5.8,18.7,0.6,APPROVE - Not a statistical outlier,
influencer_3422,2470146,139343,7501,2.41,5.64,780,5.4,16.0,0.4,APPROVE - Not a statistical outlier,
influencer_3423,3292070,119963,10099,2.2,3.64,656,5.3,15.27,0.6,APPROVE - Not a statistical outlier,
influencer_3424,687268,32775,1394,4.91,4.77,1659,5.7,18.01,0.0,APPROVE - Not a statistical outlier,
influencer_3425,802955,38203,2676,14.75,4.76,1024,15.4,67.97,14.1,APPROVE - Not a statistical outlier,
influencer_3426,1112009,52602,2782,3.33,4.73,1613,2.4,1.76,0.2,APPROVE - Not a statistical outlier,
influencer_3427,2014148,40766,1579,-0.32,2.02,732,7.1,27.279999999999998,0.2,APPROVE - Not a statistical outlier,
influencer_3428,4468223,127582,7800,0.79,2.86,2539,10.1,46.379999999999995,0.6,APPROVE - Not a statistical outlier,
influencer_3429,1520593,115598,9686,45.42,7.6,2089,24.9,85.34,35.3,"CAUTION - Top 15% anomaly, monitor 2-4 weeks",
influencer_3430,2445291,26672,2309,2.46,1.09,1209,7.8,32.06,2.0,APPROVE - Not a statistical outlier,
influencer_3431,148745,6860,601,0.98,4.61,506,15.0,66.92,0.3,APPROVE - Not a statistical outlier,
influencer_3432,3793824,674757,31770,44.34,17.79,430,40.8,97.06,40.3,MANUAL REVIEW - Top 5% anomaly,
influencer_3433,1731992,51885,4331,3.14,3.0,2885,6.5,22.900000000000002,0.6,APPROVE - Not a statistical outlier,
influencer_3434,138686,4493,166,-0.8,3.24,2254,14.1,64.12,0.0,APPROVE - Not a statistical outlier,
influencer_3435,2068636,108736,8598,2.84,5.26,86,20.6,79.03999999999999,11.0,APPROVE - Not a statistical outlier,
influencer_3436,4152923,202590,19422,-0.3,4.88,1905,20.1,78.18,16.6,APPROVE - Not a statistical outlier,
influencer_3437,1984044,48425,1021,1.79,2.44,477,8.8,38.690000000000005,0.0,APPROVE - Not a statistical outlier,
influencer_3438,3925221,102836,5679,3.36,2.62,232,9.9,45.440000000000005,0.4,APPROVE - Not a statistical outlier,
influencer_3439,3315344,40890,2936,15.44,1.23,1686,22.4,81.78999999999999,15.0,APPROVE - Not a statistical outlier,
influencer_3440,50976,2137,162,28.31,4.19,767,19.9,77.86999999999999,35.1,APPROVE - Not a statistical outlier,
influencer_3441,2523620,45706,1557,0.63,1.81,231,13.0,60.160000000000004,0.2,APPROVE - Not a statistical outlier,
influencer_3442,2364128,60276,5893,1.64,2.55,1383,5.5,16.68,1.9,APPROVE - Not a statistical outlier,
influencer_3443,3368611,185270,12824,0.13,5.5,2440,18.5,75.26,0.6,APPROVE - Not a statistical outlier,
influencer_3444,4406813,832874,27607,25.59,18.9,921,43.5,98.05,38.0,MANUAL REVIEW - Top 5% anomaly,
influencer_3445,3643693,85147,1842,43.75,2.34,2531,25.8,86.35000000000001,24.3,"CAUTION - Top 15% anomaly, monitor 2-4 weeks",
influencer_3446,2028320,98070,8106,4.54,4.84,2433,6.5,22.900000000000002,1.6,APPROVE - Not a statistical outlier,
influencer_3447,1813105,71236,1878,24.63,3.93,245,21.4,80.36,28.4,APPROVE - Not a statistical outlier,
influencer_3448,1948238,40541,1268,1.19,2.08,2632,7.1,27.279999999999998,0.0,APPROVE - Not a statistical outlier,
influencer_3449,1396796,67848,4477,0.52,4.86,2964,11.5,53.73,0.6,APPROVE - Not a statistical outlier,
influencer_3450,4810045,52962,3616,3.63,1.1,52,47.5,98.98,9.2,MANUAL REVIEW - Top 5% anomaly,Unsupervised flags anomaly; transfer model does not recognize pattern - review
influencer_3451,3562262,155093,11624,0.38,4.35,2232,8.5,36.75,0.6,APPROVE - Not a statistical outlier,
influencer_3452,209859,7022,361,2.13,3.35,1239,7.3,28.63,0.0,APPROVE - Not a statistical outlier,
influencer_3453,4028902,110142,9021,-0.34,2.73,2326,8.9,39.31,0.6,APPROVE - Not a statistical outlier,
influencer_3454,46475,2468,241,1.32,5.31,778,24.7,85.1,23.5,"CAUTION - Top 15% anomaly, monitor 2-4 weeks",
influencer_3455,3304364,586835,24463,31.7,17.76,834,33.9,92.95,39.6,"CAUTION - Top 15% anomaly, monitor 2-4 weeks",
influencer_3456,3240254,36015,2745,0.7,1.11,163,15.8,69.04,1.2,APPROVE - Not a statistical outlier,
influencer_3457,1100577,44546,4199,2.99,4.05,350,8.1,34.22,0.9,APPROVE - Not a statistical outlier,
influencer_3458,845081,23993,1797,4.95,2.84,2467,6.0,19.939999999999998,0.0,APPROVE - Not a statistical outlier,
influencer_3459,4624037,142341,10602,0.53,3.08,463,14.6,65.66,0.2,APPROVE - Not a statistical outlier,
influencer_3460,3696727,190758,7230,1.84,5.16,1075,7.0,26.58,0.2,APPROVE - Not a statistical outlier,
influencer_3461,1603970,40888,2568,1.69,2.55,902,1.9,0.84,0.4,APPROVE - Not a statistical outlier,
influencer_3462,1532064,87561,5691,0.1,5.72,2935,26.0,86.52,0.6,"CAUTION - Top 15% anomaly, monitor 2-4 weeks",
influencer_3463,4412887,83764,6366,2.66,1.9,2128,6.7,24.240000000000002,0.7,APPROVE - Not a statistical outlier,
influencer_3464,228189,9843,981,3.35,4.31,2253,17.5,73.49,8.7,APPROVE - Not a statistical outlier,
influencer_3465,2077198,90576,2055,-0.12,4.36,2947,22.7,82.26,0.0,APPROVE - Not a statistical outlier,
influencer_3466,1469919,33234,838,3.54,2.26,282,10.3,47.46,1.7,APPROVE - Not a statistical outlier,
influencer_3467,3282941,86136,2259,3.2,2.62,995,5.1,13.919999999999998,0.2,APPROVE - Not a statistical outlier,
influencer_3468,2651324,137179,10897,0.18,5.17,768,15.4,67.97,7.9,APPROVE - Not a statistical outlier,
influencer_3469,3411580,266949,8250,15.82,7.82,1159,23.8,83.78999999999999,5.0,APPROVE - Not a statistical outlier,
influencer_3470,3686104,97515,6806,1.36,2.65,1369,2.6,2.31,0.6,APPROVE - Not a statistical outlier,
influencer_3471,1421858,52179,2398,3.09,3.67,331,3.4,5.24,0.6,APPROVE - Not a statistical outlier,
influencer_3472,1749982,22896,1295,1.98,1.31,2625,7.7,31.240000000000002,0.0,APPROVE - Not a statistical outlier,
influencer_3473,1446065,29553,1100,-0.71,2.04,2007,7.9,32.82,0.0,APPROVE - Not a statistical outlier,
influencer_3474,4897799,167950,14996,3.72,3.43,2793,16.3,70.39,1.6,APPROVE - Not a statistical outlier,
influencer_3475,79077,10301,689,10.17,13.03,2856,35.5,94.06,27.7,"CAUTION - Top 15% anomaly, monitor 2-4 weeks",
influencer_3476,4510322,49713,4750,26.93,1.1,2345,25.0,85.50999999999999,22.7,"CAUTION - Top 15% anomaly, monitor 2-4 weeks",
influencer_3477,1642232,215156,14193,37.49,13.1,580,26.2,86.83,40.2,"CAUTION - Top 15% anomaly, monitor 2-4 weeks",
influencer_3478,4446818,254276,7606,3.33,5.72,1508,12.0,56.11000000000001,0.2,APPROVE - Not a statistical outlier,
influencer_3479,4096077,182985,6161,1.48,4.47,1345,7.2,27.93,0.2,APPROVE - Not a statistical outlier,
influencer_3480,785192,44771,4437,3.8,5.7,1617,17.6,73.71,30.2,APPROVE - Not a statistical outlier,
influencer_3481,4631232,174716,13635,2.59,3.77,1852,6.9,25.8,0.9,APPROVE - Not a statistical outlier,
influencer_3482,921114,36854,882,1.13,4.0,1854,9.5,43.15,0.0,APPROVE - Not a statistical outlier,
influencer_3483,602891,35479,2707,0.21,5.88,1194,22.8,82.39999999999999,12.9,APPROVE - Not a statistical outlier,
influencer_3484,3530921,399699,21173,16.51,11.32,343,29.2,89.62,37.6,"CAUTION - Top 15% anomaly, monitor 2-4 weeks",
influencer_3485,2183926,25201,1123,2.36,1.15,213,14.5,65.25999999999999,0.0,APPROVE - Not a statistical outlier,
influencer_3486,2486670,114859,3712,4.92,4.62,1717,4.1,8.7,0.2,APPROVE - Not a statistical outlier,
influencer_3487,3345250,184903,16122,1.24,5.53,742,13.6,62.64999999999999,21.4,APPROVE - Not a statistical outlier,
influencer_3488,3367085,167610,4208,3.11,4.98,2205,8.0,33.550000000000004,0.2,APPROVE - Not a statistical outlier,
influencer_3489,4607976,180594,7799,2.74,3.92,1340,6.4,22.189999999999998,0.2,APPROVE - Not a statistical outlier,
influencer_3490,4024278,175318,7803,2.83,4.36,2777,8.0,33.550000000000004,0.6,APPROVE - Not a statistical outlier,
influencer_3491,538977,32074,1054,3.42,5.95,2463,11.5,53.73,0.0,APPROVE - Not a statistical outlier,
influencer_3492,2000014,29066,1762,-0.17,1.45,300,11.3,52.52,0.5,APPROVE - Not a statistical outlier,
influencer_3493,3704292,674174,14114,13.6,18.2,1824,42.4,97.74000000000001,4.7,MANUAL REVIEW - Top 5% anomaly,Unsupervised flags anomaly; transfer model does not recognize pattern - review
influencer_3494,1559141,209753,9245,24.68,13.45,840,22.8,82.39999999999999,37.8,APPROVE - Not a statistical outlier,
influencer_3495,3669280,154126,14594,1.06,4.2,2492,12.8,59.24,1.2,APPROVE - Not a statistical outlier,
influencer_3496,2724408,110014,4933,1.62,4.04,227,9.8,44.83,0.4,APPROVE - Not a statistical outlier,
influencer_3497,1849058,18693,912,36.51,1.01,1109,19.9,77.86999999999999,31.5,APPROVE - Not a statistical outlier,
influencer_3498,4785808,892326,51623,22.07,18.65,2908,49.3,99.31,31.7,"REJECT - Top 1% anomaly, escalate for manual audit",
influencer_3499,2160173,88743,5762,0.76,4.11,1256,4.0,8.24,0.6,APPROVE - Not a statistical outlier,
influencer_3500,4655419,76402,6470,3.43,1.64,1674,10.8,50.519999999999996,0.7,APPROVE - Not a statistical outlier,
influencer_3501,43291,1006,35,-0.6,2.33,657,15.2,67.4,0.0,APPROVE - Not a statistical outlier,
influencer_3502,4623580,657991,59047,20.81,14.23,633,42.4,97.74000000000001,39.6,MANUAL REVIEW - Top 5% anomaly,
influencer_3503,4590058,55933,4508,18.62,1.22,1191,29.9,90.25,22.5,"CAUTION - Top 15% anomaly, monitor 2-4 weeks",
influencer_3504,4498968,154778,12043,0.25,3.44,1475,10.3,47.46,1.2,APPROVE - Not a statistical outlier,
influencer_3505,2123827,325296,8764,35.58,15.32,1110,28.9,89.31,17.6,"CAUTION - Top 15% anomaly, monitor 2-4 weeks",
influencer_3506,4868951,103988,2259,0.81,2.14,1615,15.1,67.17,0.2,APPROVE - Not a statistical outlier,
influencer_3507,2069671,319251,21556,38.15,15.43,2148,31.2,91.22,31.0,"CAUTION - Top 15% anomaly, monitor 2-4 weeks",
influencer_3508,709672,28616,2548,1.1,4.03,940,7.4,29.270000000000003,3.6,APPROVE - Not a statistical outlier,
influencer_3509,338369,66017,4406,22.24,19.51,623,39.0,96.34,40.3,MANUAL REVIEW - Top 5% anomaly,
influencer_3510,3977974,219117,8120,2.18,5.51,1425,8.7,38.05,0.2,APPROVE - Not a statistical outlier,
influencer_3511,3493963,194871,5308,-0.19,5.58,629,24.0,84.06,0.2,APPROVE - Not a statistical outlier,
influencer_3512,4508167,220142,16723,3.78,4.88,543,13.2,61.160000000000004,1.0,APPROVE - Not a statistical outlier,
influencer_3513,2228039,130563,10150,37.6,5.86,1925,15.1,67.17,30.0,APPROVE - Not a statistical outlier,
influencer_3514,297063,41044,1387,47.57,13.82,2161,34.0,93.04,24.7,"CAUTION - Top 15% anomaly, monitor 2-4 weeks",
influencer_3515,1384875,94564,2104,42.37,6.83,1096,22.0,81.22,20.3,APPROVE - Not a statistical outlier,
influencer_3516,1877336,363420,19138,20.66,19.36,2916,39.8,96.67,31.7,MANUAL REVIEW - Top 5% anomaly,
influencer_3517,3957778,180155,12001,1.96,4.55,1987,4.8,12.17,0.6,APPROVE - Not a statistical outlier,
influencer_3518,4754267,204702,15655,-0.43,4.31,2683,15.2,67.4,0.6,APPROVE - Not a statistical outlier,
influencer_3519,2888757,35238,2988,0.34,1.22,839,7.4,29.270000000000003,1.2,APPROVE - Not a statistical outlier,
influencer_3520,2469665,128001,8811,3.27,5.18,2210,4.4,10.09,0.6,APPROVE - Not a statistical outlier,
influencer_3521,2910984,65314,1885,4.38,2.24,1118,5.5,16.68,0.1,APPROVE - Not a statistical outlier,
influencer_3522,693924,21935,1636,-0.43,3.16,319,9.9,45.440000000000005,0.2,APPROVE - Not a statistical outlier,
influencer_3523,2571115,111577,11016,4.19,4.34,2453,10.9,50.92,8.6,APPROVE - Not a statistical outlier,
influencer_3524,1662655,52325,4837,3.79,3.15,798,4.5,10.66,0.9,APPROVE - Not a statistical outlier,
influencer_3525,4673412,149850,13446,1.14,3.21,2544,13.1,60.69,1.2,APPROVE - Not a statistical outlier,
influencer_3526,3101498,41192,1819,3.14,1.33,500,10.4,48.0,0.8,APPROVE - Not a statistical outlier,
influencer_3527,4790125,347608,27830,48.0,7.26,2226,34.8,93.66,34.7,"CAUTION - Top 15% anomaly, monitor 2-4 weeks",
influencer_3528,4671432,225361,19851,3.88,4.82,117,34.0,93.04,13.0,"CAUTION - Top 15% anomaly, monitor 2-4 weeks",
influencer_3529,1024920,106481,7907,48.75,10.39,2473,29.9,90.25,34.3,"CAUTION - Top 15% anomaly, monitor 2-4 weeks",
influencer_3530,3812666,116952,4683,1.63,3.07,819,3.5,5.62,0.4,APPROVE - Not a statistical outlier,
influencer_3531,3820712,119127,11472,4.19,3.12,1694,7.8,32.06,0.7,APPROVE - Not a statistical outlier,
influencer_3532,1034668,46695,2617,-0.16,4.51,1339,9.5,43.15,0.2,APPROVE - Not a statistical outlier,
influencer_3533,2474199,141372,4295,4.07,5.71,894,7.6,30.54,0.8,APPROVE - Not a statistical outlier,
influencer_3534,298675,6974,200,-0.86,2.34,1323,11.6,54.290000000000006,0.0,APPROVE - Not a statistical outlier,
influencer_3535,709175,22698,1629,3.52,3.2,53,17.0,72.11,6.6,APPROVE - Not a statistical outlier,
influencer_3536,3676002,183059,10071,2.44,4.98,1916,4.2,9.19,0.2,APPROVE - Not a statistical outlier,
influencer_3537,1868306,75637,2084,3.18,4.05,340,7.7,31.240000000000002,0.2,APPROVE - Not a statistical outlier,
influencer_3538,264625,4109,325,1.47,1.55,1514,9.7,44.29,0.0,APPROVE - Not a statistical outlier,
influencer_3539,843840,34923,2931,4.19,4.14,1261,5.1,13.919999999999998,1.9,APPROVE - Not a statistical outlier,
influencer_3540,4395643,84999,6632,0.88,1.93,2741,10.5,48.67,1.2,APPROVE - Not a statistical outlier,
influencer_3541,126355,4486,162,0.65,3.55,2515,14.5,65.25999999999999,0.0,APPROVE - Not a statistical outlier,
influencer_3542,4223102,95664,7192,23.42,2.27,735,19.4,77.02,35.8,APPROVE - Not a statistical outlier,
influencer_3543,616937,33197,692,3.65,5.38,1389,11.1,51.6,0.0,APPROVE - Not a statistical outlier,
influencer_3544,1376607,45599,2025,1.97,3.31,451,3.7,6.710000000000001,0.5,APPROVE - Not a statistical outlier,
influencer_3545,20477,3013,156,36.14,14.72,1803,32.4,91.75,31.3,"CAUTION - Top 15% anomaly, monitor 2-4 weeks",
influencer_3546,3557210,76651,6654,3.99,2.15,2398,6.3,21.55,1.0,APPROVE - Not a statistical outlier,
influencer_3547,2488111,133642,6846,4.0,5.37,2664,6.5,22.900000000000002,0.9,APPROVE - Not a statistical outlier,
influencer_3548,2010606,37297,779,-0.03,1.86,976,15.0,66.92,0.0,APPROVE - Not a statistical outlier,
influencer_3549,1560757,48841,2353,2.3,3.13,1216,0.6,0.02,0.2,APPROVE - Not a statistical outlier,
influencer_3550,4600409,89057,5335,-0.24,1.94,1864,11.9,55.67999999999999,0.9,APPROVE - Not a statistical outlier,
influencer_3551,3433207,304194,29178,13.46,8.86,1594,29.7,90.05,28.7,"CAUTION - Top 15% anomaly, monitor 2-4 weeks",
influencer_3552,4468890,150684,14357,4.02,3.37,878,12.7,58.809999999999995,1.2,APPROVE - Not a statistical outlier,
influencer_3553,1882297,51870,1787,4.1,2.76,1619,2.7,2.62,0.1,APPROVE - Not a statistical outlier,
influencer_3554,824759,23138,805,3.23,2.81,1348,4.0,8.24,0.0,APPROVE - Not a statistical outlier,
influencer_3555,3031855,159508,5275,1.8,5.26,2119,7.0,26.58,0.2,APPROVE - Not a statistical outlier,
influencer_3556,4530275,170740,14190,1.43,3.77,1977,8.4,36.04,0.9,APPROVE - Not a statistical outlier,
influencer_3557,132184,6066,124,1.37,4.59,1338,19.0,76.35,0.0,APPROVE - Not a statistical outlier,
influencer_3558,1136627,62346,1881,-0.6,5.49,416,14.6,65.66,0.4,APPROVE - Not a statistical outlier,
influencer_3559,2248805,123880,7808,4.69,5.51,2065,5.7,18.01,0.9,APPROVE - Not a statistical outlier,
influencer_3560,246300,6508,259,1.7,2.64,1191,7.5,29.880000000000003,0.0,APPROVE - Not a statistical outlier,
influencer_3561,585010,33709,923,4.58,5.76,2055,10.5,48.67,0.0,APPROVE - Not a statistical outlier,
influencer_3562,93036,13729,669,37.74,14.76,2987,36.1,94.54,31.3,"CAUTION - Top 15% anomaly, monitor 2-4 weeks",
influencer_3563,854392,24642,1033,3.97,2.88,745,4.3,9.62,0.1,APPROVE - Not a statistical outlier,
influencer_3564,282696,15488,943,2.53,5.48,2508,10.5,48.67,0.3,APPROVE - Not a statistical outlier,
influencer_3565,3663340,86937,8549,-0.39,2.37,2631,14.6,65.66,0.9,APPROVE - Not a statistical outlier,
influencer_3566,1191456,28182,843,0.94,2.37,2877,11.3,52.52,0.0,APPROVE - Not a statistical outlier,
influencer_3567,4430723,111349,5547,2.62,2.51,455,8.3,35.29,0.5,APPROVE - Not a statistical outlier,
influencer_3568,991029,40251,3806,-0.92,4.06,1469,9.4,42.6,0.9,APPROVE - Not a statistical outlier,
influencer_3569,155692,4969,447,-0.74,3.19,2103,16.0,69.55,0.3,APPROVE - Not a statistical outlier,
influencer_3570,4458335,170462,8785,30.1,3.82,414,22.4,81.78999999999999,32.6,APPROVE - Not a statistical outlier,
influencer_3571,2392098,130956,9941,4.33,5.47,85,20.6,79.03999999999999,11.6,APPROVE - Not a statistical outlier,
influencer_3572,1658888,72509,1959,4.13,4.37,2711,7.6,30.54,0.4,APPROVE - Not a statistical outlier,
influencer_3573,2586917,301287,23200,20.7,11.65,135,36.3,94.72,41.0,"CAUTION - Top 15% anomaly, monitor 2-4 weeks",
influencer_3574,4838231,661470,64710,14.85,13.67,2926,47.9,99.03999999999999,29.0,"REJECT - Top 1% anomaly, escalate for manual audit",Unsupervised flags anomaly; transfer model does not recognize pattern - review
influencer_3575,1825964,124453,7840,26.1,6.82,699,15.2,67.4,27.5,APPROVE - Not a statistical outlier,
influencer_3576,1389509,24309,1455,3.3,1.75,405,6.7,24.240000000000002,0.0,APPROVE - Not a statistical outlier,
influencer_3577,3755542,54449,1904,0.82,1.45,772,9.2,41.25,0.2,APPROVE - Not a statistical outlier,
influencer_3578,2499214,95392,6744,3.3,3.82,996,1.7,0.49,1.2,APPROVE - Not a statistical outlier,
influencer_3579,4679083,73406,4935,3.26,1.57,337,14.9,66.64999999999999,0.3,APPROVE - Not a statistical outlier,
influencer_3580,4765812,80727,5824,2.57,1.69,2168,9.5,43.15,0.7,APPROVE - Not a statistical outlier,
influencer_3581,4574574,114371,2526,1.14,2.5,831,13.4,61.89,0.2,APPROVE - Not a statistical outlier,
influencer_3582,4109502,177447,11338,44.57,4.32,139,43.0,97.88,40.5,MANUAL REVIEW - Top 5% anomaly,
influencer_3583,1569146,63098,4265,4.63,4.02,1694,2.3,1.59,0.2,APPROVE - Not a statistical outlier,
influencer_3584,484455,17505,640,26.86,3.61,2662,19.5,77.2,18.6,APPROVE - Not a statistical outlier,
influencer_3585,4037405,194067,7115,0.46,4.81,369,18.4,75.07000000000001,0.2,APPROVE - Not a statistical outlier,
influencer_3586,548219,12677,533,1.67,2.31,1618,4.8,12.17,0.0,APPROVE - Not a statistical outlier,
influencer_3587,2187268,48700,3746,1.05,2.23,1008,2.4,1.76,1.6,APPROVE - Not a statistical outlier,
influencer_3588,4446975,259212,17756,3.24,5.83,2433,13.5,62.239999999999995,1.2,APPROVE - Not a statistical outlier,
influencer_3589,3988793,41530,3640,3.99,1.04,1945,11.3,52.52,0.3,APPROVE - Not a statistical outlier,
influencer_3590,1625777,87769,3831,0.29,5.4,197,19.7,77.55,0.4,APPROVE - Not a statistical outlier,
influencer_3591,2872656,372607,34639,48.18,12.97,586,40.9,97.08,43.5,MANUAL REVIEW - Top 5% anomaly,
influencer_3592,4709569,270160,21476,3.06,5.74,934,20.4,78.75,21.9,APPROVE - Not a statistical outlier,
influencer_3593,3856933,104582,5396,0.31,2.71,134,20.7,79.17,0.2,APPROVE - Not a statistical outlier,
influencer_3594,4823684,154442,4265,1.23,3.2,2077,11.3,52.52,0.2,APPROVE - Not a statistical outlier,
influencer_3595,2327729,105576,4282,-0.37,4.54,2227,8.9,39.31,0.2,APPROVE - Not a statistical outlier,
influencer_3596,3908129,153915,14859,2.58,3.94,175,22.2,81.51,2.3,APPROVE - Not a statistical outlier,
influencer_3597,96556,2500,112,0.02,2.59,2793,18.9,76.14999999999999,0.0,APPROVE - Not a statistical outlier,
influencer_3598,1898883,71571,3320,3.16,3.77,903,1.6,0.3,0.8,APPROVE - Not a statistical outlier,
influencer_3599,3470992,161523,5680,3.42,4.65,328,10.4,48.0,0.6,APPROVE - Not a statistical outlier,
influencer_3600,1556537,18860,1594,1.88,1.21,1766,7.5,29.880000000000003,0.0,APPROVE - Not a statistical outlier,
influencer_3601,653755,6903,290,-0.44,1.06,675,11.8,55.21,0.0,APPROVE - Not a statistical outlier,
influencer_3602,3667344,120667,5601,2.67,3.29,2800,5.9,19.36,0.9,APPROVE - Not a statistical outlier,
influencer_3603,3527362,58525,3110,1.23,1.66,667,6.5,22.900000000000002,0.9,APPROVE - Not a statistical outlier,
influencer_3604,744088,32157,1758,4.7,4.32,2316,5.4,16.0,0.0,APPROVE - Not a statistical outlier,
influencer_3605,4845747,100319,5307,2.08,2.07,2541,9.8,44.83,0.6,APPROVE - Not a statistical outlier,
influencer_3606,2596834,82170,4954,-0.57,3.16,2530,5.9,19.36,0.6,APPROVE - Not a statistical outlier,
influencer_3607,60778,7692,655,41.64,12.66,813,35.8,94.27,40.0,"CAUTION - Top 15% anomaly, monitor 2-4 weeks",
influencer_3608,1095409,40994,3506,3.68,3.74,926,3.9,7.84,1.2,APPROVE - Not a statistical outlier,
influencer_3609,2654528,182090,15270,42.59,6.86,400,27.5,88.11,50.1,"CAUTION - Top 15% anomaly, monitor 2-4 weeks",
influencer_3610,4105399,522459,14675,32.72,12.73,516,32.7,91.99000000000001,9.0,"CAUTION - Top 15% anomaly, monitor 2-4 weeks",
influencer_3611,1514083,19011,1596,3.46,1.26,2067,7.3,28.63,0.7,APPROVE - Not a statistical outlier,
influencer_3612,3343103,192940,5714,-0.88,5.77,2242,13.8,63.29,0.2,APPROVE - Not a statistical outlier,
influencer_3613,2174513,37215,1115,-0.83,1.71,1390,8.0,33.550000000000004,0.0,APPROVE - Not a statistical outlier,
influencer_3614,1399949,63591,6093,3.06,4.54,221,13.0,60.160000000000004,13.9,APPROVE - Not a statistical outlier,
influencer_3615,523154,7008,599,3.35,1.34,759,11.1,51.6,0.0,APPROVE - Not a statistical outlier,
influencer_3616,3469582,53459,3431,4.08,1.54,2291,6.2,20.919999999999998,0.0,APPROVE - Not a statistical outlier,
influencer_3617,1012930,35902,3231,1.4,3.54,2651,8.7,38.05,1.9,APPROVE - Not a statistical outlier,
influencer_3618,1080525,8861,878,32.87,0.82,986,26.2,86.83,36.5,"CAUTION - Top 15% anomaly, monitor 2-4 weeks",
influencer_3619,1786818,102883,7083,2.31,5.76,410,10.6,49.38,1.7,APPROVE - Not a statistical outlier,
influencer_3620,2952720,169018,11667,3.54,5.72,2750,10.1,46.379999999999995,1.6,APPROVE - Not a statistical outlier,
influencer_3621,1161117,56872,4569,2.85,4.9,827,5.5,16.68,1.5,APPROVE - Not a statistical outlier,
influencer_3622,2083963,83577,3223,0.96,4.01,268,9.0,39.94,0.2,APPROVE - Not a statistical outlier,
influencer_3623,4257146,139413,4652,1.08,3.27,2777,10.4,48.0,0.2,APPROVE - Not a statistical outlier,
influencer_3624,2586171,127345,10285,37.12,4.92,1135,15.1,67.17,29.6,APPROVE - Not a statistical outlier,
influencer_3625,1282506,73557,3500,2.21,5.74,1416,5.7,18.01,0.2,APPROVE - Not a statistical outlier,
influencer_3626,290134,11647,358,-0.41,4.01,2582,16.5,70.91,0.0,APPROVE - Not a statistical outlier,
influencer_3627,2769705,107890,4875,-0.08,3.9,2279,9.8,44.83,0.2,APPROVE - Not a statistical outlier,
influencer_3628,4325660,829653,40396,24.13,19.18,2997,47.7,99.00999999999999,31.7,"REJECT - Top 1% anomaly, escalate for manual audit",
influencer_3629,2867069,35364,3438,4.99,1.23,1557,11.5,53.73,1.0,APPROVE - Not a statistical outlier,
influencer_3630,738090,42262,3205,1.01,5.73,1697,11.5,53.73,5.2,APPROVE - Not a statistical outlier,
influencer_3631,915565,23517,1469,1.32,2.57,66,16.1,69.86,0.0,APPROVE - Not a statistical outlier,
influencer_3632,3836598,123267,12019,-0.07,3.21,2721,19.6,77.4,1.2,APPROVE - Not a statistical outlier,
influencer_3633,4983042,78393,7231,0.41,1.57,2026,16.0,69.55,0.9,APPROVE - Not a statistical outlier,
influencer_3634,1053425,54616,3329,1.55,5.18,1455,4.9,12.86,0.2,APPROVE - Not a statistical outlier,
influencer_3635,778567,8861,819,0.71,1.14,2842,15.5,68.24,0.0,APPROVE - Not a statistical outlier,
influencer_3636,2717207,140478,7353,3.21,5.17,2783,6.9,25.8,0.6,APPROVE - Not a statistical outlier,
influencer_3637,1750736,223659,8596,31.91,12.78,2622,24.0,84.06,20.0,APPROVE - Not a statistical outlier,
influencer_3638,1571234,85362,3296,3.93,5.43,1520,3.3,4.8500000000000005,0.6,APPROVE - Not a statistical outlier,
influencer_3639,52707,2450,178,3.35,4.65,1254,10.3,47.46,0.3,APPROVE - Not a statistical outlier,
influencer_3640,281833,5138,308,-0.23,1.82,2617,15.3,67.67,0.0,APPROVE - Not a statistical outlier,
influencer_3641,3700100,141680,10302,-0.26,3.83,2052,8.1,34.22,0.6,APPROVE - Not a statistical outlier,
influencer_3642,1089963,75850,5680,44.12,6.96,2471,21.4,80.36,34.7,APPROVE - Not a statistical outlier,
influencer_3643,1878145,35518,773,3.92,1.89,862,8.9,39.31,0.0,APPROVE - Not a statistical outlier,
influencer_3644,2284785,121000,2943,1.81,5.3,626,10.1,46.379999999999995,0.4,APPROVE - Not a statistical outlier,
influencer_3645,3995420,120566,7549,-0.22,3.02,2470,9.1,40.52,0.6,APPROVE - Not a statistical outlier,
influencer_3646,835874,25015,882,4.39,2.99,729,5.1,13.919999999999998,0.1,APPROVE - Not a statistical outlier,
influencer_3647,890493,16469,1162,0.38,1.85,1676,7.9,32.82,0.0,APPROVE - Not a statistical outlier,
influencer_3648,779799,22733,1458,-0.79,2.92,2048,7.2,27.93,0.0,APPROVE - Not a statistical outlier,
influencer_3649,3534716,189393,12662,4.55,5.36,470,9.8,44.83,1.3,APPROVE - Not a statistical outlier,
influencer_3650,3508447,244395,10801,20.31,6.97,1890,14.7,66.07,6.0,APPROVE - Not a statistical outlier,
influencer_3651,880459,50696,3608,3.16,5.76,1670,7.1,27.279999999999998,2.6,APPROVE - Not a statistical outlier,
influencer_3652,2182533,125092,10802,-0.8,5.73,1559,12.6,58.4,16.2,APPROVE - Not a statistical outlier,
influencer_3653,1823744,7643,763,48.17,0.42,2995,39.4,96.49,33.6,MANUAL REVIEW - Top 5% anomaly,
influencer_3654,2292136,43242,3765,2.92,1.89,2397,5.6,17.31,0.4,APPROVE - Not a statistical outlier,
influencer_3655,3642644,193547,12503,3.56,5.31,2630,8.3,35.29,0.9,APPROVE - Not a statistical outlier,
influencer_3656,3844139,113932,4041,1.83,2.96,1124,3.8,7.33,0.2,APPROVE - Not a statistical outlier,
influencer_3657,3094510,31621,2356,4.72,1.02,597,10.6,49.38,3.8,APPROVE - Not a statistical outlier,
influencer_3658,4933400,116889,11105,0.47,2.37,2996,22.0,81.22,0.6,APPROVE - Not a statistical outlier,
influencer_3659,4186224,166952,6168,-0.58,3.99,265,18.8,75.96000000000001,0.2,APPROVE - Not a statistical outlier,
influencer_3660,4448395,460568,18643,32.47,10.35,1334,26.0,86.52,18.3,"CAUTION - Top 15% anomaly, monitor 2-4 weeks",
influencer_3661,853050,14219,453,2.97,1.67,1215,7.7,31.240000000000002,0.0,APPROVE - Not a statistical outlier,
influencer_3662,2362216,36678,2895,3.42,1.55,1062,5.0,13.41,1.0,APPROVE - Not a statistical outlier,
influencer_3663,2568587,144109,7569,3.43,5.61,2137,5.6,17.31,0.6,APPROVE - Not a statistical outlier,
influencer_3664,4796464,228107,5706,-0.34,4.76,2970,26.5,87.2,0.2,"CAUTION - Top 15% anomaly, monitor 2-4 weeks",
influencer_3665,265237,10473,942,4.31,3.95,1870,10.6,49.38,0.3,APPROVE - Not a statistical outlier,
influencer_3666,4470353,216630,13997,0.69,4.85,254,22.0,81.22,0.9,APPROVE - Not a statistical outlier,
influencer_3667,4841351,255802,11891,32.41,5.28,1872,19.0,76.35,16.3,APPROVE - Not a statistical outlier,
influencer_3668,2515719,120560,5728,2.69,4.79,2777,5.6,17.31,0.2,APPROVE - Not a statistical outlier,
influencer_3669,1909911,54604,2359,0.27,2.86,611,6.0,19.939999999999998,0.2,APPROVE - Not a statistical outlier,
influencer_3670,4003981,88907,5017,2.05,2.22,198,11.3,52.52,0.9,APPROVE - Not a statistical outlier,
influencer_3671,1420920,66002,3099,1.44,4.65,1495,3.0,3.74,0.6,APPROVE - Not a statistical outlier,
influencer_3672,2180441,67557,4312,0.39,3.1,43,21.0,79.64,6.6,APPROVE - Not a statistical outlier,
influencer_3673,2738946,161786,13247,0.75,5.91,2241,13.5,62.239999999999995,15.9,APPROVE - Not a statistical outlier,
influencer_3674,3749529,103015,7618,1.56,2.75,1473,2.7,2.62,0.6,APPROVE - Not a statistical outlier,
influencer_3675,3559818,199657,8696,1.08,5.61,2834,12.4,57.63,0.2,APPROVE - Not a statistical outlier,
influencer_3676,1450466,82166,5118,1.29,5.66,1900,7.8,32.06,0.6,APPROVE - Not a statistical outlier,
influencer_3677,1362236,30095,2624,3.41,2.21,1573,3.7,6.710000000000001,0.7,APPROVE - Not a statistical outlier,
influencer_3678,2089062,104267,2654,0.01,4.99,1719,19.4,77.02,0.2,APPROVE - Not a statistical outlier,
influencer_3679,2357632,199517,5240,14.35,8.46,1601,30.3,90.53,3.0,"CAUTION - Top 15% anomaly, monitor 2-4 weeks",
influencer_3680,1835907,102583,6615,3.07,5.59,1081,4.4,10.09,0.6,APPROVE - Not a statistical outlier,
influencer_3681,3862774,125564,8931,3.81,3.25,1761,3.8,7.33,0.6,APPROVE - Not a statistical outlier,
influencer_3682,3634795,171617,6334,4.08,4.72,475,7.9,32.82,0.6,APPROVE - Not a statistical outlier,
influencer_3683,3478084,115988,9234,-0.05,3.33,745,11.8,55.21,0.6,APPROVE - Not a statistical outlier,
influencer_3684,4328802,92593,6639,-0.17,2.14,848,9.9,45.440000000000005,0.6,APPROVE - Not a statistical outlier,
influencer_3685,3400752,67904,6373,2.69,2.0,2181,7.0,26.58,1.0,APPROVE - Not a statistical outlier,
influencer_3686,3801986,118894,3984,3.54,3.13,2819,7.7,31.240000000000002,0.2,APPROVE - Not a statistical outlier,
influencer_3687,724858,87253,6989,25.08,12.04,455,26.2,86.83,40.8,"CAUTION - Top 15% anomaly, monitor 2-4 weeks",
influencer_3688,2819907,113511,3029,2.16,4.03,1154,4.6,11.16,0.6,APPROVE - Not a statistical outlier,
influencer_3689,45816,2035,132,3.63,4.44,1594,11.7,54.76,0.0,APPROVE - Not a statistical outlier,
influencer_3690,5138,123,7,3.61,2.41,2716,13.6,62.64999999999999,0.3,APPROVE - Not a statistical outlier,
influencer_3691,4164960,174520,8912,21.84,4.19,879,13.2,61.160000000000004,19.8,APPROVE - Not a statistical outlier,
influencer_3692,3237904,39566,3464,-0.53,1.22,1575,9.4,42.6,0.2,APPROVE - Not a statistical outlier,
influencer_3693,4992187,253985,5168,-0.7,5.09,1159,24.7,85.1,0.2,"CAUTION - Top 15% anomaly, monitor 2-4 weeks",
influencer_3694,3865044,229949,14168,1.33,5.95,1732,11.6,54.290000000000006,0.6,APPROVE - Not a statistical outlier,
influencer_3695,222552,6753,252,-0.84,3.03,2031,12.8,59.24,0.0,APPROVE - Not a statistical outlier,
influencer_3696,44764,472,37,4.42,1.05,2846,23.4,83.19,0.3,APPROVE - Not a statistical outlier,
influencer_3697,2221182,138948,3257,23.53,6.26,306,22.7,82.26,11.4,APPROVE - Not a statistical outlier,
influencer_3698,1898951,80945,7003,-0.82,4.26,1836,6.7,24.240000000000002,0.6,APPROVE - Not a statistical outlier,
influencer_3699,317462,11220,976,35.13,3.53,2977,24.9,85.34,27.7,"CAUTION - Top 15% anomaly, monitor 2-4 weeks",
influencer_3700,890855,44002,3811,2.76,4.94,2265,7.3,28.63,8.6,APPROVE - Not a statistical outlier,
influencer_3701,1415718,32128,1034,2.25,2.27,1969,4.3,9.62,0.0,APPROVE - Not a statistical outlier,
influencer_3702,2158280,103989,7324,2.96,4.82,2182,3.7,6.710000000000001,0.2,APPROVE - Not a statistical outlier,
influencer_3703,809301,35932,759,4.36,4.44,575,10.8,50.519999999999996,0.1,APPROVE - Not a statistical outlier,
influencer_3704,4181266,42044,3693,43.49,1.01,2457,26.3,87.01,22.7,"CAUTION - Top 15% anomaly, monitor 2-4 weeks",
influencer_3705,4347657,827109,64380,16.15,19.02,139,63.0,99.92,39.0,"REJECT - Top 1% anomaly, escalate for manual audit",
influencer_3706,113935,13308,831,23.62,11.68,574,27.7,88.3,39.0,"CAUTION - Top 15% anomaly, monitor 2-4 weeks",
influencer_3707,4052889,132238,10373,3.87,3.26,2431,6.7,24.240000000000002,1.2,APPROVE - Not a statistical outlier,
influencer_3708,1339306,72402,1994,-0.7,5.41,772,12.0,56.11000000000001,0.4,APPROVE - Not a statistical outlier,
influencer_3709,2151205,66815,4162,0.46,3.11,2394,4.4,10.09,0.2,APPROVE - Not a statistical outlier,
influencer_3710,4281650,753510,32628,36.13,17.6,1319,38.4,96.03,33.0,MANUAL REVIEW - Top 5% anomaly,
influencer_3711,4524535,178776,17486,1.26,3.95,1905,15.8,69.04,0.9,APPROVE - Not a statistical outlier,
influencer_3712,4601145,90154,7984,1.84,1.96,1118,8.9,39.31,0.6,APPROVE - Not a statistical outlier,
influencer_3713,4753989,185668,14605,3.94,3.91,362,17.1,72.35000000000001,1.3,APPROVE - Not a statistical outlier,
influencer_3714,1370391,48373,4580,-0.43,3.53,1566,8.0,33.550000000000004,0.2,APPROVE - Not a statistical outlier,
influencer_3715,4311518,776742,37087,47.1,18.02,1186,41.0,97.1,36.6,MANUAL REVIEW - Top 5% anomaly,
influencer_3716,2583153,41282,3800,0.29,1.6,621,9.9,45.440000000000005,0.2,APPROVE - Not a statistical outlier,
influencer_3717,854329,26343,1212,-0.62,3.08,812,6.6,23.56,0.0,APPROVE - Not a statistical outlier,
influencer_3718,1731085,23608,1856,2.97,1.36,569,7.0,26.58,0.2,APPROVE - Not a statistical outlier,
influencer_3719,2027110,30281,2389,-0.27,1.49,2812,10.6,49.38,1.6,APPROVE - Not a statistical outlier,
influencer_3720,3085562,95022,2039,3.48,3.08,1588,7.3,28.63,0.0,APPROVE - Not a statistical outlier,
influencer_3721,4596130,116139,5677,0.22,2.53,1549,10.6,49.38,0.6,APPROVE - Not a statistical outlier,
influencer_3722,437542,84636,1824,39.94,19.34,2698,47.1,98.92,15.0,MANUAL REVIEW - Top 5% anomaly,Unsupervised flags anomaly; transfer model does not recognize pattern - review
influencer_3723,4567701,560250,55894,11.19,12.27,648,44.1,98.29,37.6,MANUAL REVIEW - Top 5% anomaly,
influencer_3724,4140394,198295,5904,4.05,4.79,2986,14.3,64.75,0.6,APPROVE - Not a statistical outlier,
influencer_3725,2981672,108867,6904,1.23,3.65,1863,2.5,2.02,0.6,APPROVE - Not a statistical outlier,
influencer_3726,2063087,277113,23068,47.55,13.43,1021,34.0,93.04,42.5,"CAUTION - Top 15% anomaly, monitor 2-4 weeks",
influencer_3727,427674,9838,355,1.95,2.3,2176,6.8,25.019999999999996,0.0,APPROVE - Not a statistical outlier,
influencer_3728,83409,4762,280,2.8,5.71,2394,13.6,62.64999999999999,0.0,APPROVE - Not a statistical outlier,
influencer_3729,3629104,132478,9087,-0.78,3.65,2200,5.7,18.01,0.6,APPROVE - Not a statistical outlier,
influencer_3730,4894180,252374,8282,4.39,5.16,2876,18.2,74.79,0.6,APPROVE - Not a statistical outlier,
influencer_3731,1996141,56395,4640,4.75,2.83,1646,3.8,7.33,0.0,APPROVE - Not a statistical outlier,
influencer_3732,3826258,208983,9184,35.59,5.46,1548,15.6,68.47999999999999,14.7,APPROVE - Not a statistical outlier,
influencer_3733,3500701,152930,5640,1.48,4.37,2534,7.5,29.880000000000003,0.6,APPROVE - Not a statistical outlier,
influencer_3734,1928716,20035,1295,4.27,1.04,551,10.2,46.94,1.2,APPROVE - Not a statistical outlier,
influencer_3735,1922672,64918,3429,1.58,3.38,2597,2.8,2.96,0.2,APPROVE - Not a statistical outlier,
influencer_3736,1193503,23440,2194,4.14,1.96,946,6.3,21.55,1.7,APPROVE - Not a statistical outlier,
influencer_3737,1134754,46943,4243,-0.83,4.14,746,8.7,38.05,0.8,APPROVE - Not a statistical outlier,
influencer_3738,2904609,171287,10049,1.94,5.9,2392,10.5,48.67,0.2,APPROVE - Not a statistical outlier,
influencer_3739,1447250,48077,2343,4.71,3.32,2786,5.0,13.41,0.0,APPROVE - Not a statistical outlier,
influencer_3740,1644707,83674,3852,0.52,5.09,2787,11.6,54.290000000000006,0.2,APPROVE - Not a statistical outlier,
influencer_3741,4894091,648808,26863,39.97,13.26,1966,35.7,94.17,26.7,"CAUTION - Top 15% anomaly, monitor 2-4 weeks",
influencer_3742,3801315,529984,33687,32.58,13.94,589,33.0,92.23,39.3,"CAUTION - Top 15% anomaly, monitor 2-4 weeks",
influencer_3743,3152396,178177,15037,4.56,5.65,998,8.5,36.75,21.9,APPROVE - Not a statistical outlier,
influencer_3744,3369270,183619,8237,0.19,5.45,2433,15.3,67.67,0.2,APPROVE - Not a statistical outlier,
influencer_3745,2253641,111082,3910,4.53,4.93,1107,3.7,6.710000000000001,0.6,APPROVE - Not a statistical outlier,
influencer_3746,345126,8563,496,2.98,2.48,919,6.1,20.380000000000003,0.0,APPROVE - Not a statistical outlier,
influencer_3747,2406514,89643,2287,4.96,3.73,822,5.9,19.36,0.6,APPROVE - Not a statistical outlier,
influencer_3748,1843360,39069,2973,3.42,2.12,2342,2.8,2.96,0.7,APPROVE - Not a statistical outlier,
influencer_3749,1138411,36652,2252,3.01,3.22,1011,2.4,1.76,1.6,APPROVE - Not a statistical outlier,
influencer_3750,1671357,32665,1950,10.84,1.95,831,11.7,54.76,12.5,APPROVE - Not a statistical outlier,
influencer_3751,2913511,546634,24071,45.46,18.76,72,62.0,99.88,40.7,"REJECT - Top 1% anomaly, escalate for manual audit",
influencer_3752,3331922,551468,50941,14.44,16.55,1639,41.3,97.3,28.7,MANUAL REVIEW - Top 5% anomaly,Unsupervised flags anomaly; transfer model does not recognize pattern - review
influencer_3753,3700509,113720,3097,-0.01,3.07,2939,18.5,75.26,0.2,APPROVE - Not a statistical outlier,
influencer_3754,4156479,45244,4053,-0.85,1.09,1807,12.1,56.44,0.0,APPROVE - Not a statistical outlier,
influencer_3755,4489155,238323,11948,3.19,5.31,379,17.3,73.00999999999999,1.3,APPROVE - Not a statistical outlier,
influencer_3756,3303198,61815,5591,0.11,1.87,1597,10.7,49.99,1.2,APPROVE - Not a statistical outlier,
influencer_3757,298986,12286,962,3.55,4.11,1159,7.1,27.279999999999998,0.3,APPROVE - Not a statistical outlier,
influencer_3758,3767001,42373,1200,3.77,1.12,2989,18.0,74.45,0.0,APPROVE - Not a statistical outlier,
influencer_3759,2466912,73946,6398,0.42,3.0,2078,6.3,21.55,1.2,APPROVE - Not a statistical outlier,
influencer_3760,2023784,32146,2397,13.91,1.59,1810,18.8,75.96000000000001,13.7,APPROVE - Not a statistical outlier,
influencer_3761,854605,12848,290,2.0,1.5,613,11.5,53.73,0.0,APPROVE - Not a statistical outlier,
influencer_3762,2373948,74030,2272,4.34,3.12,461,5.5,16.68,0.5,APPROVE - Not a statistical outlier,
influencer_3763,1316823,33391,2365,4.08,2.54,1962,3.0,3.74,0.4,APPROVE - Not a statistical outlier,
influencer_3764,3434372,189764,13854,-0.3,5.53,2130,15.1,67.17,0.9,APPROVE - Not a statistical outlier,
influencer_3765,771692,41260,3289,4.79,5.35,2597,8.6,37.35,8.9,APPROVE - Not a statistical outlier,
influencer_3766,429745,9404,729,0.58,2.19,1378,7.7,31.240000000000002,0.0,APPROVE - Not a statistical outlier,
influencer_3767,4833091,67950,4944,1.1,1.41,2224,11.2,52.04,0.2,APPROVE - Not a statistical outlier,
influencer_3768,674812,27908,2268,-0.11,4.14,2060,12.4,57.63,2.2,APPROVE - Not a statistical outlier,
influencer_3769,2933977,78684,5193,1.27,2.68,1219,2.5,2.02,0.9,APPROVE - Not a statistical outlier,
influencer_3770,3571118,155715,6363,2.81,4.36,1192,3.2,4.42,0.6,APPROVE - Not a statistical outlier,
influencer_3771,1359126,15773,1466,2.04,1.16,2706,12.6,58.4,0.0,APPROVE - Not a statistical outlier,
influencer_3772,3818042,369652,7931,17.67,9.68,328,34.6,93.51,6.7,"CAUTION - Top 15% anomaly, monitor 2-4 weeks",
influencer_3773,4540170,201214,9924,2.85,4.43,1969,6.6,23.56,0.2,APPROVE - Not a statistical outlier,
influencer_3774,4970411,102482,8025,0.58,2.06,818,12.1,56.44,0.2,APPROVE - Not a statistical outlier,
influencer_3775,537644,28430,1540,2.34,5.29,879,6.6,23.56,0.4,APPROVE - Not a statistical outlier,
influencer_3776,653416,45185,993,14.36,6.92,2255,30.3,90.53,2.7,"CAUTION - Top 15% anomaly, monitor 2-4 weeks",
influencer_3777,3148915,358725,9068,33.77,11.39,2919,28.5,88.92,6.3,"CAUTION - Top 15% anomaly, monitor 2-4 weeks",
influencer_3778,2774737,166284,11954,1.34,5.99,1407,10.5,48.67,6.6,APPROVE - Not a statistical outlier,
influencer_3779,1708542,54081,5256,-0.41,3.17,1207,9.2,41.25,1.2,APPROVE - Not a statistical outlier,
influencer_3780,4192896,684736,43925,21.02,16.33,1979,37.0,95.16,31.3,MANUAL REVIEW - Top 5% anomaly,
influencer_3781,1475620,28233,1709,4.39,1.91,907,4.3,9.62,0.2,APPROVE - Not a statistical outlier,
influencer_3782,1175846,47614,2164,2.52,4.05,1168,1.9,0.84,0.0,APPROVE - Not a statistical outlier,
influencer_3783,1993569,92312,3741,4.42,4.63,1607,2.6,2.31,0.2,APPROVE - Not a statistical outlier,
influencer_3784,1850395,158118,3427,40.37,8.55,2836,28.7,89.05,10.0,"CAUTION - Top 15% anomaly, monitor 2-4 weeks",
influencer_3785,990336,107935,4515,11.29,10.9,2522,25.2,85.68,17.7,"CAUTION - Top 15% anomaly, monitor 2-4 weeks",
influencer_3786,4962590,199351,11149,1.16,4.02,2785,13.7,63.0,0.2,APPROVE - Not a statistical outlier,
influencer_3787,3139102,92465,3313,3.54,2.95,2679,6.6,23.56,0.2,APPROVE - Not a statistical outlier,
influencer_3788,2451979,92886,2506,0.83,3.79,1676,7.7,31.240000000000002,0.2,APPROVE - Not a statistical outlier,
influencer_3789,3906513,151721,11745,-0.36,3.88,1933,8.6,37.35,0.6,APPROVE - Not a statistical outlier,
influencer_3790,2033816,156744,14352,23.45,7.71,1412,20.6,79.03999999999999,34.3,APPROVE - Not a statistical outlier,
influencer_3791,62753,1891,179,3.58,3.01,174,16.3,70.39,1.1,APPROVE - Not a statistical outlier,
influencer_3792,1072984,29154,2024,3.92,2.72,2352,4.2,9.19,0.1,APPROVE - Not a statistical outlier,
influencer_3793,4319420,129777,3143,0.8,3.0,2586,11.8,55.21,0.2,APPROVE - Not a statistical outlier,
influencer_3794,656496,31548,2500,3.22,4.81,1232,5.3,15.27,2.9,APPROVE - Not a statistical outlier,
influencer_3795,2736090,93374,2689,0.32,3.41,2830,10.6,49.38,0.2,APPROVE - Not a statistical outlier,
influencer_3796,3206228,182805,13450,-0.93,5.7,1891,11.0,51.22,5.2,APPROVE - Not a statistical outlier,
influencer_3797,2164349,53424,4399,4.2,2.47,1884,3.5,5.62,0.0,APPROVE - Not a statistical outlier,
influencer_3798,494992,15238,1189,2.14,3.08,2554,6.9,25.8,0.0,APPROVE - Not a statistical outlier,
influencer_3799,4981137,245808,23634,4.9,4.93,1896,24.5,84.75,18.9,APPROVE - Not a statistical outlier,
influencer_3800,77240,2881,227,1.31,3.73,1128,10.4,48.0,0.0,APPROVE - Not a statistical outlier,
influencer_3801,4430899,165500,12488,4.74,3.74,1181,6.7,24.240000000000002,0.6,APPROVE - Not a statistical outlier,
influencer_3802,3892151,265775,10880,16.73,6.83,1764,17.2,72.64,5.0,APPROVE - Not a statistical outlier,
influencer_3803,1328042,33733,3170,32.34,2.54,2743,20.7,79.17,24.9,APPROVE - Not a statistical outlier,
influencer_3804,1949061,116801,4013,41.06,5.99,597,18.5,75.26,26.6,APPROVE - Not a statistical outlier,
influencer_3805,4386224,263027,24301,3.95,6.0,1843,23.4,83.19,30.2,APPROVE - Not a statistical outlier,
influencer_3806,899332,54956,2473,21.86,6.11,560,17.6,73.71,15.6,APPROVE - Not a statistical outlier,
influencer_3807,880854,47764,1452,1.5,5.42,2236,10.0,45.910000000000004,0.0,APPROVE - Not a statistical outlier,
influencer_3808,4026942,176427,15196,3.36,4.38,1591,6.5,22.900000000000002,0.9,APPROVE - Not a statistical outlier,
influencer_3809,2535957,68587,1385,1.68,2.7,710,8.9,39.31,0.2,APPROVE - Not a statistical outlier,
influencer_3810,164187,6103,528,3.44,3.72,2100,11.4,53.1,0.0,APPROVE - Not a statistical outlier,
influencer_3811,4650454,241948,9916,4.97,5.2,1100,9.9,45.440000000000005,0.6,APPROVE - Not a statistical outlier,
influencer_3812,4704855,254854,23135,0.57,5.42,2602,26.6,87.28,16.6,"CAUTION - Top 15% anomaly, monitor 2-4 weeks",
influencer_3813,1563518,28174,2122,2.8,1.8,758,3.9,7.84,1.5,APPROVE - Not a statistical outlier,
influencer_3814,1683678,45423,3329,1.28,2.7,1759,4.0,8.24,0.2,APPROVE - Not a statistical outlier,
influencer_3815,168527,4509,221,2.29,2.68,2221,8.2,34.74,0.0,APPROVE - Not a statistical outlier,
influencer_3816,2745804,33230,822,4.24,1.21,697,14.1,64.12,0.5,APPROVE - Not a statistical outlier,
influencer_3817,1588819,63412,5479,1.09,3.99,1642,5.0,13.41,0.9,APPROVE - Not a statistical outlier,
influencer_3818,1521373,190805,6424,21.31,12.54,710,22.9,82.56,17.5,APPROVE - Not a statistical outlier,
influencer_3819,595557,58716,2922,38.0,9.86,1002,22.8,82.39999999999999,37.1,APPROVE - Not a statistical outlier,
influencer_3820,991121,46584,3169,2.33,4.7,2876,7.7,31.240000000000002,0.6,APPROVE - Not a statistical outlier,
influencer_3821,3450330,142791,8364,1.7,4.14,2162,3.9,7.84,0.2,APPROVE - Not a statistical outlier,
influencer_3822,1726049,49679,1783,0.1,2.88,2493,8.2,34.74,0.0,APPROVE - Not a statistical outlier,
influencer_3823,3246705,600626,18769,27.33,18.5,2771,40.0,96.77,30.0,MANUAL REVIEW - Top 5% anomaly,
influencer_3824,484442,22025,657,0.67,4.55,2559,13.5,62.239999999999995,0.0,APPROVE - Not a statistical outlier,
influencer_3825,4110545,216741,19298,3.31,5.27,2533,14.1,64.12,18.6,APPROVE - Not a statistical outlier,
influencer_3826,1421827,62976,1418,1.47,4.43,856,8.0,33.550000000000004,0.5,APPROVE - Not a statistical outlier,
influencer_3827,1957874,21328,2093,2.42,1.09,326,15.0,66.92,2.4,APPROVE - Not a statistical outlier,
influencer_3828,3932814,81848,2936,-0.51,2.08,1283,7.4,29.270000000000003,0.2,APPROVE - Not a statistical outlier,
influencer_3829,4689118,513425,14799,34.61,10.95,2757,33.2,92.38,8.7,"CAUTION - Top 15% anomaly, monitor 2-4 weeks",
influencer_3830,1752797,67516,4466,-0.93,3.85,2455,4.4,10.09,0.6,APPROVE - Not a statistical outlier,
influencer_3831,98406,4706,124,3.04,4.78,2498,15.4,67.97,0.0,APPROVE - Not a statistical outlier,
influencer_3832,3453814,305262,20817,36.44,8.84,2182,25.4,85.85000000000001,31.0,"CAUTION - Top 15% anomaly, monitor 2-4 weeks",
influencer_3833,3773827,514597,45310,48.25,13.64,1758,39.4,96.49,31.7,MANUAL REVIEW - Top 5% anomaly,
influencer_3834,4579887,173007,4123,0.85,3.78,2054,13.5,62.239999999999995,0.2,APPROVE - Not a statistical outlier,
influencer_3835,1022436,45496,3821,1.18,4.45,359,8.9,39.31,1.1,APPROVE - Not a statistical outlier,
influencer_3836,2892912,169438,8735,1.82,5.86,2516,10.2,46.94,0.2,APPROVE - Not a statistical outlier,
influencer_3837,1610184,203855,6678,24.38,12.66,1185,22.1,81.38,17.3,APPROVE - Not a statistical outlier,
influencer_3838,4799793,264282,9008,3.9,5.51,1920,13.4,61.89,0.2,APPROVE - Not a statistical outlier,
influencer_3839,4185238,138239,12925,43.92,3.3,411,29.9,90.25,40.7,"CAUTION - Top 15% anomaly, monitor 2-4 weeks",
influencer_3840,2329476,69064,1992,-0.93,2.96,2215,8.2,34.74,0.0,APPROVE - Not a statistical outlier,
influencer_3841,485273,25511,2279,2.93,5.26,872,10.0,45.910000000000004,28.2,APPROVE - Not a statistical outlier,
influencer_3842,2404233,132984,8449,3.12,5.53,2347,5.9,19.36,0.6,APPROVE - Not a statistical outlier,
influencer_3843,2823236,99712,2305,4.77,3.53,425,9.2,41.25,0.6,APPROVE - Not a statistical outlier,
influencer_3844,689332,27370,1564,1.22,3.97,2990,9.8,44.83,0.0,APPROVE - Not a statistical outlier,
influencer_3845,727448,33031,2820,0.17,4.54,2541,14.5,65.25999999999999,2.2,APPROVE - Not a statistical outlier,
influencer_3846,71463,3690,288,2.12,5.16,479,14.4,64.98,0.8,APPROVE - Not a statistical outlier,
influencer_3847,1134183,102840,6078,43.53,9.07,1384,21.6,80.66,33.0,APPROVE - Not a statistical outlier,
influencer_3848,2867457,144816,12860,3.75,5.05,2016,7.2,27.93,12.2,APPROVE - Not a statistical outlier,
influencer_3849,2431992,82842,2454,4.42,3.41,1338,4.4,10.09,0.2,APPROVE - Not a statistical outlier,
influencer_3850,4315380,140384,13026,-0.48,3.25,1327,10.8,50.519999999999996,0.9,APPROVE - Not a statistical outlier,
influencer_3851,4850433,151309,13272,4.08,3.12,2097,11.6,54.290000000000006,1.2,APPROVE - Not a statistical outlier,
influencer_3852,4912408,174196,13354,4.45,3.55,2316,11.6,54.290000000000006,0.9,APPROVE - Not a statistical outlier,
influencer_3853,4997546,286122,24443,4.54,5.73,1323,25.6,86.11,19.6,"CAUTION - Top 15% anomaly, monitor 2-4 weeks",
influencer_3854,1161294,114640,7280,25.64,9.87,2495,22.1,81.38,29.7,APPROVE - Not a statistical outlier,
influencer_3855,4719784,272137,20141,3.45,5.77,1879,18.0,74.45,7.6,APPROVE - Not a statistical outlier,
influencer_3856,2345688,44602,2892,-0.91,1.9,215,11.0,51.22,0.2,APPROVE - Not a statistical outlier,
influencer_3857,37413,1728,83,4.52,4.62,1263,11.8,55.21,0.0,APPROVE - Not a statistical outlier,
influencer_3858,2949632,149286,9779,1.11,5.06,1467,5.8,18.7,0.2,APPROVE - Not a statistical outlier,
influencer_3859,565430,24854,1009,-0.75,4.4,282,12.0,56.11000000000001,0.0,APPROVE - Not a statistical outlier,
influencer_3860,3669508,695045,38382,22.28,18.94,48,78.6,99.98,45.0,"REJECT - Top 1% anomaly, escalate for manual audit",
influencer_3861,4861319,330014,14013,13.67,6.79,2789,28.4,88.79,4.0,"CAUTION - Top 15% anomaly, monitor 2-4 weeks",
influencer_3862,3025015,160466,4786,1.65,5.3,1189,7.7,31.240000000000002,0.6,APPROVE - Not a statistical outlier,
influencer_3863,916480,46815,2141,3.55,5.11,252,6.5,22.900000000000002,0.5,APPROVE - Not a statistical outlier,
influencer_3864,3642141,58691,5174,2.06,1.61,32,50.8,99.42,7.7,"REJECT - Top 1% anomaly, escalate for manual audit",Unsupervised flags anomaly; transfer model does not recognize pattern - review
influencer_3865,3382915,177364,8954,0.8,5.24,1289,8.0,33.550000000000004,0.2,APPROVE - Not a statistical outlier,
influencer_3866,43056,1321,105,0.22,3.07,883,14.3,64.75,0.0,APPROVE - Not a statistical outlier,
influencer_3867,2149983,48772,1659,1.53,2.27,1518,3.0,3.74,0.0,APPROVE - Not a statistical outlier,
influencer_3868,2943775,157457,8495,-0.79,5.35,257,17.6,73.71,0.2,APPROVE - Not a statistical outlier,
influencer_3869,774952,24489,714,1.54,3.16,2990,13.3,61.56,0.0,APPROVE - Not a statistical outlier,
influencer_3870,909380,45849,1425,-0.59,5.04,1707,11.5,53.73,0.0,APPROVE - Not a statistical outlier,
influencer_3871,4621792,107087,7431,4.26,2.32,528,11.4,53.1,0.3,APPROVE - Not a statistical outlier,
influencer_3872,4827709,49225,3376,2.45,1.02,2598,14.7,66.07,0.0,APPROVE - Not a statistical outlier,
influencer_3873,1338768,46552,1725,2.88,3.48,2779,5.6,17.31,0.0,APPROVE - Not a statistical outlier,
influencer_3874,3091930,616246,35713,33.56,19.93,1915,38.5,96.08,31.7,MANUAL REVIEW - Top 5% anomaly,
influencer_3875,1861971,88851,7913,0.35,4.77,2994,15.9,69.27,5.9,APPROVE - Not a statistical outlier,
influencer_3876,1515101,36065,1223,3.25,2.38,2045,3.9,7.84,0.0,APPROVE - Not a statistical outlier,
influencer_3877,2331344,75027,1615,3.03,3.22,1192,6.0,19.939999999999998,0.0,APPROVE - Not a statistical outlier,
influencer_3878,1407150,252270,18203,33.35,17.93,1329,33.3,92.49000000000001,33.7,"CAUTION - Top 15% anomaly, monitor 2-4 weeks",
influencer_3879,526005,12799,310,0.43,2.43,2368,13.4,61.89,0.0,APPROVE - Not a statistical outlier,
influencer_3880,3420548,167861,16516,4.68,4.91,1106,12.2,56.76,23.6,APPROVE - Not a statistical outlier,
influencer_3881,1230458,21630,1487,0.83,1.76,744,4.9,12.86,0.0,APPROVE - Not a statistical outlier,
influencer_3882,1168272,49485,2851,-0.85,4.24,977,4.8,12.17,0.6,APPROVE - Not a statistical outlier,
influencer_3883,4756997,809897,44057,36.4,17.03,2725,45.2,98.61,31.3,MANUAL REVIEW - Top 5% anomaly,
influencer_3884,3451087,151819,9996,3.65,4.4,2761,7.2,27.93,0.6,APPROVE - Not a statistical outlier,
influencer_3885,1494551,151677,4133,47.19,10.15,899,26.2,86.83,19.3,"CAUTION - Top 15% anomaly, monitor 2-4 weeks",
influencer_3886,3974313,556487,52533,16.27,14.0,1100,39.6,96.58,36.6,MANUAL REVIEW - Top 5% anomaly,
influencer_3887,2437831,265836,18622,14.77,10.9,123,36.1,94.54,38.3,"CAUTION - Top 15% anomaly, monitor 2-4 weeks",
influencer_3888,4166255,228006,7915,1.99,5.47,589,12.8,59.24,0.4,APPROVE - Not a statistical outlier,
influencer_3889,1707517,78127,5078,0.99,4.58,1805,3.7,6.710000000000001,0.6,APPROVE - Not a statistical outlier,
influencer_3890,3198445,134263,4116,1.24,4.2,2290,6.8,25.019999999999996,0.2,APPROVE - Not a statistical outlier,
influencer_3891,3149491,136021,2911,0.57,4.32,465,15.6,68.47999999999999,0.2,APPROVE - Not a statistical outlier,
influencer_3892,356054,10934,770,-0.62,3.07,881,8.9,39.31,0.0,APPROVE - Not a statistical outlier,
influencer_3893,3202208,39156,2814,3.75,1.22,2585,9.4,42.6,0.0,APPROVE - Not a statistical outlier,
influencer_3894,3840847,189054,12609,2.71,4.92,2913,10.2,46.94,0.6,APPROVE - Not a statistical outlier,
influencer_3895,1167670,51302,1779,4.01,4.39,2728,6.3,21.55,0.0,APPROVE - Not a statistical outlier,
influencer_3896,681667,52217,3565,23.47,7.66,234,22.2,81.51,34.5,APPROVE - Not a statistical outlier,
influencer_3897,2849883,156709,3842,4.91,5.5,2458,10.8,50.519999999999996,0.6,APPROVE - Not a statistical outlier,
influencer_3898,2015017,263912,18141,39.55,13.1,1129,26.1,86.63,39.6,"CAUTION - Top 15% anomaly, monitor 2-4 weeks",
influencer_3899,4640276,114689,7376,0.63,2.47,106,22.1,81.38,0.2,APPROVE - Not a statistical outlier,
influencer_3900,4023261,526124,38102,42.5,13.08,845,34.2,93.17999999999999,43.0,"CAUTION - Top 15% anomaly, monitor 2-4 weeks",
influencer_3901,4638203,231211,21187,3.52,4.98,797,18.1,74.66000000000001,23.0,APPROVE - Not a statistical outlier,
influencer_3902,4676519,167180,14716,3.66,3.57,2487,11.3,52.52,0.9,APPROVE - Not a statistical outlier,
influencer_3903,4895940,615726,60619,30.0,12.58,135,63.3,99.94,40.3,"REJECT - Top 1% anomaly, escalate for manual audit",
influencer_3904,2000482,41517,4072,2.92,2.08,2628,8.8,38.690000000000005,0.0,APPROVE - Not a statistical outlier,
influencer_3905,3650244,565980,46289,22.31,15.51,2903,39.9,96.73,31.7,MANUAL REVIEW - Top 5% anomaly,
influencer_3906,4615466,135011,13030,1.27,2.93,2165,11.3,52.52,1.2,APPROVE - Not a statistical outlier,
influencer_3907,3914397,202858,18131,1.52,5.18,1776,13.7,63.0,18.9,APPROVE - Not a statistical outlier,
influencer_3908,3089589,177644,13892,4.1,5.75,2958,14.8,66.38,13.6,APPROVE - Not a statistical outlier,
influencer_3909,4240399,213215,5550,4.88,5.03,1495,10.7,49.99,0.2,APPROVE - Not a statistical outlier,
influencer_3910,1522722,43972,1051,-0.69,2.89,2617,11.0,51.22,0.0,APPROVE - Not a statistical outlier,
influencer_3911,1863205,92106,8013,2.48,4.94,274,11.7,54.76,11.4,APPROVE - Not a statistical outlier,
influencer_3912,1466915,40445,2393,2.12,2.76,2655,3.7,6.710000000000001,0.2,APPROVE - Not a statistical outlier,
influencer_3913,351067,6443,548,1.26,1.84,1435,7.6,30.54,0.0,APPROVE - Not a statistical outlier,
influencer_3914,1707826,70081,3155,15.08,4.1,1011,17.3,73.00999999999999,12.3,APPROVE - Not a statistical outlier,
influencer_3915,2060385,216588,11221,27.28,10.51,2794,22.1,81.38,27.0,APPROVE - Not a statistical outlier,
influencer_3916,1442246,79580,6049,0.88,5.52,1766,9.6,43.75,4.9,APPROVE - Not a statistical outlier,
influencer_3917,2368322,51983,4846,1.66,2.19,171,15.3,67.67,0.5,APPROVE - Not a statistical outlier,
influencer_3918,1376645,27981,756,1.14,2.03,922,6.4,22.189999999999998,0.0,APPROVE - Not a statistical outlier,
influencer_3919,3739858,218748,19450,1.58,5.85,1421,18.2,74.79,21.6,APPROVE - Not a statistical outlier,
influencer_3920,2271463,261083,21785,30.19,11.49,2429,28.9,89.31,30.7,"CAUTION - Top 15% anomaly, monitor 2-4 weeks",
influencer_3921,835440,56672,2564,26.97,6.78,574,17.3,73.00999999999999,16.7,APPROVE - Not a statistical outlier,
influencer_3922,4851334,126466,6123,2.74,2.61,2990,12.7,58.809999999999995,0.9,APPROVE - Not a statistical outlier,
influencer_3923,700895,8322,197,3.1,1.19,2229,14.1,64.12,0.0,APPROVE - Not a statistical outlier,
influencer_3924,246144,13757,292,2.82,5.59,1499,16.3,70.39,0.0,APPROVE - Not a statistical outlier,
influencer_3925,4025227,765348,44513,31.7,19.01,2730,44.6,98.48,31.7,MANUAL REVIEW - Top 5% anomaly,
influencer_3926,3823727,143729,3973,4.66,3.76,792,6.9,25.8,0.7,APPROVE - Not a statistical outlier,
influencer_3927,1245360,29518,1048,4.16,2.37,653,5.0,13.41,0.0,APPROVE - Not a statistical outlier,
influencer_3928,4971809,65924,5784,1.51,1.33,685,14.6,65.66,0.7,APPROVE - Not a statistical outlier,
influencer_3929,3050316,38117,2503,0.31,1.25,2527,8.7,38.05,0.9,APPROVE - Not a statistical outlier,
influencer_3930,2550565,40242,2844,0.87,1.58,2798,8.1,34.22,0.2,APPROVE - Not a statistical outlier,
influencer_3931,1150734,132581,4640,40.78,11.52,1277,24.1,84.19,14.3,APPROVE - Not a statistical outlier,
influencer_3932,1847585,88735,7657,4.14,4.8,72,19.9,77.86999999999999,11.6,APPROVE - Not a statistical outlier,
influencer_3933,2961883,101528,9080,3.21,3.43,2341,5.8,18.7,1.2,APPROVE - Not a statistical outlier,
influencer_3934,4108618,111526,6899,2.26,2.71,1056,3.6,6.12,0.2,APPROVE - Not a statistical outlier,
influencer_3935,907450,28056,2609,2.61,3.09,1690,5.3,15.27,3.2,APPROVE - Not a statistical outlier,
influencer_3936,1483795,83756,7335,2.17,5.64,1321,11.0,51.22,19.2,APPROVE - Not a statistical outlier,
influencer_3937,283140,15724,1234,4.83,5.55,625,13.0,60.160000000000004,13.3,APPROVE - Not a statistical outlier,
influencer_3938,1609795,73702,5802,3.9,4.58,1042,3.4,5.24,1.4,APPROVE - Not a statistical outlier,
influencer_3939,559981,30370,863,3.69,5.42,2254,10.8,50.519999999999996,0.0,APPROVE - Not a statistical outlier,
influencer_3940,2044321,53116,2213,2.1,2.6,2140,1.8,0.67,0.2,APPROVE - Not a statistical outlier,
influencer_3941,109944,3194,80,0.99,2.91,987,14.8,66.38,0.0,APPROVE - Not a statistical outlier,
influencer_3942,1798519,297747,6161,47.61,16.56,590,39.1,96.38,8.6,MANUAL REVIEW - Top 5% anomaly,Unsupervised flags anomaly; transfer model does not recognize pattern - review
influencer_3943,3878590,159725,5217,-0.74,4.12,1360,8.4,36.04,0.2,APPROVE - Not a statistical outlier,
influencer_3944,3716929,126691,11457,-0.82,3.41,1342,7.7,31.240000000000002,0.9,APPROVE - Not a statistical outlier,
influencer_3945,1959691,58855,2306,4.88,3.0,1851,2.9,3.34,0.0,APPROVE - Not a statistical outlier,
influencer_3946,4392401,260508,25428,-0.31,5.93,1580,35.3,93.96,29.2,"CAUTION - Top 15% anomaly, monitor 2-4 weeks",
influencer_3947,2929100,149548,10136,-0.15,5.11,879,14.7,66.07,0.2,APPROVE - Not a statistical outlier,
influencer_3948,2710236,86047,3354,1.9,3.17,1308,2.1,1.2,0.2,APPROVE - Not a statistical outlier,
influencer_3949,1954341,90612,5415,1.89,4.64,2681,5.5,16.68,0.9,APPROVE - Not a statistical outlier,
influencer_3950,974737,22884,858,4.52,2.35,1563,4.7,11.61,0.0,APPROVE - Not a statistical outlier,
influencer_3951,1134387,17025,1680,-0.56,1.5,1844,11.7,54.76,0.0,APPROVE - Not a statistical outlier,
influencer_3952,3903908,739697,64931,43.8,18.95,1771,49.7,99.33999999999999,30.7,"REJECT - Top 1% anomaly, escalate for manual audit",
influencer_3953,4649455,336378,7433,21.5,7.23,635,34.8,93.66,8.0,"CAUTION - Top 15% anomaly, monitor 2-4 weeks",
influencer_3954,2639439,28576,2738,4.82,1.08,2907,19.3,76.89,1.0,APPROVE - Not a statistical outlier,
influencer_3955,696532,35341,2745,2.25,5.07,1516,7.4,29.270000000000003,3.2,APPROVE - Not a statistical outlier,
influencer_3956,296866,2097,55,48.69,0.71,1324,33.9,92.95,41.4,"CAUTION - Top 15% anomaly, monitor 2-4 weeks",
influencer_3957,798057,4096,301,10.25,0.51,775,24.7,85.1,29.3,"CAUTION - Top 15% anomaly, monitor 2-4 weeks",
influencer_3958,4393541,60183,4318,2.67,1.37,587,10.8,50.519999999999996,0.0,APPROVE - Not a statistical outlier,
influencer_3959,1806518,33871,1270,3.26,1.87,2141,4.5,10.66,0.0,APPROVE - Not a statistical outlier,
influencer_3960,3436088,187214,15103,-0.94,5.45,971,13.0,60.160000000000004,10.2,APPROVE - Not a statistical outlier,
influencer_3961,2937537,118777,3202,-0.79,4.04,2326,9.3,42.01,0.2,APPROVE - Not a statistical outlier,
influencer_3962,3624425,208455,12331,4.92,5.75,1299,7.9,32.82,0.6,APPROVE - Not a statistical outlier,
influencer_3963,3600537,215807,4487,1.75,5.99,969,16.8,71.58,0.2,APPROVE - Not a statistical outlier,
influencer_3964,2147674,61408,5987,4.61,2.86,1640,6.7,24.240000000000002,1.7,APPROVE - Not a statistical outlier,
influencer_3965,1983847,49477,3964,3.38,2.49,2234,2.5,2.02,0.0,APPROVE - Not a statistical outlier,
influencer_3966,2210853,116993,3826,1.24,5.29,2812,10.5,48.67,0.2,APPROVE - Not a statistical outlier,
influencer_3967,4092685,245276,11609,-0.09,5.99,1755,23.7,83.63000000000001,0.6,APPROVE - Not a statistical outlier,
influencer_3968,208352,8642,283,4.87,4.15,1014,9.2,41.25,0.0,APPROVE - Not a statistical outlier,
influencer_3969,1676502,83417,6784,2.51,4.98,1617,4.2,9.19,1.6,APPROVE - Not a statistical outlier,
influencer_3970,185514,9106,225,0.15,4.91,1366,22.9,82.56,0.3,APPROVE - Not a statistical outlier,
influencer_3971,799658,25897,2259,34.4,3.24,1904,16.9,71.83,28.3,APPROVE - Not a statistical outlier,
influencer_3972,1858596,71952,6862,-0.45,3.87,691,11.7,54.76,0.9,APPROVE - Not a statistical outlier,
influencer_3973,1259624,65063,4823,4.21,5.17,62,18.1,74.66000000000001,2.2,APPROVE - Not a statistical outlier,
influencer_3974,963452,42782,1584,-0.46,4.44,1846,9.7,44.29,0.0,APPROVE - Not a statistical outlier,
influencer_3975,4784725,52910,2582,0.42,1.11,2635,15.0,66.92,0.2,APPROVE - Not a statistical outlier,
influencer_3976,1771394,208828,12149,26.11,11.79,2150,20.8,79.32000000000001,30.7,APPROVE - Not a statistical outlier,
influencer_3977,4137725,71267,4872,-0.38,1.72,1919,8.0,33.550000000000004,0.2,APPROVE - Not a statistical outlier,
influencer_3978,2751025,59555,4376,2.14,2.16,2902,6.5,22.900000000000002,0.2,APPROVE - Not a statistical outlier,
influencer_3979,2090934,115575,7435,3.12,5.53,1186,3.7,6.710000000000001,0.6,APPROVE - Not a statistical outlier,
influencer_3980,2927979,34680,1668,3.73,1.18,90,21.3,80.19,1.1,APPROVE - Not a statistical outlier,
influencer_3981,2515399,214383,19567,31.1,8.52,1573,24.6,84.93,33.0,APPROVE - Not a statistical outlier,
influencer_3982,4664062,578401,15334,44.41,12.4,301,45.5,98.67,14.2,MANUAL REVIEW - Top 5% anomaly,Unsupervised flags anomaly; transfer model does not recognize pattern - review
influencer_3983,3796830,155078,8886,2.34,4.08,2323,4.5,10.66,0.2,APPROVE - Not a statistical outlier,
influencer_3984,956205,35097,2879,4.57,3.67,1229,3.9,7.84,1.9,APPROVE - Not a statistical outlier,
influencer_3985,2124091,169125,4206,36.68,7.96,2705,24.3,84.43,8.7,APPROVE - Not a statistical outlier,
influencer_3986,967649,180143,13767,18.15,18.62,1836,35.8,94.27,32.0,"CAUTION - Top 15% anomaly, monitor 2-4 weeks",
influencer_3987,4981939,108805,9311,2.12,2.18,2782,14.8,66.38,0.9,APPROVE - Not a statistical outlier,
influencer_3988,935048,32844,2393,0.78,3.51,2739,8.3,35.29,2.6,APPROVE - Not a statistical outlier,
influencer_3989,3031555,71420,1502,0.57,2.36,1184,11.2,52.04,0.0,APPROVE - Not a statistical outlier,
influencer_3990,1865071,101657,3498,29.32,5.45,1155,13.4,61.89,12.6,APPROVE - Not a statistical outlier,
influencer_3991,4723340,156783,7426,4.35,3.32,339,14.1,64.12,0.6,APPROVE - Not a statistical outlier,
influencer_3992,1428989,18490,715,2.01,1.29,1345,6.5,22.900000000000002,0.0,APPROVE - Not a statistical outlier,
influencer_3993,2033709,94492,9166,3.68,4.65,1775,8.5,36.75,14.2,APPROVE - Not a statistical outlier,
influencer_3994,1201532,31771,2291,0.12,2.64,2572,9.2,41.25,1.9,APPROVE - Not a statistical outlier,
influencer_3995,465462,19863,869,2.29,4.27,367,6.3,21.55,0.1,APPROVE - Not a statistical outlier,
influencer_3996,2992620,71762,6772,2.82,2.4,2656,7.9,32.82,1.2,APPROVE - Not a statistical outlier,
influencer_3997,4869923,187673,14872,1.94,3.85,39,60.4,99.78,9.0,"REJECT - Top 1% anomaly, escalate for manual audit",Unsupervised flags anomaly; transfer model does not recognize pattern - review
influencer_3998,3001109,145876,6238,-0.3,4.86,78,32.1,91.58,0.6,"CAUTION - Top 15% anomaly, monitor 2-4 weeks",
influencer_3999,3573401,201541,10139,3.4,5.64,1540,6.2,20.919999999999998,0.2,APPROVE - Not a statistical outlier,
influencer_4000,2445975,56395,2027,4.03,2.31,2700,6.5,22.900000000000002,0.1,APPROVE - Not a statistical outlier,
influencer_4001,3272557,87517,8549,2.81,2.67,1374,6.5,22.900000000000002,1.2,APPROVE - Not a statistical outlier,
influencer_4002,2273759,311410,19115,33.99,13.7,760,26.2,86.83,40.3,"CAUTION - Top 15% anomaly, monitor 2-4 weeks",
influencer_4003,4604623,259510,23793,-0.55,5.64,824,30.6,90.75,24.6,"CAUTION - Top 15% anomaly, monitor 2-4 weeks",
influencer_4004,2450308,134936,6439,0.81,5.51,1678,7.9,32.82,0.2,APPROVE - Not a statistical outlier,
influencer_4005,3749294,54341,4829,-0.78,1.45,162,18.4,75.07000000000001,0.5,APPROVE - Not a statistical outlier,
influencer_4006,275535,4572,111,4.04,1.66,2160,15.0,66.92,0.0,APPROVE - Not a statistical outlier,
influencer_4007,3249204,112992,11137,3.22,3.48,2134,8.2,34.74,0.9,APPROVE - Not a statistical outlier,
influencer_4008,2481017,38036,3535,2.38,1.53,405,9.3,42.01,1.4,APPROVE - Not a statistical outlier,
influencer_4009,4817129,131406,6446,4.34,2.73,2426,9.6,43.75,0.4,APPROVE - Not a statistical outlier,
influencer_4010,4132146,71978,5900,-0.34,1.74,300,14.5,65.25999999999999,0.9,APPROVE - Not a statistical outlier,
influencer_4011,918472,38393,3078,3.29,4.18,1536,3.8,7.33,1.6,APPROVE - Not a statistical outlier,
influencer_4012,2279581,131018,12066,-0.12,5.75,2188,25.4,85.85000000000001,20.6,"CAUTION - Top 15% anomaly, monitor 2-4 weeks",
influencer_4013,3650279,218420,9737,-0.63,5.98,2946,19.1,76.57000000000001,0.2,APPROVE - Not a statistical outlier,
influencer_4014,2005517,57682,3301,-0.2,2.88,2964,10.5,48.67,0.2,APPROVE - Not a statistical outlier,
influencer_4015,2063362,82432,7352,4.71,4.0,105,17.7,73.9,2.6,APPROVE - Not a statistical outlier,
influencer_4016,3633403,191892,15790,1.64,5.28,1986,10.1,46.379999999999995,9.2,APPROVE - Not a statistical outlier,
influencer_4017,3222131,213766,11004,22.91,6.63,1696,13.1,60.69,10.3,APPROVE - Not a statistical outlier,
influencer_4018,2008338,199146,17456,19.12,9.92,358,27.0,87.64999999999999,40.6,"CAUTION - Top 15% anomaly, monitor 2-4 weeks",
influencer_4019,589574,17947,426,0.2,3.04,2199,13.5,62.239999999999995,0.0,APPROVE - Not a statistical outlier,
influencer_4020,2435138,49451,4082,-0.96,2.03,70,19.0,76.35,0.2,APPROVE - Not a statistical outlier,
influencer_4021,105927,3192,116,3.55,3.01,1220,8.4,36.04,0.0,APPROVE - Not a statistical outlier,
influencer_4022,1850916,25538,1095,-0.07,1.38,2999,15.0,66.92,0.0,APPROVE - Not a statistical outlier,
influencer_4023,2583985,115685,6878,4.65,4.48,2719,5.6,17.31,0.6,APPROVE - Not a statistical outlier,
influencer_4024,4218690,254113,14224,28.18,6.02,2356,18.0,74.45,14.3,APPROVE - Not a statistical outlier,
influencer_4025,3650886,93354,5754,-0.48,2.56,2840,10.3,47.46,0.9,APPROVE - Not a statistical outlier,
influencer_4026,4447460,282499,17961,31.55,6.35,2546,22.9,82.56,17.3,APPROVE - Not a statistical outlier,
influencer_4027,954122,50790,2362,2.67,5.32,2086,5.2,14.57,0.9,APPROVE - Not a statistical outlier,
influencer_4028,4044763,140240,4770,1.03,3.47,42,44.5,98.42999999999999,6.6,MANUAL REVIEW - Top 5% anomaly,Unsupervised flags anomaly; transfer model does not recognize pattern - review
influencer_4029,4664754,180093,14673,2.19,3.86,953,8.6,37.35,0.6,APPROVE - Not a statistical outlier,
influencer_4030,4518562,173836,9039,3.8,3.85,1872,6.4,22.189999999999998,0.2,APPROVE - Not a statistical outlier,
influencer_4031,2299354,70186,4243,3.76,3.05,1262,1.9,0.84,0.2,APPROVE - Not a statistical outlier,
influencer_4032,115589,2268,162,3.19,1.96,1244,8.9,39.31,0.0,APPROVE - Not a statistical outlier,
influencer_4033,1194982,56470,5238,4.32,4.73,682,7.2,27.93,14.2,APPROVE - Not a statistical outlier,
influencer_4034,620003,98014,7508,27.37,15.81,1733,30.9,91.01,32.3,"CAUTION - Top 15% anomaly, monitor 2-4 weeks",
influencer_4035,194839,2960,69,0.06,1.52,650,20.7,79.17,0.0,APPROVE - Not a statistical outlier,
influencer_4036,507453,58889,5128,22.68,11.6,1992,28.0,88.47,32.3,"CAUTION - Top 15% anomaly, monitor 2-4 weeks",
influencer_4037,3048589,34951,3465,38.58,1.15,1675,22.8,82.39999999999999,23.0,APPROVE - Not a statistical outlier,
influencer_4038,2928053,74192,4288,2.07,2.53,2273,2.7,2.62,0.2,APPROVE - Not a statistical outlier,
influencer_4039,2525055,85249,8317,3.46,3.38,446,10.5,48.67,1.3,APPROVE - Not a statistical outlier,
influencer_4040,2991193,97116,6194,1.38,3.25,693,3.6,6.12,0.4,APPROVE - Not a statistical outlier,
influencer_4041,4641176,851561,48342,45.39,18.35,1808,45.7,98.71,30.7,MANUAL REVIEW - Top 5% anomaly,
influencer_4042,2508743,103288,4804,3.08,4.12,1409,1.4,0.13,0.2,APPROVE - Not a statistical outlier,
influencer_4043,1556811,65728,4772,3.9,4.22,177,9.6,43.75,0.9,APPROVE - Not a statistical outlier,
influencer_4044,1657042,75731,2906,-0.92,4.57,2075,6.8,25.019999999999996,0.6,APPROVE - Not a statistical outlier,
influencer_4045,3846474,94741,2690,2.38,2.46,1418,5.4,16.0,0.2,APPROVE - Not a statistical outlier,
influencer_4046,3925482,102520,2273,1.82,2.61,2441,10.2,46.94,0.2,APPROVE - Not a statistical outlier,
influencer_4047,3233452,103146,4475,0.56,3.19,1755,6.4,22.189999999999998,0.2,APPROVE - Not a statistical outlier,
influencer_4048,4948796,125566,6486,-0.03,2.54,431,19.1,76.57000000000001,0.2,APPROVE - Not a statistical outlier,
influencer_4049,4291697,780682,50093,44.96,18.19,2683,46.6,98.83,31.0,MANUAL REVIEW - Top 5% anomaly,
influencer_4050,3747328,189999,8249,3.35,5.07,1545,3.9,7.84,0.2,APPROVE - Not a statistical outlier,
influencer_4051,4162603,438533,43294,33.76,10.54,2061,36.0,94.42,32.3,"CAUTION - Top 15% anomaly, monitor 2-4 weeks",
influencer_4052,1911332,19647,851,4.89,1.03,258,14.9,66.64999999999999,1.2,APPROVE - Not a statistical outlier,
influencer_4053,3741030,86486,4780,12.03,2.31,1628,15.1,67.17,5.0,APPROVE - Not a statistical outlier,
influencer_4054,2499578,55498,1568,4.74,2.22,2614,8.4,36.04,0.1,APPROVE - Not a statistical outlier,
influencer_4055,3813010,59919,2447,2.09,1.57,297,13.2,61.160000000000004,0.0,APPROVE - Not a statistical outlier,
influencer_4056,1479081,54233,1294,-0.12,3.67,1458,13.0,60.160000000000004,0.0,APPROVE - Not a statistical outlier,
influencer_4057,1571889,193009,12499,11.29,12.28,1846,21.5,80.53,29.7,APPROVE - Not a statistical outlier,
influencer_4058,2400146,112416,9002,2.65,4.68,1064,4.3,9.62,0.6,APPROVE - Not a statistical outlier,
influencer_4059,3072640,292507,10429,25.66,9.52,1373,19.7,77.55,7.0,APPROVE - Not a statistical outlier,
influencer_4060,1546491,211403,10450,10.77,13.67,155,32.9,92.14,38.0,"CAUTION - Top 15% anomaly, monitor 2-4 weeks",
influencer_4061,4833303,171073,3648,2.93,3.54,2383,15.4,67.97,0.2,APPROVE - Not a statistical outlier,
influencer_4062,4934842,249260,21725,0.03,5.05,1755,32.0,91.53,7.2,"CAUTION - Top 15% anomaly, monitor 2-4 weeks",
influencer_4063,1923967,99961,8236,-0.35,5.2,1142,12.1,56.44,8.2,APPROVE - Not a statistical outlier,
influencer_4064,951922,52818,1323,-1.0,5.55,2705,17.4,73.3,0.0,APPROVE - Not a statistical outlier,
influencer_4065,1685449,171355,8428,24.45,10.17,1405,16.9,71.83,22.0,APPROVE - Not a statistical outlier,
influencer_4066,466590,20862,2011,3.6,4.47,718,9.8,44.83,11.3,APPROVE - Not a statistical outlier,
influencer_4067,1434284,22360,1148,4.37,1.56,1310,5.0,13.41,0.0,APPROVE - Not a statistical outlier,
influencer_4068,1118374,40536,2517,41.82,3.62,1262,14.9,66.64999999999999,24.8,APPROVE - Not a statistical outlier,
influencer_4069,3000610,67317,3259,3.77,2.24,310,8.4,36.04,0.0,APPROVE - Not a statistical outlier,
influencer_4070,2299756,370053,25049,31.67,16.09,472,33.2,92.38,40.3,"CAUTION - Top 15% anomaly, monitor 2-4 weeks",
influencer_4071,2789107,116312,11427,0.5,4.17,1893,10.8,50.519999999999996,2.6,APPROVE - Not a statistical outlier,
influencer_4072,31257,714,71,0.34,2.28,866,20.3,78.60000000000001,0.0,APPROVE - Not a statistical outlier,
influencer_4073,4602731,58036,4757,-0.69,1.26,418,14.6,65.66,0.5,APPROVE - Not a statistical outlier,
influencer_4074,986257,10367,542,0.16,1.05,646,11.9,55.67999999999999,0.0,APPROVE - Not a statistical outlier,
influencer_4075,1102267,12243,729,1.24,1.11,176,15.0,66.92,0.3,APPROVE - Not a statistical outlier,
influencer_4076,2056845,21427,1040,1.43,1.04,550,9.5,43.15,0.0,APPROVE - Not a statistical outlier,
influencer_4077,419829,6514,643,0.86,1.55,659,14.2,64.45,0.0,APPROVE - Not a statistical outlier,
influencer_4078,2636466,57934,4438,2.09,2.2,2511,3.4,5.24,0.2,APPROVE - Not a statistical outlier,
influencer_4079,3439780,72445,4050,1.27,2.11,2221,3.5,5.62,0.2,APPROVE - Not a statistical outlier,
influencer_4080,4116345,244263,5122,4.82,5.93,318,26.9,87.56,1.0,"CAUTION - Top 15% anomaly, monitor 2-4 weeks",
influencer_4081,4739202,119903,7390,3.84,2.53,1439,7.8,32.06,0.0,APPROVE - Not a statistical outlier,
influencer_4082,1547933,25341,2501,4.59,1.64,43,29.7,90.05,10.0,"CAUTION - Top 15% anomaly, monitor 2-4 weeks",
influencer_4083,326329,12164,752,2.34,3.73,286,8.4,36.04,0.1,APPROVE - Not a statistical outlier,
influencer_4084,2957151,156426,5411,3.07,5.29,1751,4.5,10.66,0.2,APPROVE - Not a statistical outlier,
influencer_4085,1228222,53922,1173,0.0,4.39,1453,18.6,75.48,0.0,APPROVE - Not a statistical outlier,
influencer_4086,3368851,83561,4042,3.52,2.48,1260,3.4,5.24,0.0,APPROVE - Not a statistical outlier,
influencer_4087,1544812,58827,5497,0.42,3.81,887,9.3,42.01,1.4,APPROVE - Not a statistical outlier,
influencer_4088,866256,39624,3951,-0.13,4.57,1225,20.4,78.75,18.9,APPROVE - Not a statistical outlier,
influencer_4089,1917,192,18,22.65,10.02,493,34.0,93.04,35.0,"CAUTION - Top 15% anomaly, monitor 2-4 weeks",
influencer_4090,4474447,193864,15189,1.83,4.33,299,17.8,74.05000000000001,1.0,APPROVE - Not a statistical outlier,
influencer_4091,263091,14086,910,0.72,5.35,1274,13.1,60.69,0.0,APPROVE - Not a statistical outlier,
influencer_4092,404157,21624,1454,4.92,5.35,2700,9.8,44.83,0.4,APPROVE - Not a statistical outlier,
influencer_4093,250265,9747,615,0.5,3.89,1236,10.5,48.67,0.0,APPROVE - Not a statistical outlier,
influencer_4094,1385822,243579,18649,17.13,17.58,101,45.7,98.71,40.5,MANUAL REVIEW - Top 5% anomaly,
influencer_4095,1808402,76094,4071,0.9,4.21,1336,3.2,4.42,0.2,APPROVE - Not a statistical outlier,
influencer_4096,1950902,99321,7303,3.49,5.09,2151,4.5,10.66,0.9,APPROVE - Not a statistical outlier,
influencer_4097,1136371,11684,347,2.96,1.03,2432,12.7,58.809999999999995,0.0,APPROVE - Not a statistical outlier,
influencer_4098,329821,19657,810,2.37,5.96,1780,12.9,59.67,0.0,APPROVE - Not a statistical outlier,
influencer_4099,660987,12654,1099,1.5,1.91,526,8.3,35.29,0.0,APPROVE - Not a statistical outlier,
influencer_4100,244877,8206,757,3.03,3.35,1017,9.3,42.01,0.3,APPROVE - Not a statistical outlier,
influencer_4101,3346026,179351,11320,1.44,5.36,2657,10.5,48.67,0.2,APPROVE - Not a statistical outlier,
influencer_4102,1548419,32907,741,2.29,2.13,939,7.1,27.279999999999998,0.0,APPROVE - Not a statistical outlier,
influencer_4103,921759,31192,2936,2.54,3.38,402,6.9,25.8,4.9,APPROVE - Not a statistical outlier,
influencer_4104,1762369,29306,2232,0.6,1.66,391,7.8,32.06,2.6,APPROVE - Not a statistical outlier,
influencer_4105,3249140,96674,5135,1.04,2.98,2170,3.8,7.33,0.6,APPROVE - Not a statistical outlier,
influencer_4106,2214697,41762,2834,-0.89,1.89,1374,4.3,9.62,0.2,APPROVE - Not a statistical outlier,
influencer_4107,1468172,205972,11201,19.76,14.03,353,26.1,86.63,40.9,"CAUTION - Top 15% anomaly, monitor 2-4 weeks",
influencer_4108,1859997,53332,3052,3.54,2.87,2461,2.7,2.62,0.2,APPROVE - Not a statistical outlier,
influencer_4109,4981249,789610,71810,39.62,15.85,604,51.4,99.45,39.6,"REJECT - Top 1% anomaly, escalate for manual audit",
influencer_4110,1419826,84821,2789,1.17,5.97,765,10.0,45.910000000000004,0.8,APPROVE - Not a statistical outlier,
influencer_4111,4481967,70543,1995,1.53,1.57,2814,14.3,64.75,0.0,APPROVE - Not a statistical outlier,
influencer_4112,4976467,230402,4658,1.01,4.63,2423,19.5,77.2,0.2,APPROVE - Not a statistical outlier,
influencer_4113,1430290,18003,812,3.79,1.26,1245,6.9,25.8,0.0,APPROVE - Not a statistical outlier,
influencer_4114,2121711,24420,776,3.35,1.15,1725,7.9,32.82,0.0,APPROVE - Not a statistical outlier,
influencer_4115,522244,7972,299,3.6,1.53,1937,9.6,43.75,0.0,APPROVE - Not a statistical outlier,
influencer_4116,1400769,81628,1705,4.42,5.83,748,13.1,60.69,0.5,APPROVE - Not a statistical outlier,
influencer_4117,2496389,343644,13118,30.33,13.77,810,24.0,84.06,30.3,APPROVE - Not a statistical outlier,
influencer_4118,4640059,91392,4260,2.69,1.97,1049,8.0,33.550000000000004,0.0,APPROVE - Not a statistical outlier,
influencer_4119,489051,8843,199,3.33,1.81,1433,11.6,54.290000000000006,0.0,APPROVE - Not a statistical outlier,
influencer_4120,826782,18211,1249,3.09,2.2,1456,4.1,8.7,0.0,APPROVE - Not a statistical outlier,
influencer_4121,440439,15757,1032,4.22,3.58,693,6.2,20.919999999999998,0.1,APPROVE - Not a statistical outlier,
influencer_4122,3618597,139262,3866,3.62,3.85,1802,5.9,19.36,0.2,APPROVE - Not a statistical outlier,
influencer_4123,4610770,97193,6570,-0.28,2.11,2677,13.4,61.89,0.6,APPROVE - Not a statistical outlier,
influencer_4124,1265134,132652,13250,46.6,10.49,40,61.7,99.82,50.6,"REJECT - Top 1% anomaly, escalate for manual audit",
influencer_4125,1895554,48294,4614,3.1,2.55,2264,6.2,20.919999999999998,0.2,APPROVE - Not a statistical outlier,
influencer_4126,4716700,264637,5349,-0.24,5.61,2803,31.6,91.38,0.2,"CAUTION - Top 15% anomaly, monitor 2-4 weeks",
influencer_4127,948272,40620,3397,3.63,4.28,1068,4.4,10.09,1.2,APPROVE - Not a statistical outlier,
influencer_4128,4915082,204456,9872,35.94,4.16,2855,24.9,85.34,19.6,"CAUTION - Top 15% anomaly, monitor 2-4 weeks",
influencer_4129,3132603,155050,3890,3.84,4.95,2488,8.7,38.05,0.2,APPROVE - Not a statistical outlier,
influencer_4130,3786961,192740,8418,4.73,5.09,614,7.4,29.270000000000003,1.0,APPROVE - Not a statistical outlier,
influencer_4131,3120734,76533,3500,0.53,2.45,1105,4.8,12.17,0.2,APPROVE - Not a statistical outlier,
influencer_4132,712943,19239,1190,4.14,2.7,2654,7.3,28.63,0.0,APPROVE - Not a statistical outlier,
influencer_4133,2238300,127130,9266,3.64,5.68,1404,5.7,18.01,8.2,APPROVE - Not a statistical outlier,
influencer_4134,4226389,77076,6160,3.03,1.82,1481,5.9,19.36,0.7,APPROVE - Not a statistical outlier,
influencer_4135,2622158,31747,1259,1.31,1.21,1884,7.1,27.279999999999998,0.0,APPROVE - Not a statistical outlier,
influencer_4136,3152478,103094,4715,-0.34,3.27,1819,8.3,35.29,0.2,APPROVE - Not a statistical outlier,
influencer_4137,2439064,122100,5454,1.9,5.01,772,3.8,7.33,0.4,APPROVE - Not a statistical outlier,
influencer_4138,4231207,205566,10076,-0.37,4.86,1806,12.0,56.11000000000001,0.2,APPROVE - Not a statistical outlier,
influencer_4139,1999173,111906,11187,2.0,5.6,233,22.5,81.97,37.7,APPROVE - Not a statistical outlier,
influencer_4140,4807546,176244,14493,3.92,3.67,1106,9.6,43.75,0.6,APPROVE - Not a statistical outlier,
influencer_4141,4707797,70632,6921,4.99,1.5,1003,16.7,71.39,1.0,APPROVE - Not a statistical outlier,
influencer_4142,3574258,140948,10634,0.19,3.94,1428,8.2,34.74,0.2,APPROVE - Not a statistical outlier,
influencer_4143,1491017,72940,3829,0.25,4.89,1895,9.3,42.01,0.2,APPROVE - Not a statistical outlier,
influencer_4144,3103641,26098,1335,41.26,0.84,1329,22.6,82.13000000000001,24.0,APPROVE - Not a statistical outlier,
influencer_4145,870446,149032,8805,27.6,17.12,1084,30.8,90.92,40.0,"CAUTION - Top 15% anomaly, monitor 2-4 weeks",
influencer_4146,642593,6820,363,4.49,1.06,1188,11.4,53.1,0.3,APPROVE - Not a statistical outlier,
influencer_4147,3652361,144935,12502,3.61,3.97,134,19.2,76.74,2.6,APPROVE - Not a statistical outlier,
influencer_4148,1468130,79773,4563,3.42,5.43,282,7.5,29.880000000000003,1.9,APPROVE - Not a statistical outlier,
influencer_4149,1535227,66833,2917,-0.39,4.35,324,10.3,47.46,0.4,APPROVE - Not a statistical outlier,
influencer_4150,2298905,135869,11139,-0.78,5.91,2745,17.1,72.35000000000001,15.6,APPROVE - Not a statistical outlier,
influencer_4151,4227405,55597,4912,0.9,1.32,1211,8.6,37.35,0.2,APPROVE - Not a statistical outlier,
influencer_4152,4198079,231524,12417,0.3,5.52,578,20.1,78.18,0.6,APPROVE - Not a statistical outlier,
influencer_4153,2588551,131248,9636,3.27,5.07,2708,6.1,20.380000000000003,0.6,APPROVE - Not a statistical outlier,
influencer_4154,4110070,105678,2610,1.7,2.57,1807,8.6,37.35,0.2,APPROVE - Not a statistical outlier,
influencer_4155,3399116,199447,12436,2.14,5.87,328,15.6,68.47999999999999,1.4,APPROVE - Not a statistical outlier,
influencer_4156,2510907,61258,1445,3.88,2.44,1778,6.9,25.8,0.1,APPROVE - Not a statistical outlier,
influencer_4157,1807210,98430,2198,1.87,5.45,1873,9.8,44.83,0.2,APPROVE - Not a statistical outlier,
influencer_4158,3990284,558900,38583,11.78,14.01,130,50.7,99.4,39.3,"REJECT - Top 1% anomaly, escalate for manual audit",
influencer_4159,27616,5274,233,20.98,19.1,2409,44.3,98.36,31.3,MANUAL REVIEW - Top 5% anomaly,
influencer_4160,4143887,158186,12560,1.59,3.82,2913,11.1,51.6,0.9,APPROVE - Not a statistical outlier,
influencer_4161,4941359,79062,7248,-0.5,1.6,1804,15.6,68.47999999999999,0.9,APPROVE - Not a statistical outlier,
influencer_4162,1235215,45207,1408,2.13,3.66,2470,5.5,16.68,0.0,APPROVE - Not a statistical outlier,
influencer_4163,3839187,106882,8332,2.48,2.78,903,3.8,7.33,0.5,APPROVE - Not a statistical outlier,
influencer_4164,4402207,218397,13357,2.07,4.96,2458,8.9,39.31,0.6,APPROVE - Not a statistical outlier,
influencer_4165,1039218,49785,1442,0.55,4.79,121,18.7,75.73,0.2,APPROVE - Not a statistical outlier,
influencer_4166,353365,19622,1415,0.34,5.55,476,21.0,79.64,1.7,APPROVE - Not a statistical outlier,
influencer_4167,2385775,25626,1761,1.22,1.07,138,17.9,74.22,0.5,APPROVE - Not a statistical outlier,
influencer_4168,4110404,207391,12702,-0.0,5.05,346,27.2,87.83,0.9,"CAUTION - Top 15% anomaly, monitor 2-4 weeks",
influencer_4169,362309,20623,1940,3.0,5.69,1865,16.8,71.58,27.4,APPROVE - Not a statistical outlier,
influencer_4170,4251167,210284,12971,2.69,4.95,1973,5.5,16.68,0.6,APPROVE - Not a statistical outlier,
influencer_4171,3319843,54809,5439,2.79,1.65,1488,10.5,48.67,1.0,APPROVE - Not a statistical outlier,
influencer_4172,1918577,312377,18973,49.1,16.28,471,36.3,94.72,40.3,"CAUTION - Top 15% anomaly, monitor 2-4 weeks",
influencer_4173,2593806,28641,838,0.48,1.1,2295,11.3,52.52,0.0,APPROVE - Not a statistical outlier,
influencer_4174,1552899,64347,3708,3.72,4.14,1275,1.5,0.2,0.2,APPROVE - Not a statistical outlier,
influencer_4175,778635,104112,3600,39.68,13.37,2750,30.5,90.66,20.3,"CAUTION - Top 15% anomaly, monitor 2-4 weeks",
influencer_4176,714340,96002,6506,34.69,13.44,1581,24.8,85.21,32.3,"CAUTION - Top 15% anomaly, monitor 2-4 weeks",
influencer_4177,279495,8357,630,1.42,2.99,307,9.0,39.94,0.1,APPROVE - Not a statistical outlier,
influencer_4178,3281931,13696,787,38.32,0.42,598,27.5,88.11,46.7,"CAUTION - Top 15% anomaly, monitor 2-4 weeks",
influencer_4179,832257,34306,954,3.43,4.12,1039,6.2,20.919999999999998,0.0,APPROVE - Not a statistical outlier,
influencer_4180,1847357,94733,5446,4.84,5.13,2952,9.1,40.52,1.2,APPROVE - Not a statistical outlier,
influencer_4181,1880262,106871,2833,4.94,5.68,2543,10.1,46.379999999999995,0.6,APPROVE - Not a statistical outlier,
influencer_4182,3644327,182785,13630,5.0,5.02,868,6.4,22.189999999999998,1.2,APPROVE - Not a statistical outlier,
influencer_4183,1324173,41491,3453,4.34,3.13,2831,7.3,28.63,0.7,APPROVE - Not a statistical outlier,
influencer_4184,1723199,71936,6977,2.84,4.17,1637,5.7,18.01,1.6,APPROVE - Not a statistical outlier,
influencer_4185,2700134,142607,4549,-0.96,5.28,2915,14.0,63.849999999999994,0.2,APPROVE - Not a statistical outlier,
influencer_4186,3031486,104678,6552,3.2,3.45,59,17.5,73.49,7.3,APPROVE - Not a statistical outlier,
influencer_4187,3981053,82942,5424,0.43,2.08,2436,7.7,31.240000000000002,0.9,APPROVE - Not a statistical outlier,
influencer_4188,701033,12959,1215,-0.66,1.85,1972,10.1,46.379999999999995,0.0,APPROVE - Not a statistical outlier,
influencer_4189,3902403,39054,2740,3.18,1.0,2163,10.4,48.0,0.0,APPROVE - Not a statistical outlier,
influencer_4190,135445,6218,196,3.54,4.59,1287,11.2,52.04,0.0,APPROVE - Not a statistical outlier,
influencer_4191,4598855,71534,3927,2.96,1.56,2824,11.6,54.290000000000006,0.0,APPROVE - Not a statistical outlier,
influencer_4192,1846700,359311,26007,24.11,19.46,2390,40.3,96.88,31.3,MANUAL REVIEW - Top 5% anomaly,
influencer_4193,2667981,66416,5049,2.07,2.49,394,5.1,13.919999999999998,0.9,APPROVE - Not a statistical outlier,
influencer_4194,3821671,145296,12938,4.61,3.8,1830,7.2,27.93,0.9,APPROVE - Not a statistical outlier,
influencer_4195,4909951,146797,5055,3.38,2.99,1852,10.3,47.46,0.6,APPROVE - Not a statistical outlier,
influencer_4196,4088138,178789,17185,2.03,4.37,1892,10.7,49.99,8.9,APPROVE - Not a statistical outlier,
influencer_4197,872535,11152,275,2.56,1.28,934,11.9,55.67999999999999,0.3,APPROVE - Not a statistical outlier,
influencer_4198,1784611,28905,2852,4.57,1.62,727,9.3,42.01,2.0,APPROVE - Not a statistical outlier,
influencer_4199,1743166,60942,5400,1.36,3.5,2208,5.2,14.57,1.2,APPROVE - Not a statistical outlier,
influencer_4200,1036408,27825,2026,-0.39,2.68,2880,11.6,54.290000000000006,0.0,APPROVE - Not a statistical outlier,
influencer_4201,1462312,194054,15291,22.72,13.27,2866,30.2,90.44,32.0,"CAUTION - Top 15% anomaly, monitor 2-4 weeks",
influencer_4202,2576606,34401,888,1.49,1.34,1885,10.2,46.94,0.0,APPROVE - Not a statistical outlier,
influencer_4203,497440,27252,635,0.64,5.48,380,19.2,76.74,0.0,APPROVE - Not a statistical outlier,
influencer_4204,1472926,275644,7756,11.54,18.71,209,40.7,97.04,29.5,MANUAL REVIEW - Top 5% anomaly,Unsupervised flags anomaly; transfer model does not recognize pattern - review
influencer_4205,1453137,23367,630,0.83,1.61,1533,8.0,33.550000000000004,0.0,APPROVE - Not a statistical outlier,
influencer_4206,2874524,38094,2430,-0.38,1.33,1216,6.4,22.189999999999998,1.2,APPROVE - Not a statistical outlier,
influencer_4207,2743455,161160,6000,0.13,5.87,1836,18.8,75.96000000000001,0.2,APPROVE - Not a statistical outlier,
influencer_4208,2270409,100031,8884,4.51,4.41,803,6.7,24.240000000000002,1.0,APPROVE - Not a statistical outlier,
influencer_4209,1704820,52632,2929,2.78,3.09,539,2.2,1.4000000000000001,0.6,APPROVE - Not a statistical outlier,
influencer_4210,296599,13372,1011,0.89,4.51,394,11.6,54.290000000000006,0.7,APPROVE - Not a statistical outlier,
influencer_4211,1558009,74498,5380,1.2,4.78,382,7.9,32.82,0.9,APPROVE - Not a statistical outlier,
influencer_4212,598904,29345,1337,1.96,4.9,2877,10.5,48.67,0.0,APPROVE - Not a statistical outlier,
influencer_4213,3758454,127388,5025,3.04,3.39,1136,3.5,5.62,0.2,APPROVE - Not a statistical outlier,
influencer_4214,117841,3711,175,2.49,3.15,1278,8.2,34.74,0.0,APPROVE - Not a statistical outlier,
influencer_4215,170934,1803,150,4.6,1.06,441,19.6,77.4,1.3,APPROVE - Not a statistical outlier,
influencer_4216,3923750,747868,50033,27.15,19.06,764,42.9,97.83,40.3,MANUAL REVIEW - Top 5% anomaly,
influencer_4217,1136270,45638,1838,4.46,4.02,147,11.0,51.22,0.5,APPROVE - Not a statistical outlier,
influencer_4218,238068,4798,409,-0.97,2.02,511,12.6,58.4,0.0,APPROVE - Not a statistical outlier,
influencer_4219,3640688,203806,4968,4.34,5.6,221,22.3,81.64,0.6,APPROVE - Not a statistical outlier,
influencer_4220,4150287,231364,17568,3.33,5.57,2668,11.9,55.67999999999999,7.6,APPROVE - Not a statistical outlier,
influencer_4221,1605243,95446,5261,0.03,5.95,2667,24.9,85.34,0.6,"CAUTION - Top 15% anomaly, monitor 2-4 weeks",
influencer_4222,852161,45763,3592,0.58,5.37,2736,14.0,63.849999999999994,5.9,APPROVE - Not a statistical outlier,
influencer_4223,4773945,319696,30114,20.55,6.7,136,51.7,99.5,42.3,"REJECT - Top 1% anomaly, escalate for manual audit",
influencer_4224,706356,135319,10825,15.77,19.16,411,41.1,97.16,39.8,MANUAL REVIEW - Top 5% anomaly,
influencer_4225,1639846,85456,4730,3.71,5.21,812,3.0,3.74,0.9,APPROVE - Not a statistical outlier,
influencer_4226,4231987,216472,6944,3.75,5.12,2467,10.6,49.38,0.6,APPROVE - Not a statistical outlier,
influencer_4227,3260819,70260,5937,0.81,2.15,273,11.5,53.73,0.9,APPROVE - Not a statistical outlier,
influencer_4228,1460410,21792,1239,-0.58,1.49,2662,9.3,42.01,0.0,APPROVE - Not a statistical outlier,
influencer_4229,325934,19220,500,4.93,5.9,2946,22.3,81.64,0.0,APPROVE - Not a statistical outlier,
influencer_4230,1803466,44728,3467,0.5,2.48,497,6.9,25.8,0.2,APPROVE - Not a statistical outlier,
influencer_4231,3822615,204680,8872,-0.59,5.35,895,11.9,55.67999999999999,0.2,APPROVE - Not a statistical outlier,
influencer_4232,2383865,24330,581,0.98,1.02,1591,13.1,60.69,0.0,APPROVE - Not a statistical outlier,
influencer_4233,798583,8825,813,4.81,1.11,1263,12.6,58.4,0.3,APPROVE - Not a statistical outlier,
influencer_4234,465310,6319,370,25.13,1.36,633,21.5,80.53,34.8,APPROVE - Not a statistical outlier,
influencer_4235,3715755,81507,3462,1.88,2.19,1690,3.8,7.33,0.2,APPROVE - Not a statistical outlier,
influencer_4236,558242,24837,1920,0.83,4.45,1126,8.0,33.550000000000004,0.0,APPROVE - Not a statistical outlier,
influencer_4237,3128640,119758,10882,1.54,3.83,2045,7.0,26.58,0.6,APPROVE - Not a statistical outlier,
influencer_4238,769223,10672,213,-0.9,1.39,1688,16.0,69.55,0.0,APPROVE - Not a statistical outlier,
influencer_4239,4304677,78049,5855,3.31,1.81,1763,7.1,27.279999999999998,0.7,APPROVE - Not a statistical outlier,
influencer_4240,4099535,120536,9806,-0.4,2.94,1643,7.9,32.82,0.6,APPROVE - Not a statistical outlier,
influencer_4241,4754292,91663,3372,2.11,1.93,889,9.3,42.01,0.6,APPROVE - Not a statistical outlier,
influencer_4242,1173304,58208,3444,2.4,4.96,1909,3.6,6.12,0.6,APPROVE - Not a statistical outlier,
influencer_4243,1644909,50668,1375,-0.99,3.08,1306,5.7,18.01,0.0,APPROVE - Not a statistical outlier,
influencer_4244,2000117,29344,2339,4.88,1.47,42,23.0,82.72,10.0,APPROVE - Not a statistical outlier,
influencer_4245,920134,31484,2764,0.81,3.42,2376,7.6,30.54,2.9,APPROVE - Not a statistical outlier,
influencer_4246,1856797,271317,7774,25.9,14.61,1129,25.4,85.85000000000001,18.0,"CAUTION - Top 15% anomaly, monitor 2-4 weeks",
influencer_4247,2930735,48201,4112,4.13,1.64,1104,5.3,15.27,0.0,APPROVE - Not a statistical outlier,
influencer_4248,4637440,101933,8330,-0.09,2.2,816,13.1,60.69,0.2,APPROVE - Not a statistical outlier,
influencer_4249,512162,27132,1295,-0.85,5.3,178,15.5,68.24,0.0,APPROVE - Not a statistical outlier,
influencer_4250,2571725,97974,7369,29.04,3.81,1784,12.1,56.44,23.3,APPROVE - Not a statistical outlier,
influencer_4251,3412134,175086,3502,-0.22,5.13,2199,20.2,78.42,0.2,APPROVE - Not a statistical outlier,
influencer_4252,2427277,64817,6128,4.89,2.67,1333,5.6,17.31,1.7,APPROVE - Not a statistical outlier,
influencer_4253,3201450,75625,4842,-0.94,2.36,2615,6.8,25.019999999999996,0.2,APPROVE - Not a statistical outlier,
influencer_4254,2280042,85405,5946,-0.69,3.75,1209,4.7,11.61,1.2,APPROVE - Not a statistical outlier,
influencer_4255,1318621,60778,4447,4.0,4.61,2453,5.1,13.919999999999998,0.2,APPROVE - Not a statistical outlier,
influencer_4256,3638967,217132,14093,0.44,5.97,111,38.3,95.98,2.6,MANUAL REVIEW - Top 5% anomaly,Unsupervised flags anomaly; transfer model does not recognize pattern - review
influencer_4257,2368893,41572,3680,26.04,1.75,521,18.5,75.26,34.7,APPROVE - Not a statistical outlier,
influencer_4258,1441351,17965,1235,0.87,1.25,2433,8.1,34.22,0.0,APPROVE - Not a statistical outlier,
influencer_4259,1899917,84960,7869,-0.58,4.47,2055,9.5,43.15,5.9,APPROVE - Not a statistical outlier,
influencer_4260,740574,38221,2545,-0.94,5.16,954,9.0,39.94,2.9,APPROVE - Not a statistical outlier,
influencer_4261,4072495,213062,7178,0.7,5.23,1326,12.5,58.040000000000006,0.2,APPROVE - Not a statistical outlier,
influencer_4262,326437,10898,1014,16.09,3.34,1633,24.4,84.58,13.7,APPROVE - Not a statistical outlier,
influencer_4263,1817760,104886,7817,-0.99,5.77,1626,10.5,48.67,4.6,APPROVE - Not a statistical outlier,
influencer_4264,2092013,74371,5647,2.49,3.56,152,11.4,53.1,1.6,APPROVE - Not a statistical outlier,
influencer_4265,3631623,202247,19989,1.0,5.57,737,24.4,84.58,34.9,APPROVE - Not a statistical outlier,
influencer_4266,3682890,215046,5594,1.34,5.84,2407,14.4,64.98,0.2,APPROVE - Not a statistical outlier,
influencer_4267,873834,45752,2483,0.57,5.24,1020,8.2,34.74,1.2,APPROVE - Not a statistical outlier,
influencer_4268,4638370,118222,4625,2.17,2.55,2400,7.8,32.06,0.2,APPROVE - Not a statistical outlier,
influencer_4269,620696,82367,5801,45.31,13.27,2847,34.3,93.24,31.7,"CAUTION - Top 15% anomaly, monitor 2-4 weeks",
influencer_4270,4073250,674644,57037,40.39,16.56,2070,42.1,97.64,30.7,MANUAL REVIEW - Top 5% anomaly,
influencer_4271,4113732,134316,13069,4.34,3.27,2510,12.3,57.16,1.6,APPROVE - Not a statistical outlier,
influencer_4272,4315366,462894,26092,33.41,10.73,739,29.1,89.52,40.6,"CAUTION - Top 15% anomaly, monitor 2-4 weeks",
influencer_4273,1033499,15504,1285,-0.54,1.5,823,8.7,38.05,0.0,APPROVE - Not a statistical outlier,
influencer_4274,3821888,87471,8166,0.38,2.29,741,9.3,42.01,0.9,APPROVE - Not a statistical outlier,
influencer_4275,2977030,141676,10578,0.86,4.76,2616,9.2,41.25,0.2,APPROVE - Not a statistical outlier,
influencer_4276,2332348,34400,1355,3.62,1.47,2678,8.4,36.04,0.0,APPROVE - Not a statistical outlier,
influencer_4277,4402913,114644,7867,-0.87,2.6,1747,8.1,34.22,0.6,APPROVE - Not a statistical outlier,
influencer_4278,2013755,59119,5769,1.87,2.94,286,11.1,51.6,1.3,APPROVE - Not a statistical outlier,
influencer_4279,4478310,184191,18235,1.45,4.11,1242,16.1,69.86,2.2,APPROVE - Not a statistical outlier,
influencer_4280,2807284,50269,3588,4.81,1.79,900,4.5,10.66,0.6,APPROVE - Not a statistical outlier,
influencer_4281,1851924,98207,8932,0.08,5.3,2976,26.1,86.63,15.9,"CAUTION - Top 15% anomaly, monitor 2-4 weeks",
influencer_4282,2887569,93491,3368,2.77,3.24,1761,2.9,3.34,0.2,APPROVE - Not a statistical outlier,
influencer_4283,3351448,187182,7428,0.21,5.59,838,18.6,75.48,0.2,APPROVE - Not a statistical outlier,
influencer_4284,1615099,53933,5190,2.29,3.34,2754,9.9,45.440000000000005,1.6,APPROVE - Not a statistical outlier,
influencer_4285,1142452,27135,836,2.33,2.38,300,6.8,25.019999999999996,0.0,APPROVE - Not a statistical outlier,
influencer_4286,1231796,21053,742,-0.55,1.71,1573,8.1,34.22,0.0,APPROVE - Not a statistical outlier,
influencer_4287,114936,8232,441,45.09,7.16,579,26.6,87.28,30.5,"CAUTION - Top 15% anomaly, monitor 2-4 weeks",
influencer_4288,4211583,154177,10355,1.77,3.66,1167,4.8,12.17,0.2,APPROVE - Not a statistical outlier,
influencer_4289,3250479,49920,3409,0.91,1.54,597,7.0,26.58,0.9,APPROVE - Not a statistical outlier,
influencer_4290,3513305,209495,9083,28.59,5.96,388,20.0,78.01,18.5,APPROVE - Not a statistical outlier,
influencer_4291,4281428,168960,15822,0.35,3.95,1703,13.7,63.0,0.6,APPROVE - Not a statistical outlier,
influencer_4292,1913493,45511,4241,-0.96,2.38,1667,6.7,24.240000000000002,0.2,APPROVE - Not a statistical outlier,
influencer_4293,2434351,45671,2345,-0.99,1.88,1387,4.1,8.7,0.2,APPROVE - Not a statistical outlier,
influencer_4294,2190063,390056,21352,18.86,17.81,1742,32.7,91.99000000000001,31.3,"CAUTION - Top 15% anomaly, monitor 2-4 weeks",
influencer_4295,2983202,171055,13034,0.75,5.73,1392,11.5,53.73,7.6,APPROVE - Not a statistical outlier,
influencer_4296,2820182,42364,3094,0.01,1.5,827,8.1,34.22,0.2,APPROVE - Not a statistical outlier,
influencer_4297,994978,17690,894,3.11,1.78,1314,5.1,13.919999999999998,0.0,APPROVE - Not a statistical outlier,
influencer_4298,448244,25998,1381,2.17,5.8,916,10.3,47.46,0.6,APPROVE - Not a statistical outlier,
influencer_4299,2474188,29416,1407,4.49,1.19,1788,7.1,27.279999999999998,0.4,APPROVE - Not a statistical outlier,
influencer_4300,4433027,261023,10135,3.99,5.89,1252,11.0,51.22,0.2,APPROVE - Not a statistical outlier,
influencer_4301,3480000,35608,2017,3.36,1.02,2288,9.2,41.25,0.4,APPROVE - Not a statistical outlier,
influencer_4302,839927,90439,6775,23.28,10.77,316,24.5,84.75,40.8,APPROVE - Not a statistical outlier,
influencer_4303,83806,2125,168,3.0,2.54,1745,10.2,46.94,0.0,APPROVE - Not a statistical outlier,
influencer_4304,4026345,229217,18866,3.16,5.69,1815,13.0,60.160000000000004,17.9,APPROVE - Not a statistical outlier,
influencer_4305,2830045,79847,3990,27.75,2.82,772,13.3,61.56,34.2,APPROVE - Not a statistical outlier,
influencer_4306,1279673,54661,4436,0.58,4.27,1535,6.5,22.900000000000002,0.2,APPROVE - Not a statistical outlier,
influencer_4307,4116741,57641,1182,2.84,1.4,2070,16.0,69.55,0.4,APPROVE - Not a statistical outlier,
influencer_4308,3458521,76490,4448,2.71,2.21,1076,3.2,4.42,0.0,APPROVE - Not a statistical outlier,
influencer_4309,4685013,423608,35376,41.4,9.04,325,41.6,97.41,44.2,MANUAL REVIEW - Top 5% anomaly,
influencer_4310,4632889,168796,11883,2.98,3.64,2083,6.6,23.56,0.9,APPROVE - Not a statistical outlier,
influencer_4311,3378932,190566,11038,-0.48,5.64,2627,14.1,64.12,0.2,APPROVE - Not a statistical outlier,
influencer_4312,2455698,216699,15509,31.57,8.82,710,21.7,80.78,42.8,APPROVE - Not a statistical outlier,
influencer_4313,2280023,121959,11287,2.64,5.35,1921,10.6,49.38,18.9,APPROVE - Not a statistical outlier,
influencer_4314,2439710,455322,29737,16.08,18.66,824,35.7,94.17,38.3,"CAUTION - Top 15% anomaly, monitor 2-4 weeks",
influencer_4315,499512,71588,6012,41.21,14.33,232,35.0,93.81,41.5,"CAUTION - Top 15% anomaly, monitor 2-4 weeks",
influencer_4316,3501967,203085,19995,4.25,5.8,354,28.2,88.6,38.6,"CAUTION - Top 15% anomaly, monitor 2-4 weeks",
influencer_4317,768442,20330,1554,0.26,2.65,2902,13.0,60.160000000000004,0.0,APPROVE - Not a statistical outlier,
influencer_4318,476278,25860,1703,-0.54,5.43,2321,14.1,64.12,0.0,APPROVE - Not a statistical outlier,
influencer_4319,1931440,101169,2326,2.62,5.24,356,12.0,56.11000000000001,0.7,APPROVE - Not a statistical outlier,
influencer_4320,380593,7815,390,1.88,2.05,1016,6.0,19.939999999999998,0.0,APPROVE - Not a statistical outlier,
influencer_4321,495955,20440,1333,1.57,4.12,790,5.8,18.7,0.2,APPROVE - Not a statistical outlier,
influencer_4322,1521180,98214,8228,30.77,6.46,1066,17.3,73.00999999999999,44.1,APPROVE - Not a statistical outlier,
influencer_4323,4841349,250953,13814,4.82,5.18,936,12.7,58.809999999999995,1.2,APPROVE - Not a statistical outlier,
influencer_4324,1627528,30479,2950,1.87,1.87,1433,5.4,16.0,1.2,APPROVE - Not a statistical outlier,
influencer_4325,2915611,428789,17899,27.89,14.71,394,30.6,90.75,39.0,"CAUTION - Top 15% anomaly, monitor 2-4 weeks",
influencer_4326,2788976,161219,12827,22.46,5.78,1274,12.9,59.67,28.0,APPROVE - Not a statistical outlier,
influencer_4327,1309014,50850,2721,2.92,3.88,2150,2.5,2.02,0.2,APPROVE - Not a statistical outlier,
influencer_4328,2248680,212072,12486,23.96,9.43,1678,18.5,75.26,28.3,APPROVE - Not a statistical outlier,
influencer_4329,4663315,273793,23053,0.2,5.87,1099,34.4,93.32000000000001,19.6,"CAUTION - Top 15% anomaly, monitor 2-4 weeks",
influencer_4330,2822839,446221,19498,21.99,15.81,303,34.5,93.42,40.3,"CAUTION - Top 15% anomaly, monitor 2-4 weeks",
influencer_4331,4942064,64357,1785,1.68,1.3,2285,15.7,68.76,0.1,APPROVE - Not a statistical outlier,
influencer_4332,299783,14226,876,2.99,4.75,1982,7.8,32.06,0.0,APPROVE - Not a statistical outlier,
influencer_4333,3377910,129234,8051,-0.62,3.83,1914,5.6,17.31,0.6,APPROVE - Not a statistical outlier,
influencer_4334,3603571,116736,9779,4.3,3.24,153,16.1,69.86,1.6,APPROVE - Not a statistical outlier,
influencer_4335,1138613,28993,2825,2.07,2.55,1382,5.3,15.27,1.9,APPROVE - Not a statistical outlier,
influencer_4336,3880928,136297,3328,4.26,3.51,2620,11.3,52.52,0.2,APPROVE - Not a statistical outlier,
influencer_4337,3856288,103865,6993,1.04,2.69,1721,3.8,7.33,0.6,APPROVE - Not a statistical outlier,
influencer_4338,2116226,144829,10790,33.59,6.84,2137,16.0,69.55,30.3,APPROVE - Not a statistical outlier,
influencer_4339,1341683,49903,4933,4.74,3.72,2976,17.4,73.3,0.6,APPROVE - Not a statistical outlier,
influencer_4340,3631400,195523,18654,4.66,5.38,2963,19.4,77.02,20.9,APPROVE - Not a statistical outlier,
influencer_4341,2855119,106145,8172,4.66,3.72,2859,7.0,26.58,0.9,APPROVE - Not a statistical outlier,
influencer_4342,2674705,58611,3618,-0.74,2.19,471,5.8,18.7,0.6,APPROVE - Not a statistical outlier,
influencer_4343,3598170,104576,3442,19.26,2.91,1270,20.2,78.42,18.4,APPROVE - Not a statistical outlier,
influencer_4344,3306610,646398,32794,32.18,19.55,940,37.9,95.72,39.6,MANUAL REVIEW - Top 5% anomaly,
influencer_4345,454222,9239,617,0.86,2.03,1055,6.0,19.939999999999998,0.0,APPROVE - Not a statistical outlier,
influencer_4346,2089618,86040,6712,0.05,4.12,1589,8.9,39.31,0.6,APPROVE - Not a statistical outlier,
influencer_4347,4833094,134774,9546,2.72,2.79,1771,7.8,32.06,0.6,APPROVE - Not a statistical outlier,
influencer_4348,2600327,135789,10473,3.68,5.22,2909,10.2,46.94,1.6,APPROVE - Not a statistical outlier,
influencer_4349,4401852,633963,34444,15.89,14.4,1764,34.5,93.42,29.7,"CAUTION - Top 15% anomaly, monitor 2-4 weeks",
influencer_4350,4646287,215225,16832,3.77,4.63,655,12.3,57.16,1.0,APPROVE - Not a statistical outlier,
influencer_4351,2594157,38333,1207,-0.92,1.48,1720,8.6,37.35,0.0,APPROVE - Not a statistical outlier,
influencer_4352,2798909,83410,2753,3.92,2.98,1027,2.6,2.31,0.2,APPROVE - Not a statistical outlier,
influencer_4353,2950311,174546,5764,0.07,5.92,2811,24.0,84.06,0.2,APPROVE - Not a statistical outlier,
influencer_4354,218314,23078,2106,18.5,10.57,120,32.5,91.85,42.2,"CAUTION - Top 15% anomaly, monitor 2-4 weeks",
influencer_4355,2636122,47442,1237,1.66,1.8,2244,8.5,36.75,0.0,APPROVE - Not a statistical outlier,
influencer_4356,3467032,82821,6966,4.24,2.39,236,13.8,63.29,0.7,APPROVE - Not a statistical outlier,
influencer_4357,749692,19859,768,4.8,2.65,1118,4.9,12.86,0.0,APPROVE - Not a statistical outlier,
influencer_4358,2383962,101361,5825,0.53,4.25,1941,5.7,18.01,0.2,APPROVE - Not a statistical outlier,
influencer_4359,3467689,165928,15477,-0.6,4.78,545,17.5,73.49,13.2,APPROVE - Not a statistical outlier,
influencer_4360,2077775,98645,6596,2.9,4.75,1210,2.4,1.76,0.6,APPROVE - Not a statistical outlier,
influencer_4361,1615694,57346,2110,2.02,3.55,1822,3.0,3.74,0.0,APPROVE - Not a statistical outlier,
influencer_4362,582904,29460,1258,2.39,5.05,2824,9.9,45.440000000000005,0.0,APPROVE - Not a statistical outlier,
influencer_4363,4466669,142280,13322,-0.72,3.19,2383,13.7,63.0,1.2,APPROVE - Not a statistical outlier,
influencer_4364,3289210,53265,2885,3.65,1.62,1931,6.0,19.939999999999998,0.0,APPROVE - Not a statistical outlier,
influencer_4365,3882143,148383,9935,0.39,3.82,2035,7.3,28.63,0.6,APPROVE - Not a statistical outlier,
influencer_4366,4912077,283009,16073,1.01,5.76,424,27.2,87.83,0.9,"CAUTION - Top 15% anomaly, monitor 2-4 weeks",
influencer_4367,3147779,156286,7857,0.37,4.96,1127,8.6,37.35,0.6,APPROVE - Not a statistical outlier,
influencer_4368,1946537,75788,2869,4.68,3.89,216,10.3,47.46,0.7,APPROVE - Not a statistical outlier,
influencer_4369,2042381,86474,6476,0.01,4.23,1627,10.4,48.0,0.6,APPROVE - Not a statistical outlier,
influencer_4370,79116,4472,346,3.39,5.65,1621,14.2,64.45,8.3,APPROVE - Not a statistical outlier,
influencer_4371,385370,12107,508,0.47,3.14,2700,12.4,57.63,0.0,APPROVE - Not a statistical outlier,
influencer_4372,2023643,53767,4469,1.55,2.66,759,3.3,4.8500000000000005,0.4,APPROVE - Not a statistical outlier,
influencer_4373,3375659,198698,17557,4.98,5.89,269,23.0,82.72,29.3,APPROVE - Not a statistical outlier,
influencer_4374,3453629,183636,17198,-0.4,5.32,2610,20.4,78.75,16.6,APPROVE - Not a statistical outlier,
influencer_4375,520385,13609,447,4.29,2.62,170,10.2,46.94,0.1,APPROVE - Not a statistical outlier,
influencer_4376,3529880,117153,5191,4.68,3.32,168,11.5,53.73,1.4,APPROVE - Not a statistical outlier,
influencer_4377,1573138,48380,4297,3.19,3.08,2536,5.3,15.27,0.6,APPROVE - Not a statistical outlier,
influencer_4378,2018337,249195,8941,25.29,12.35,99,38.9,96.28999999999999,22.7,MANUAL REVIEW - Top 5% anomaly,Unsupervised flags anomaly; transfer model does not recognize pattern - review
influencer_4379,2324724,134580,2728,3.92,5.79,414,15.1,67.17,0.4,APPROVE - Not a statistical outlier,
influencer_4380,2229531,67366,6040,4.29,3.02,659,5.7,18.01,1.1,APPROVE - Not a statistical outlier,
influencer_4381,1630753,87679,4043,4.89,5.38,2275,5.2,14.57,0.6,APPROVE - Not a statistical outlier,
influencer_4382,227256,4424,235,4.04,1.95,234,14.0,63.849999999999994,0.0,APPROVE - Not a statistical outlier,
influencer_4383,421539,15762,878,1.67,3.74,1779,7.0,26.58,0.0,APPROVE - Not a statistical outlier,
influencer_4384,3374307,37785,3319,3.13,1.12,597,10.5,48.67,2.0,APPROVE - Not a statistical outlier,
influencer_4385,551242,101054,4752,45.41,18.33,1011,36.8,94.99,39.3,"CAUTION - Top 15% anomaly, monitor 2-4 weeks",
influencer_4386,3498831,136614,12484,1.12,3.9,834,7.9,32.82,0.6,APPROVE - Not a statistical outlier,
influencer_4387,2849439,367355,25477,10.87,12.89,1740,27.2,87.83,29.7,"CAUTION - Top 15% anomaly, monitor 2-4 weeks",
influencer_4388,4721553,59425,3695,3.62,1.26,2936,15.0,66.92,0.0,APPROVE - Not a statistical outlier,
influencer_4389,2523919,51871,2388,2.82,2.06,911,2.9,3.34,0.0,APPROVE - Not a statistical outlier,
influencer_4390,2022835,27746,1095,3.96,1.37,2065,5.9,19.36,0.0,APPROVE - Not a statistical outlier,
influencer_4391,800687,19573,1368,0.06,2.44,1003,7.9,32.82,0.0,APPROVE - Not a statistical outlier,
influencer_4392,3850091,159285,8880,1.24,4.14,669,7.1,27.279999999999998,0.4,APPROVE - Not a statistical outlier,
influencer_4393,3532674,135334,12564,0.88,3.83,1484,7.7,31.240000000000002,0.9,APPROVE - Not a statistical outlier,
influencer_4394,2421872,98346,5834,0.16,4.06,354,12.5,58.040000000000006,0.2,APPROVE - Not a statistical outlier,
influencer_4395,2928503,562669,34291,49.01,19.21,471,43.5,98.05,40.6,MANUAL REVIEW - Top 5% anomaly,
influencer_4396,4932767,92919,4956,16.91,1.88,833,26.7,87.37,33.2,"CAUTION - Top 15% anomaly, monitor 2-4 weeks",
influencer_4397,351679,7816,649,2.23,2.22,2365,8.8,38.690000000000005,0.0,APPROVE - Not a statistical outlier,
influencer_4398,4825574,81325,4390,0.72,1.69,255,16.3,70.39,0.5,APPROVE - Not a statistical outlier,
influencer_4399,2427105,127310,5289,1.12,5.25,1117,5.9,19.36,0.6,APPROVE - Not a statistical outlier,
influencer_4400,4812671,196472,17478,2.68,4.08,996,12.3,57.16,0.6,APPROVE - Not a statistical outlier,
influencer_4401,1105381,21362,1447,1.12,1.93,589,4.6,11.16,0.0,APPROVE - Not a statistical outlier,
influencer_4402,2017328,38047,2561,2.23,1.89,743,3.7,6.710000000000001,1.0,APPROVE - Not a statistical outlier,
influencer_4403,4433787,237880,16381,0.64,5.37,527,20.4,78.75,0.9,APPROVE - Not a statistical outlier,
influencer_4404,271146,12780,990,1.08,4.71,2926,16.4,70.67999999999999,0.7,APPROVE - Not a statistical outlier,
influencer_4405,4302828,34964,1574,33.49,0.81,2137,23.4,83.19,22.7,APPROVE - Not a statistical outlier,
influencer_4406,545026,16537,375,2.51,3.03,286,10.6,49.38,0.1,APPROVE - Not a statistical outlier,
influencer_4407,3943863,670743,56910,27.82,17.01,606,43.0,97.88,39.6,MANUAL REVIEW - Top 5% anomaly,
influencer_4408,4309080,254117,7702,4.84,5.9,2316,14.4,64.98,0.2,APPROVE - Not a statistical outlier,
influencer_4409,4375798,218185,16962,-0.7,4.99,67,37.8,95.63000000000001,2.6,MANUAL REVIEW - Top 5% anomaly,Unsupervised flags anomaly; transfer model does not recognize pattern - review
influencer_4410,4473089,112225,2983,-0.5,2.51,2102,12.0,56.11000000000001,0.2,APPROVE - Not a statistical outlier,
influencer_4411,1391254,72871,3645,3.21,5.24,439,4.1,8.7,0.6,APPROVE - Not a statistical outlier,
influencer_4412,269449,12919,323,3.25,4.79,490,11.6,54.290000000000006,0.1,APPROVE - Not a statistical outlier,
influencer_4413,2851774,70878,4378,-0.89,2.49,1470,3.3,4.8500000000000005,0.2,APPROVE - Not a statistical outlier,
influencer_4414,4431675,138833,10030,2.86,3.13,2434,7.2,27.93,0.9,APPROVE - Not a statistical outlier,
influencer_4415,4176318,80593,2717,-0.8,1.93,412,13.3,61.56,0.2,APPROVE - Not a statistical outlier,
influencer_4416,647275,10066,500,4.76,1.56,1862,8.7,38.05,0.0,APPROVE - Not a statistical outlier,
influencer_4417,125591,5794,547,3.18,4.61,598,14.2,64.45,12.8,APPROVE - Not a statistical outlier,
influencer_4418,640104,14962,828,0.12,2.34,1101,9.4,42.6,0.0,APPROVE - Not a statistical outlier,
influencer_4419,2599133,132563,11162,-0.05,5.1,462,21.2,80.01,8.6,APPROVE - Not a statistical outlier,
influencer_4420,4969024,297050,27974,2.42,5.98,85,48.3,99.14,39.0,"REJECT - Top 1% anomaly, escalate for manual audit",
influencer_4421,4462213,61716,6044,2.8,1.38,2654,16.6,71.17,1.4,APPROVE - Not a statistical outlier,
influencer_4422,3298154,58081,5335,25.97,1.76,2345,18.7,75.73,21.0,APPROVE - Not a statistical outlier,
influencer_4423,1335649,66920,3037,4.42,5.01,2146,3.5,5.62,0.6,APPROVE - Not a statistical outlier,
influencer_4424,1209468,59805,5801,1.36,4.94,1781,11.4,53.1,18.9,APPROVE - Not a statistical outlier,
influencer_4425,1161152,55735,4737,4.06,4.8,2077,5.3,15.27,2.6,APPROVE - Not a statistical outlier,
influencer_4426,3742104,102719,8933,2.25,2.74,931,4.2,9.19,0.2,APPROVE - Not a statistical outlier,
influencer_4427,984667,32191,682,1.82,3.27,1654,8.4,36.04,0.0,APPROVE - Not a statistical outlier,
influencer_4428,3224253,128158,12346,3.19,3.97,2870,13.6,62.64999999999999,0.9,APPROVE - Not a statistical outlier,
influencer_4429,2366885,138929,11426,-0.38,5.87,286,24.4,84.58,21.6,APPROVE - Not a statistical outlier,
influencer_4430,881096,23240,1892,0.59,2.64,701,6.8,25.019999999999996,0.2,APPROVE - Not a statistical outlier,
influencer_4431,3591437,201685,5349,3.9,5.62,519,12.6,58.4,0.6,APPROVE - Not a statistical outlier,
influencer_4432,2202340,51684,1995,2.02,2.35,2823,5.4,16.0,0.0,APPROVE - Not a statistical outlier,
influencer_4433,2715766,161462,15658,4.45,5.95,2126,18.7,75.73,30.9,APPROVE - Not a statistical outlier,
influencer_4434,2925537,241672,14513,14.23,8.26,1712,18.6,75.48,18.3,APPROVE - Not a statistical outlier,
influencer_4435,4785377,158757,8228,0.88,3.32,345,15.5,68.24,0.2,APPROVE - Not a statistical outlier,
influencer_4436,1593173,64793,5649,1.13,4.07,2490,7.7,31.240000000000002,0.9,APPROVE - Not a statistical outlier,
influencer_4437,1628059,38465,1038,1.54,2.36,463,6.6,23.56,0.0,APPROVE - Not a statistical outlier,
influencer_4438,1075477,25498,1360,4.92,2.37,1055,3.7,6.710000000000001,0.1,APPROVE - Not a statistical outlier,
influencer_4439,1474300,72900,3649,25.66,4.94,2005,10.9,50.92,14.3,APPROVE - Not a statistical outlier,
influencer_4440,298584,4688,224,2.11,1.57,2009,10.6,49.38,0.0,APPROVE - Not a statistical outlier,
influencer_4441,1406802,267957,11955,13.16,19.05,1419,35.8,94.27,30.3,"CAUTION - Top 15% anomaly, monitor 2-4 weeks",
influencer_4442,893015,100990,3717,41.99,11.31,449,28.8,89.18,27.6,"CAUTION - Top 15% anomaly, monitor 2-4 weeks",
influencer_4443,4776275,192954,6528,2.11,4.04,1626,8.3,35.29,0.2,APPROVE - Not a statistical outlier,
influencer_4444,2484502,37588,2677,2.63,1.51,1614,4.8,12.17,1.0,APPROVE - Not a statistical outlier,
influencer_4445,1969067,103596,9691,3.52,5.26,873,9.7,44.29,24.8,APPROVE - Not a statistical outlier,
influencer_4446,1652348,231768,14070,31.95,14.03,1497,23.3,83.06,32.7,APPROVE - Not a statistical outlier,
influencer_4447,2872259,166713,7308,4.78,5.8,2993,13.4,61.89,0.9,APPROVE - Not a statistical outlier,
influencer_4448,855741,37232,1218,4.08,4.35,463,6.4,22.189999999999998,0.1,APPROVE - Not a statistical outlier,
influencer_4449,3353214,62902,5435,1.33,1.88,2720,8.8,38.690000000000005,1.6,APPROVE - Not a statistical outlier,
influencer_4450,2024615,68207,6665,3.37,3.37,1608,6.0,19.939999999999998,1.6,APPROVE - Not a statistical outlier,
influencer_4451,3011087,127745,6123,3.57,4.24,2134,2.8,2.96,0.6,APPROVE - Not a statistical outlier,
influencer_4452,4645081,53015,2294,4.1,1.14,993,12.8,59.24,0.8,APPROVE - Not a statistical outlier,
influencer_4453,142449,6780,461,48.81,4.76,1006,23.8,83.78999999999999,39.7,APPROVE - Not a statistical outlier,
influencer_4454,2676032,200386,16436,13.34,7.49,75,38.9,96.28999999999999,36.7,MANUAL REVIEW - Top 5% anomaly,
influencer_4455,4491224,136142,7682,19.87,3.03,1223,19.7,77.55,20.3,APPROVE - Not a statistical outlier,
influencer_4456,3019439,95044,6691,-0.31,3.15,446,10.7,49.99,0.6,APPROVE - Not a statistical outlier,
influencer_4457,1629662,56014,4331,3.66,3.44,877,2.3,1.59,1.4,APPROVE - Not a statistical outlier,
influencer_4458,136370,2304,223,3.88,1.69,2216,17.8,74.05000000000001,0.0,APPROVE - Not a statistical outlier,
influencer_4459,857636,37452,1243,2.55,4.37,276,7.7,31.240000000000002,0.5,APPROVE - Not a statistical outlier,
influencer_4460,2970791,118257,11800,2.49,3.98,259,18.4,75.07000000000001,3.0,APPROVE - Not a statistical outlier,
influencer_4461,4033516,99721,5122,3.5,2.47,821,4.7,11.61,0.0,APPROVE - Not a statistical outlier,
influencer_4462,4643681,49608,3862,4.44,1.07,666,14.8,66.38,1.2,APPROVE - Not a statistical outlier,
influencer_4463,2945236,363447,23912,49.8,12.34,2451,32.2,91.64999999999999,31.3,"CAUTION - Top 15% anomaly, monitor 2-4 weeks",
influencer_4464,4687134,138667,8172,-0.31,2.96,767,12.5,58.040000000000006,0.2,APPROVE - Not a statistical outlier,
influencer_4465,917004,16229,1230,4.03,1.77,1118,5.5,16.68,0.0,APPROVE - Not a statistical outlier,
influencer_4466,1594786,45995,2376,1.05,2.88,117,12.3,57.16,0.4,APPROVE - Not a statistical outlier,
influencer_4467,428244,17733,533,-0.2,4.14,742,16.1,69.86,0.0,APPROVE - Not a statistical outlier,
influencer_4468,4699981,175600,10379,2.69,3.74,1779,6.4,22.189999999999998,0.6,APPROVE - Not a statistical outlier,
influencer_4469,3556912,651354,40223,25.23,18.31,1257,36.3,94.72,34.0,"CAUTION - Top 15% anomaly, monitor 2-4 weeks",
influencer_4470,4714199,847406,30635,43.03,17.98,1966,43.5,98.05,30.0,MANUAL REVIEW - Top 5% anomaly,
influencer_4471,1276393,247908,23513,17.06,19.42,1435,43.5,98.05,32.0,MANUAL REVIEW - Top 5% anomaly,
influencer_4472,2515368,336601,12857,15.55,13.38,630,24.2,84.31,25.6,APPROVE - Not a statistical outlier,
influencer_4473,2090319,99626,5254,-0.92,4.77,1529,5.9,19.36,0.2,APPROVE - Not a statistical outlier,
influencer_4474,2210821,83281,2697,0.94,3.77,2616,7.3,28.63,0.2,APPROVE - Not a statistical outlier,
influencer_4475,793330,22304,1402,-0.94,2.81,243,8.8,38.690000000000005,0.0,APPROVE - Not a statistical outlier,
influencer_4476,4475843,126454,5641,2.26,2.83,2151,6.3,21.55,0.6,APPROVE - Not a statistical outlier,
influencer_4477,1743955,94122,5566,1.27,5.4,2138,6.9,25.8,0.6,APPROVE - Not a statistical outlier,
influencer_4478,267150,3195,121,3.88,1.2,727,14.6,65.66,0.0,APPROVE - Not a statistical outlier,
influencer_4479,2787905,165599,4024,3.79,5.94,1272,9.7,44.29,0.2,APPROVE - Not a statistical outlier,
influencer_4480,1846964,79823,6572,1.61,4.32,2089,4.1,8.7,0.6,APPROVE - Not a statistical outlier,
influencer_4481,490415,21606,1540,0.3,4.41,2891,13.8,63.29,0.0,APPROVE - Not a statistical outlier,
influencer_4482,3045287,36238,1712,1.53,1.19,2109,7.3,28.63,0.1,APPROVE - Not a statistical outlier,
influencer_4483,3504548,141150,3359,2.85,4.03,1213,7.2,27.93,0.6,APPROVE - Not a statistical outlier,
influencer_4484,647012,22152,1976,0.14,3.42,1030,12.4,57.63,0.4,APPROVE - Not a statistical outlier,
influencer_4485,1636765,25024,840,3.64,1.53,266,11.7,54.76,0.3,APPROVE - Not a statistical outlier,
influencer_4486,4920161,117572,11105,0.98,2.39,1234,12.3,57.16,0.2,APPROVE - Not a statistical outlier,
influencer_4487,2586181,140987,8217,4.59,5.45,2635,7.3,28.63,0.9,APPROVE - Not a statistical outlier,
influencer_4488,2270798,85153,4021,2.07,3.75,1511,1.7,0.49,0.2,APPROVE - Not a statistical outlier,
influencer_4489,4182726,128287,10178,4.08,3.07,1133,4.9,12.86,0.0,APPROVE - Not a statistical outlier,
influencer_4490,3440289,46905,4228,2.7,1.36,676,8.4,36.04,0.0,APPROVE - Not a statistical outlier,
influencer_4491,2006534,91710,4554,2.33,4.57,2897,8.2,34.74,0.2,APPROVE - Not a statistical outlier,
influencer_4492,133659,6033,317,3.09,4.51,502,9.3,42.01,0.1,APPROVE - Not a statistical outlier,
influencer_4493,2599475,105804,5782,3.87,4.07,141,10.7,49.99,1.0,APPROVE - Not a statistical outlier,
influencer_4494,640872,22759,2134,2.87,3.55,1875,7.6,30.54,2.3,APPROVE - Not a statistical outlier,
influencer_4495,3856798,122218,9215,3.78,3.17,1684,3.6,6.12,0.6,APPROVE - Not a statistical outlier,
influencer_4496,4942412,196033,7804,0.14,3.97,412,24.3,84.43,0.2,APPROVE - Not a statistical outlier,
influencer_4497,2960470,64152,2232,0.67,2.17,46,26.3,87.01,7.4,"CAUTION - Top 15% anomaly, monitor 2-4 weeks",
influencer_4498,937320,53486,2055,0.38,5.71,522,17.6,73.71,0.3,APPROVE - Not a statistical outlier,
influencer_4499,3887912,153338,6299,3.79,3.94,1926,4.2,9.19,0.2,APPROVE - Not a statistical outlier,
influencer_4500,4462902,114070,4381,-0.48,2.56,1539,9.2,41.25,0.2,APPROVE - Not a statistical outlier,
influencer_4501,1648824,53560,3892,3.78,3.25,146,10.6,49.38,0.6,APPROVE - Not a statistical outlier,
influencer_4502,1151997,57927,1695,1.33,5.03,1608,6.8,25.019999999999996,0.0,APPROVE - Not a statistical outlier,
influencer_4503,3384973,61203,3120,-0.52,1.81,909,6.2,20.919999999999998,0.2,APPROVE - Not a statistical outlier,
influencer_4504,4126903,101694,7119,1.55,2.46,2192,4.1,8.7,0.6,APPROVE - Not a statistical outlier,
influencer_4505,433829,19077,825,0.8,4.4,1848,9.5,43.15,0.0,APPROVE - Not a statistical outlier,
influencer_4506,4412054,113718,2868,2.55,2.58,1602,9.0,39.94,0.2,APPROVE - Not a statistical outlier,
influencer_4507,4315896,214176,5685,1.84,4.96,2891,15.5,68.24,0.2,APPROVE - Not a statistical outlier,
influencer_4508,235000,3882,116,0.78,1.65,1678,13.4,61.89,0.0,APPROVE - Not a statistical outlier,
influencer_4509,2878429,138551,12035,4.17,4.81,673,6.7,24.240000000000002,11.3,APPROVE - Not a statistical outlier,
influencer_4510,323137,6638,482,30.56,2.05,1389,16.1,69.86,24.1,APPROVE - Not a statistical outlier,
influencer_4511,3024504,32149,808,1.82,1.06,365,17.7,73.9,0.0,APPROVE - Not a statistical outlier,
influencer_4512,2606221,143110,7339,4.08,5.49,2999,11.4,53.1,0.9,APPROVE - Not a statistical outlier,
influencer_4513,3921367,153195,6478,-0.47,3.91,176,24.1,84.19,0.6,APPROVE - Not a statistical outlier,
influencer_4514,3364244,92824,6148,1.34,2.76,151,11.3,52.52,1.0,APPROVE - Not a statistical outlier,
influencer_4515,4574957,98955,6117,1.42,2.16,110,19.3,76.89,0.5,APPROVE - Not a statistical outlier,
influencer_4516,2301269,93993,5497,1.97,4.08,2762,4.8,12.17,0.6,APPROVE - Not a statistical outlier,
influencer_4517,4432373,157128,7096,-0.36,3.55,2739,13.0,60.160000000000004,0.6,APPROVE - Not a statistical outlier,
influencer_4518,567510,70819,2197,30.68,12.48,2452,28.0,88.47,8.0,"CAUTION - Top 15% anomaly, monitor 2-4 weeks",
influencer_4519,3982383,235600,18704,1.5,5.92,2140,15.7,68.76,15.6,APPROVE - Not a statistical outlier,
influencer_4520,1291894,53938,4875,-0.8,4.18,533,9.0,39.94,1.1,APPROVE - Not a statistical outlier,
influencer_4521,709092,54590,5215,28.93,7.7,697,23.8,83.78999999999999,43.8,APPROVE - Not a statistical outlier,
influencer_4522,1098996,37978,937,0.21,3.46,2526,13.1,60.69,0.3,APPROVE - Not a statistical outlier,
influencer_4523,600792,103665,8209,37.56,17.25,2945,39.4,96.49,31.7,MANUAL REVIEW - Top 5% anomaly,
influencer_4524,1576326,23768,1856,-0.93,1.51,1474,5.9,19.36,0.0,APPROVE - Not a statistical outlier,
influencer_4525,2369756,169651,16247,25.63,7.16,1375,21.4,80.36,34.0,APPROVE - Not a statistical outlier,
influencer_4526,4818911,66325,2668,4.13,1.38,2757,15.4,67.97,0.0,APPROVE - Not a statistical outlier,
influencer_4527,3927690,53683,4261,3.24,1.37,1219,6.7,24.240000000000002,0.0,APPROVE - Not a statistical outlier,
influencer_4528,4859939,897737,21877,19.72,18.47,1650,47.2,98.96000000000001,18.3,MANUAL REVIEW - Top 5% anomaly,Unsupervised flags anomaly; transfer model does not recognize pattern - review
influencer_4529,669629,22943,1617,2.86,3.43,2010,3.7,6.710000000000001,0.0,APPROVE - Not a statistical outlier,
influencer_4530,1703457,83876,4031,2.04,4.92,1702,2.6,2.31,0.6,APPROVE - Not a statistical outlier,
influencer_4531,1172248,40178,3275,0.31,3.43,2538,8.6,37.35,0.9,APPROVE - Not a statistical outlier,
influencer_4532,3605886,96543,8598,0.68,2.68,488,8.7,38.05,0.2,APPROVE - Not a statistical outlier,
influencer_4533,1384640,19547,961,0.91,1.41,1242,5.2,14.57,0.0,APPROVE - Not a statistical outlier,
influencer_4534,514953,19318,1198,-0.77,3.75,493,9.3,42.01,0.0,APPROVE - Not a statistical outlier,
influencer_4535,4239340,99893,2936,4.48,2.36,941,8.1,34.22,0.0,APPROVE - Not a statistical outlier,
influencer_4536,4564653,185994,9923,4.4,4.07,2456,8.7,38.05,0.2,APPROVE - Not a statistical outlier,
influencer_4537,686503,40407,1974,-0.35,5.89,1055,17.1,72.35000000000001,0.0,APPROVE - Not a statistical outlier,
influencer_4538,423641,6594,228,2.34,1.56,2441,12.1,56.44,0.0,APPROVE - Not a statistical outlier,
influencer_4539,1924217,39650,3630,1.81,2.06,101,16.3,70.39,0.2,APPROVE - Not a statistical outlier,
influencer_4540,338283,11384,362,3.1,3.37,1480,7.0,26.58,0.0,APPROVE - Not a statistical outlier,
influencer_4541,1579232,92275,6538,2.62,5.84,2715,9.8,44.83,7.6,APPROVE - Not a statistical outlier,
influencer_4542,4778421,232185,21177,-0.25,4.86,1223,24.6,84.93,10.9,APPROVE - Not a statistical outlier,
influencer_4543,392180,21535,2001,2.96,5.49,1878,14.2,64.45,20.0,APPROVE - Not a statistical outlier,
influencer_4544,3700243,98743,8241,2.65,2.67,2414,4.7,11.61,0.9,APPROVE - Not a statistical outlier,
influencer_4545,4829022,287819,9812,2.19,5.96,2052,17.3,73.00999999999999,0.2,APPROVE - Not a statistical outlier,
influencer_4546,2498934,41758,3565,21.21,1.67,2272,22.4,81.78999999999999,21.0,APPROVE - Not a statistical outlier,
influencer_4547,579110,7324,308,4.73,1.26,1041,9.9,45.440000000000005,0.3,APPROVE - Not a statistical outlier,
influencer_4548,4219346,222697,20887,4.1,5.28,682,17.5,73.49,25.0,APPROVE - Not a statistical outlier,
influencer_4549,4603606,259474,19908,2.51,5.64,1328,17.0,72.11,9.2,APPROVE - Not a statistical outlier,
influencer_4550,2711864,39401,3263,-0.96,1.45,36,31.4,91.3,7.2,"CAUTION - Top 15% anomaly, monitor 2-4 weeks",
influencer_4551,4942714,601092,16110,27.36,12.16,934,33.8,92.86,9.0,"CAUTION - Top 15% anomaly, monitor 2-4 weeks",
influencer_4552,4344699,50653,3374,3.2,1.17,2058,8.7,38.05,0.0,APPROVE - Not a statistical outlier,
influencer_4553,3711879,56514,4842,-0.3,1.52,2643,12.6,58.4,0.2,APPROVE - Not a statistical outlier,
influencer_4554,3136609,514894,45788,47.58,16.42,645,45.3,98.64,40.0,MANUAL REVIEW - Top 5% anomaly,
influencer_4555,936783,54805,1221,0.15,5.85,1903,27.5,88.11,0.0,"CAUTION - Top 15% anomaly, monitor 2-4 weeks",
influencer_4556,2160932,93769,8920,1.03,4.34,2650,12.7,58.809999999999995,7.6,APPROVE - Not a statistical outlier,
influencer_4557,2907492,142256,3338,-0.84,4.89,2676,13.6,62.64999999999999,0.2,APPROVE - Not a statistical outlier,
influencer_4558,1766520,86218,5962,-0.24,4.88,799,10.2,46.94,0.9,APPROVE - Not a statistical outlier,
influencer_4559,3535150,239084,18043,40.4,6.76,2319,23.4,83.19,32.0,APPROVE - Not a statistical outlier,
influencer_4560,1742888,197924,5658,40.63,11.36,1596,24.2,84.31,9.7,APPROVE - Not a statistical outlier,
influencer_4561,3247434,129216,3080,1.94,3.98,1515,6.7,24.240000000000002,0.2,APPROVE - Not a statistical outlier,
influencer_4562,123019,3164,261,1.72,2.57,1470,9.2,41.25,0.0,APPROVE - Not a statistical outlier,
influencer_4563,4567156,885620,44966,25.55,19.39,795,48.0,99.06,40.0,"REJECT - Top 1% anomaly, escalate for manual audit",
influencer_4564,1766317,64780,1850,0.61,3.67,413,9.0,39.94,0.2,APPROVE - Not a statistical outlier,
influencer_4565,180001,9211,746,-0.43,5.12,2468,18.4,75.07000000000001,6.0,APPROVE - Not a statistical outlier,
influencer_4566,2893927,440794,38760,41.23,15.23,2973,41.4,97.32,31.0,MANUAL REVIEW - Top 5% anomaly,
influencer_4567,3246988,99202,6645,3.75,3.06,717,4.0,8.24,0.4,APPROVE - Not a statistical outlier,
influencer_4568,685494,33019,1086,3.06,4.82,1179,6.0,19.939999999999998,0.0,APPROVE - Not a statistical outlier,
influencer_4569,3128022,46883,994,-0.45,1.5,76,26.7,87.37,0.0,"CAUTION - Top 15% anomaly, monitor 2-4 weeks",
influencer_4570,3849189,692248,52655,12.44,17.98,2002,41.6,97.41,29.3,MANUAL REVIEW - Top 5% anomaly,Unsupervised flags anomaly; transfer model does not recognize pattern - review
influencer_4571,594731,16991,1087,4.59,2.86,2696,8.0,33.550000000000004,0.0,APPROVE - Not a statistical outlier,
influencer_4572,2417826,28940,2085,-0.73,1.2,493,8.3,35.29,1.5,APPROVE - Not a statistical outlier,
influencer_4573,4855491,136741,11630,2.7,2.82,1902,9.5,43.15,0.9,APPROVE - Not a statistical outlier,
influencer_4574,4291447,173941,9521,1.27,4.05,152,19.2,76.74,0.7,APPROVE - Not a statistical outlier,
influencer_4575,3864741,61690,1848,2.01,1.6,2211,9.2,41.25,0.1,APPROVE - Not a statistical outlier,
influencer_4576,145771,8192,779,2.17,5.62,1672,20.5,78.92,26.7,APPROVE - Not a statistical outlier,
influencer_4577,1009923,14021,892,3.63,1.39,870,7.0,26.58,0.0,APPROVE - Not a statistical outlier,
influencer_4578,2999111,169450,11729,2.34,5.65,1615,7.5,29.880000000000003,0.9,APPROVE - Not a statistical outlier,
influencer_4579,1821908,133235,12613,44.74,7.31,2926,32.4,91.75,35.7,"CAUTION - Top 15% anomaly, monitor 2-4 weeks",
influencer_4580,4855977,128613,12157,1.0,2.65,2684,17.0,72.11,1.2,APPROVE - Not a statistical outlier,
influencer_4581,1718534,141480,9304,18.42,8.23,1833,16.1,69.86,26.0,APPROVE - Not a statistical outlier,
influencer_4582,112362,5285,231,3.1,4.7,52,12.6,58.4,7.5,APPROVE - Not a statistical outlier,
influencer_4583,3917533,156989,15662,-1.0,4.01,595,16.8,71.58,1.9,APPROVE - Not a statistical outlier,
influencer_4584,2037503,88798,6612,0.97,4.36,1939,4.3,9.62,0.6,APPROVE - Not a statistical outlier,
influencer_4585,4371602,128779,6783,0.31,2.95,2843,12.9,59.67,0.6,APPROVE - Not a statistical outlier,
influencer_4586,2681990,205309,13301,36.85,7.66,994,18.0,74.45,41.1,APPROVE - Not a statistical outlier,
influencer_4587,4668592,277750,14794,0.87,5.95,2312,18.0,74.45,0.6,APPROVE - Not a statistical outlier,
influencer_4588,2363854,48922,4455,3.23,2.07,1025,3.7,6.710000000000001,0.0,APPROVE - Not a statistical outlier,
influencer_4589,2410409,74464,4363,0.56,3.09,1217,4.0,8.24,0.2,APPROVE - Not a statistical outlier,
influencer_4590,3051999,75052,6445,2.36,2.46,1824,3.6,6.12,1.2,APPROVE - Not a statistical outlier,
influencer_4591,1740122,83970,7323,1.73,4.83,855,7.1,27.279999999999998,11.4,APPROVE - Not a statistical outlier,
influencer_4592,3052622,147138,12646,3.81,4.82,245,15.8,69.04,12.0,APPROVE - Not a statistical outlier,
influencer_4593,2787281,68629,5337,1.57,2.46,686,3.3,4.8500000000000005,0.9,APPROVE - Not a statistical outlier,
influencer_4594,776292,10922,965,4.18,1.41,1143,9.6,43.75,0.3,APPROVE - Not a statistical outlier,
influencer_4595,3928352,41529,2117,-1.0,1.06,2017,11.1,51.6,0.0,APPROVE - Not a statistical outlier,
influencer_4596,2334647,73243,2136,2.63,3.14,340,6.7,24.240000000000002,0.2,APPROVE - Not a statistical outlier,
influencer_4597,3724234,113652,9932,-0.94,3.05,586,8.7,38.05,0.6,APPROVE - Not a statistical outlier,
influencer_4598,1911217,113563,6797,3.28,5.94,2334,6.1,20.380000000000003,0.6,APPROVE - Not a statistical outlier,
influencer_4599,1601741,53642,1619,0.41,3.35,2610,8.8,38.690000000000005,0.0,APPROVE - Not a statistical outlier,
influencer_4600,190073,4337,126,1.28,2.28,1586,10.7,49.99,0.0,APPROVE - Not a statistical outlier,
influencer_4601,360281,19657,643,1.28,5.46,81,20.1,78.18,0.1,APPROVE - Not a statistical outlier,
influencer_4602,3108548,107410,8601,4.08,3.46,1391,3.7,6.710000000000001,0.9,APPROVE - Not a statistical outlier,
influencer_4603,4415011,722732,55555,36.65,16.37,1224,40.6,97.0,34.6,MANUAL REVIEW - Top 5% anomaly,
influencer_4604,2339401,34584,1255,3.0,1.48,1678,6.2,20.919999999999998,0.0,APPROVE - Not a statistical outlier,
influencer_4605,1086610,31670,2779,4.89,2.91,2377,6.3,21.55,2.4,APPROVE - Not a statistical outlier,
influencer_4606,4366693,380909,16189,49.05,8.72,701,29.6,89.92,27.8,"CAUTION - Top 15% anomaly, monitor 2-4 weeks",
influencer_4607,3859884,424309,35403,28.25,10.99,807,30.7,90.83,40.3,"CAUTION - Top 15% anomaly, monitor 2-4 weeks",
influencer_4608,1060165,28863,1705,-0.89,2.72,861,5.8,18.7,0.2,APPROVE - Not a statistical outlier,
influencer_4609,3934817,74296,5834,25.76,1.89,2309,17.4,73.3,20.6,APPROVE - Not a statistical outlier,
influencer_4610,3507172,194720,9835,4.77,5.55,1890,5.4,16.0,0.2,APPROVE - Not a statistical outlier,
influencer_4611,826963,19598,936,4.96,2.37,1559,4.9,12.86,0.0,APPROVE - Not a statistical outlier,
influencer_4612,577515,20360,1777,1.75,3.53,2105,7.5,29.880000000000003,0.0,APPROVE - Not a statistical outlier,
influencer_4613,2363460,136925,3125,4.2,5.79,2002,9.7,44.29,0.6,APPROVE - Not a statistical outlier,
influencer_4614,4288382,79848,7823,-0.27,1.86,1104,14.0,63.849999999999994,0.6,APPROVE - Not a statistical outlier,
influencer_4615,2051053,94313,6776,1.55,4.6,1746,3.3,4.8500000000000005,0.6,APPROVE - Not a statistical outlier,
influencer_4616,760401,30966,1690,0.85,4.07,1313,5.4,16.0,0.0,APPROVE - Not a statistical outlier,
influencer_4617,1986681,237397,16675,45.48,11.95,620,29.0,89.41,42.8,"CAUTION - Top 15% anomaly, monitor 2-4 weeks",
influencer_4618,2562913,398926,11895,46.33,15.57,2862,37.3,95.37,19.7,MANUAL REVIEW - Top 5% anomaly,Unsupervised flags anomaly; transfer model does not recognize pattern - review
influencer_4619,1820231,46768,2858,-0.48,2.57,2697,6.6,23.56,0.6,APPROVE - Not a statistical outlier,
influencer_4620,4068784,416525,41155,47.11,10.24,2016,38.8,96.22,32.7,MANUAL REVIEW - Top 5% anomaly,
influencer_4621,3336379,484898,18824,12.19,14.53,2663,32.2,91.64999999999999,28.0,"CAUTION - Top 15% anomaly, monitor 2-4 weeks",
influencer_4622,1550317,48033,3736,4.24,3.1,1031,2.5,2.02,0.3,APPROVE - Not a statistical outlier,
influencer_4623,4263511,82749,4534,3.98,1.94,2261,6.5,22.900000000000002,0.0,APPROVE - Not a statistical outlier,
influencer_4624,889698,9266,668,3.6,1.04,1076,9.3,42.01,0.2,APPROVE - Not a statistical outlier,
influencer_4625,3487142,282070,10264,43.43,8.09,2206,23.8,83.78999999999999,14.0,APPROVE - Not a statistical outlier,
influencer_4626,2209578,69789,4022,2.1,3.16,2368,1.7,0.49,0.2,APPROVE - Not a statistical outlier,
influencer_4627,1560657,91247,8979,0.97,5.85,1885,19.7,77.55,27.9,APPROVE - Not a statistical outlier,
influencer_4628,2232946,37996,1353,-0.32,1.7,530,10.1,46.379999999999995,0.0,APPROVE - Not a statistical outlier,
influencer_4629,3881323,152801,10835,1.06,3.94,2263,5.8,18.7,0.2,APPROVE - Not a statistical outlier,
influencer_4630,546726,10961,723,2.87,2.0,508,7.4,29.270000000000003,0.0,APPROVE - Not a statistical outlier,
influencer_4631,2681259,132732,8654,0.38,4.95,1624,7.5,29.880000000000003,0.2,APPROVE - Not a statistical outlier,
influencer_4632,443244,21801,1508,1.67,4.92,2569,9.2,41.25,0.4,APPROVE - Not a statistical outlier,
influencer_4633,491999,26891,1618,26.25,5.47,542,16.1,69.86,21.4,APPROVE - Not a statistical outlier,
influencer_4634,3190189,502287,10726,33.62,15.74,2544,34.7,93.56,7.0,"CAUTION - Top 15% anomaly, monitor 2-4 weeks",
influencer_4635,4813066,94968,8737,2.77,1.97,2362,13.5,62.239999999999995,0.7,APPROVE - Not a statistical outlier,
influencer_4636,408407,59984,5168,25.15,14.69,630,32.5,91.85,41.3,"CAUTION - Top 15% anomaly, monitor 2-4 weeks",
influencer_4637,872158,51702,1754,4.8,5.93,1470,7.5,29.880000000000003,0.0,APPROVE - Not a statistical outlier,
influencer_4638,1304306,70588,3745,0.79,5.41,1153,7.5,29.880000000000003,0.6,APPROVE - Not a statistical outlier,
influencer_4639,421602,24380,1990,1.51,5.78,218,16.8,71.58,21.9,APPROVE - Not a statistical outlier,
influencer_4640,3833809,156910,15440,41.16,4.09,1018,23.8,83.78999999999999,40.6,APPROVE - Not a statistical outlier,
influencer_4641,1628650,322355,30975,16.26,19.79,2967,51.5,99.48,30.3,"REJECT - Top 1% anomaly, escalate for manual audit",
influencer_4642,57635,1119,102,1.45,1.94,1911,13.3,61.56,0.0,APPROVE - Not a statistical outlier,
influencer_4643,2863349,152997,4998,39.12,5.34,417,20.8,79.32000000000001,26.3,APPROVE - Not a statistical outlier,
influencer_4644,2344136,116413,10844,0.51,4.97,2318,13.0,60.160000000000004,15.9,APPROVE - Not a statistical outlier,
influencer_4645,4423888,77452,6992,-0.99,1.75,1835,11.5,53.73,0.9,APPROVE - Not a statistical outlier,
influencer_4646,3565360,153262,7687,-0.34,4.3,2063,8.0,33.550000000000004,0.2,APPROVE - Not a statistical outlier,
influencer_4647,1721444,45065,2323,3.22,2.62,1784,1.9,0.84,0.2,APPROVE - Not a statistical outlier,
influencer_4648,86166,2331,132,3.09,2.71,2494,10.7,49.99,0.0,APPROVE - Not a statistical outlier,
influencer_4649,2474006,128853,9341,22.82,5.21,2253,13.5,62.239999999999995,14.7,APPROVE - Not a statistical outlier,
influencer_4650,3444571,114876,4694,1.84,3.33,416,6.4,22.189999999999998,0.6,APPROVE - Not a statistical outlier,
influencer_4651,3979966,201392,4397,0.78,5.06,1524,14.1,64.12,0.2,APPROVE - Not a statistical outlier,
influencer_4652,3865856,68796,2153,3.39,1.78,882,8.5,36.75,0.2,APPROVE - Not a statistical outlier,
influencer_4653,298883,14793,816,4.05,4.95,2740,11.1,51.6,0.0,APPROVE - Not a statistical outlier,
influencer_4654,4358356,554211,23587,44.49,12.72,481,37.5,95.46,38.2,MANUAL REVIEW - Top 5% anomaly,
influencer_4655,4153567,81836,6641,0.04,1.97,2354,11.3,52.52,0.9,APPROVE - Not a statistical outlier,
influencer_4656,757079,32408,924,3.17,4.28,1788,6.4,22.189999999999998,0.0,APPROVE - Not a statistical outlier,
influencer_4657,3634646,524895,49023,15.71,14.44,242,44.6,98.48,38.6,MANUAL REVIEW - Top 5% anomaly,
influencer_4658,1444401,32692,2995,2.9,2.26,70,18.4,75.07000000000001,1.9,APPROVE - Not a statistical outlier,
influencer_4659,616416,16248,1506,1.11,2.64,1175,7.7,31.240000000000002,0.0,APPROVE - Not a statistical outlier,
influencer_4660,4092373,150828,11940,2.82,3.69,2371,6.4,22.189999999999998,1.2,APPROVE - Not a statistical outlier,
influencer_4661,2259233,46491,1327,3.13,2.06,629,6.7,24.240000000000002,0.1,APPROVE - Not a statistical outlier,
influencer_4662,3012165,152288,8383,1.38,5.06,2054,6.3,21.55,0.2,APPROVE - Not a statistical outlier,
influencer_4663,2733406,133067,4060,-0.38,4.87,2618,13.0,60.160000000000004,0.2,APPROVE - Not a statistical outlier,
influencer_4664,1187430,191492,18960,23.2,16.13,2060,36.9,95.06,31.7,MANUAL REVIEW - Top 5% anomaly,
influencer_4665,4156304,532041,24816,10.47,12.8,1812,31.5,91.35,27.7,"CAUTION - Top 15% anomaly, monitor 2-4 weeks",
influencer_4666,3810395,185723,12411,4.99,4.87,1881,5.7,18.01,0.6,APPROVE - Not a statistical outlier,
influencer_4667,3908297,105002,8647,0.34,2.69,2528,9.5,43.15,0.6,APPROVE - Not a statistical outlier,
influencer_4668,2730737,501628,46977,21.57,18.37,1809,43.1,97.92999999999999,31.7,MANUAL REVIEW - Top 5% anomaly,
influencer_4669,2660786,33288,2677,-0.83,1.25,2867,12.5,58.040000000000006,1.2,APPROVE - Not a statistical outlier,
influencer_4670,1161714,46973,3474,4.82,4.04,2411,4.5,10.66,0.6,APPROVE - Not a statistical outlier,
influencer_4671,313916,5535,317,-0.92,1.76,1934,11.6,54.290000000000006,0.0,APPROVE - Not a statistical outlier,
influencer_4672,4136316,602625,41238,45.65,14.57,2968,41.2,97.25,32.0,MANUAL REVIEW - Top 5% anomaly,
influencer_4673,4235453,117629,3238,-0.54,2.78,2121,10.9,50.92,0.2,APPROVE - Not a statistical outlier,
influencer_4674,349844,8423,764,2.73,2.41,173,12.0,56.11000000000001,0.0,APPROVE - Not a statistical outlier,
influencer_4675,2981342,155162,9853,1.04,5.2,362,12.6,58.4,0.6,APPROVE - Not a statistical outlier,
influencer_4676,3625656,150682,3497,28.38,4.16,1027,17.3,73.00999999999999,25.0,APPROVE - Not a statistical outlier,
influencer_4677,4323751,128979,12071,1.92,2.98,1449,7.7,31.240000000000002,1.2,APPROVE - Not a statistical outlier,
influencer_4678,2559845,6191,366,38.19,0.24,84,58.9,99.7,67.1,"REJECT - Top 1% anomaly, escalate for manual audit",
influencer_4679,1613033,39099,3498,1.09,2.42,1360,4.3,9.62,0.2,APPROVE - Not a statistical outlier,
influencer_4680,2932531,163012,14434,-0.48,5.56,2947,20.9,79.47,15.9,APPROVE - Not a statistical outlier,
influencer_4681,3325024,158092,13478,0.23,4.75,1476,11.3,52.52,1.2,APPROVE - Not a statistical outlier,
influencer_4682,4876217,64347,1603,2.83,1.32,1470,16.2,70.1,0.4,APPROVE - Not a statistical outlier,
influencer_4683,3469282,334825,13314,13.11,9.65,2874,23.9,83.93,5.3,APPROVE - Not a statistical outlier,
influencer_4684,1415474,51473,4634,-0.58,3.64,2402,7.8,32.06,0.6,APPROVE - Not a statistical outlier,
influencer_4685,354039,19487,1791,2.26,5.5,1763,14.8,66.38,18.7,APPROVE - Not a statistical outlier,
influencer_4686,1362425,34942,1979,-0.68,2.56,1724,5.7,18.01,0.0,APPROVE - Not a statistical outlier,
influencer_4687,2291146,88685,4895,2.07,3.87,109,13.2,61.160000000000004,0.6,APPROVE - Not a statistical outlier,
influencer_4688,2958498,103659,3525,4.79,3.5,1014,3.4,5.24,0.7,APPROVE - Not a statistical outlier,
influencer_4689,1570720,54155,5278,0.84,3.45,2635,11.8,55.21,1.2,APPROVE - Not a statistical outlier,
influencer_4690,1128787,79794,2956,32.18,7.07,894,17.2,72.64,19.4,APPROVE - Not a statistical outlier,
influencer_4691,1936657,39278,1385,3.47,2.03,2794,7.5,29.880000000000003,0.1,APPROVE - Not a statistical outlier,
influencer_4692,1983539,94784,6905,1.43,4.78,1617,3.6,6.12,0.6,APPROVE - Not a statistical outlier,
influencer_4693,3572387,116341,4587,2.56,3.26,501,5.4,16.0,0.6,APPROVE - Not a statistical outlier,
influencer_4694,4915150,284714,27076,1.83,5.79,2151,34.4,93.32000000000001,30.2,"CAUTION - Top 15% anomaly, monitor 2-4 weeks",
influencer_4695,1710813,39417,822,0.7,2.3,1606,10.7,49.99,0.0,APPROVE - Not a statistical outlier,
influencer_4696,910210,137415,2811,27.11,15.1,1532,29.7,90.05,6.7,"CAUTION - Top 15% anomaly, monitor 2-4 weeks",
influencer_4697,1953026,111392,6726,3.22,5.7,618,6.0,19.939999999999998,0.4,APPROVE - Not a statistical outlier,
influencer_4698,33766,1457,86,4.4,4.32,1440,12.6,58.4,0.0,APPROVE - Not a statistical outlier,
influencer_4699,4751014,254481,8415,2.71,5.36,1935,12.3,57.16,0.2,APPROVE - Not a statistical outlier,
influencer_4700,4469653,367382,21881,48.99,8.22,593,33.8,92.86,44.8,"CAUTION - Top 15% anomaly, monitor 2-4 weeks",
influencer_4701,4675110,130930,6930,3.28,2.8,496,9.5,43.15,0.6,APPROVE - Not a statistical outlier,
influencer_4702,1461235,58458,5332,2.71,4.0,628,5.3,15.27,1.5,APPROVE - Not a statistical outlier,
influencer_4703,1459316,25994,539,2.7,1.78,1674,10.1,46.379999999999995,0.4,APPROVE - Not a statistical outlier,
influencer_4704,1428197,52523,5152,4.1,3.68,1021,6.1,20.380000000000003,1.6,APPROVE - Not a statistical outlier,
influencer_4705,4129784,88877,6217,4.46,2.15,1962,5.1,13.919999999999998,0.7,APPROVE - Not a statistical outlier,
influencer_4706,4634662,218695,7030,0.08,4.72,2814,23.8,83.78999999999999,0.2,APPROVE - Not a statistical outlier,
influencer_4707,4933048,179577,4263,0.88,3.64,2325,14.6,65.66,0.2,APPROVE - Not a statistical outlier,
influencer_4708,3862460,118042,7442,2.9,3.06,1634,2.8,2.96,0.6,APPROVE - Not a statistical outlier,
influencer_4709,3054380,467076,18118,31.54,15.29,96,49.0,99.28,39.0,"REJECT - Top 1% anomaly, escalate for manual audit",
influencer_4710,312385,18722,825,2.91,5.99,2650,13.4,61.89,0.0,APPROVE - Not a statistical outlier,
influencer_4711,3608323,49020,1941,1.6,1.36,2780,10.5,48.67,0.1,APPROVE - Not a statistical outlier,
influencer_4712,934476,11380,819,1.47,1.22,499,9.2,41.25,0.0,APPROVE - Not a statistical outlier,
influencer_4713,1929854,40262,2588,-0.29,2.09,2570,6.7,24.240000000000002,0.6,APPROVE - Not a statistical outlier,
influencer_4714,810359,47449,1244,2.74,5.86,1754,9.7,44.29,0.0,APPROVE - Not a statistical outlier,
influencer_4715,2213809,130530,8108,0.05,5.9,2740,22.8,82.39999999999999,0.2,APPROVE - Not a statistical outlier,
influencer_4716,2951214,126153,10507,3.03,4.27,2363,5.4,16.0,0.6,APPROVE - Not a statistical outlier,
influencer_4717,2202580,118951,3151,4.8,5.4,1661,6.9,25.8,0.2,APPROVE - Not a statistical outlier,
influencer_4718,1495139,49874,4547,14.56,3.34,2389,22.3,81.64,11.3,APPROVE - Not a statistical outlier,
influencer_4719,3010828,176440,11691,-0.15,5.86,2386,20.4,78.75,0.6,APPROVE - Not a statistical outlier,
influencer_4720,4153092,67434,6477,42.88,1.62,804,26.3,87.01,35.5,"CAUTION - Top 15% anomaly, monitor 2-4 weeks",
influencer_4721,1791146,26967,858,1.27,1.51,1166,6.3,21.55,0.0,APPROVE - Not a statistical outlier,
influencer_4722,70518,1100,109,0.29,1.56,2041,20.0,78.01,0.0,APPROVE - Not a statistical outlier,
influencer_4723,177355,6855,490,1.95,3.87,2533,9.6,43.75,0.0,APPROVE - Not a statistical outlier,
influencer_4724,1917334,94042,6150,2.15,4.9,1516,2.4,1.76,0.6,APPROVE - Not a statistical outlier,
influencer_4725,2765717,78362,4797,1.1,2.83,161,10.2,46.94,0.2,APPROVE - Not a statistical outlier,
influencer_4726,121243,7140,156,3.5,5.89,959,17.2,72.64,0.3,APPROVE - Not a statistical outlier,
influencer_4727,3200039,116993,11134,22.27,3.66,958,19.5,77.2,34.8,APPROVE - Not a statistical outlier,
influencer_4728,1698818,101614,7267,47.44,5.98,2198,17.9,74.22,28.0,APPROVE - Not a statistical outlier,
influencer_4729,2777374,92481,2527,4.02,3.33,1250,4.4,10.09,0.2,APPROVE - Not a statistical outlier,
influencer_4730,2319620,101951,2209,-0.21,4.4,1535,15.8,69.04,0.2,APPROVE - Not a statistical outlier,
influencer_4731,3488379,180039,4332,0.37,5.16,663,18.9,76.14999999999999,1.6,APPROVE - Not a statistical outlier,
influencer_4732,2561837,84382,5801,2.37,3.29,2974,6.3,21.55,1.2,APPROVE - Not a statistical outlier,
influencer_4733,3675942,145862,10082,0.84,3.97,2849,9.9,45.440000000000005,0.2,APPROVE - Not a statistical outlier,
influencer_4734,1085309,214885,12887,47.2,19.8,1092,39.3,96.43,38.6,MANUAL REVIEW - Top 5% anomaly,
influencer_4735,2430151,102785,4578,0.77,4.23,2643,7.1,27.279999999999998,0.2,APPROVE - Not a statistical outlier,
influencer_4736,42743,2534,158,4.43,5.93,2589,16.2,70.1,0.0,APPROVE - Not a statistical outlier,
influencer_4737,171948,2141,131,0.05,1.25,1214,14.6,65.66,0.0,APPROVE - Not a statistical outlier,
influencer_4738,3670021,199379,4297,3.58,5.43,318,18.5,75.26,0.4,APPROVE - Not a statistical outlier,
influencer_4739,502793,19163,816,3.33,3.81,2277,6.2,20.919999999999998,0.0,APPROVE - Not a statistical outlier,
influencer_4740,327284,7398,179,-0.36,2.26,1841,15.0,66.92,0.0,APPROVE - Not a statistical outlier,
influencer_4741,1831314,105748,9730,0.98,5.77,557,17.3,73.00999999999999,27.6,APPROVE - Not a statistical outlier,
influencer_4742,3778341,129097,10071,0.14,3.42,946,9.7,44.29,0.6,APPROVE - Not a statistical outlier,
influencer_4743,269508,7164,714,-0.86,2.66,1738,15.3,67.67,0.3,APPROVE - Not a statistical outlier,
influencer_4744,4586315,405112,17895,11.63,8.83,1436,28.8,89.18,6.3,"CAUTION - Top 15% anomaly, monitor 2-4 weeks",
influencer_4745,4977563,110614,9986,0.21,2.22,1271,16.0,69.55,0.2,APPROVE - Not a statistical outlier,
influencer_4746,1771403,91479,6242,-0.0,5.16,1140,17.6,73.71,0.9,APPROVE - Not a statistical outlier,
influencer_4747,4372272,178041,10014,-0.45,4.07,828,10.2,46.94,0.6,APPROVE - Not a statistical outlier,
influencer_4748,4930426,274438,10375,2.16,5.57,1553,14.6,65.66,0.2,APPROVE - Not a statistical outlier,
influencer_4749,1277485,27591,2181,0.94,2.16,41,21.3,80.19,8.7,APPROVE - Not a statistical outlier,
influencer_4750,507995,23732,2191,45.52,4.67,862,24.2,84.31,47.9,APPROVE - Not a statistical outlier,
influencer_4751,2186454,22530,874,0.12,1.03,2918,13.9,63.580000000000005,0.0,APPROVE - Not a statistical outlier,
influencer_4752,2073723,73395,2497,2.62,3.54,2720,5.3,15.27,0.2,APPROVE - Not a statistical outlier,
influencer_4753,2836743,169964,12865,4.4,5.99,1271,8.4,36.04,14.2,APPROVE - Not a statistical outlier,
influencer_4754,566635,25355,2488,-0.72,4.47,1702,14.9,66.64999999999999,10.2,APPROVE - Not a statistical outlier,
influencer_4755,528409,45026,3601,36.62,8.52,2183,24.7,85.1,31.3,"CAUTION - Top 15% anomaly, monitor 2-4 weeks",
influencer_4756,2181945,428785,18337,48.11,19.65,720,41.2,97.25,39.6,MANUAL REVIEW - Top 5% anomaly,
influencer_4757,1602028,78637,4214,4.57,4.91,557,3.4,5.24,0.9,APPROVE - Not a statistical outlier,
influencer_4758,288635,3108,157,2.98,1.08,1525,13.7,63.0,0.0,APPROVE - Not a statistical outlier,
influencer_4759,584510,29718,2620,1.09,5.08,2923,17.2,72.64,11.9,APPROVE - Not a statistical outlier,
influencer_4760,4723340,304092,24847,31.16,6.44,922,30.1,90.35,43.5,"CAUTION - Top 15% anomaly, monitor 2-4 weeks",
influencer_4761,4779972,83571,5609,2.5,1.75,416,13.6,62.64999999999999,0.7,APPROVE - Not a statistical outlier,
influencer_4762,4946697,936804,39342,15.78,18.94,1279,48.1,99.09,32.3,"REJECT - Top 1% anomaly, escalate for manual audit",
influencer_4763,3112500,104047,9888,3.71,3.34,2558,9.1,40.52,1.2,APPROVE - Not a statistical outlier,
influencer_4764,1694481,52941,3825,3.01,3.12,1807,1.8,0.67,0.2,APPROVE - Not a statistical outlier,
influencer_4765,3062342,74857,7308,-0.97,2.44,437,11.6,54.290000000000006,0.9,APPROVE - Not a statistical outlier,
influencer_4766,601198,18037,1197,33.77,3.0,1706,14.8,66.38,24.0,APPROVE - Not a statistical outlier,
influencer_4767,398891,18655,1598,23.39,4.68,927,16.0,69.55,30.6,APPROVE - Not a statistical outlier,
influencer_4768,3082362,183417,15599,2.87,5.95,740,11.2,52.04,24.7,APPROVE - Not a statistical outlier,
influencer_4769,4695505,229561,10786,1.38,4.89,2716,13.6,62.64999999999999,0.2,APPROVE - Not a statistical outlier,
influencer_4770,3648965,90482,8787,4.29,2.48,1712,7.7,31.240000000000002,0.7,APPROVE - Not a statistical outlier,
influencer_4771,1042566,23187,504,2.91,2.22,2892,12.8,59.24,0.0,APPROVE - Not a statistical outlier,
influencer_4772,3725476,77800,6340,2.48,2.09,947,3.2,4.42,0.4,APPROVE - Not a statistical outlier,
influencer_4773,1620282,27277,2652,4.88,1.68,2280,9.3,42.01,1.0,APPROVE - Not a statistical outlier,
influencer_4774,3435078,677116,31900,17.03,19.71,446,44.0,98.26,39.3,MANUAL REVIEW - Top 5% anomaly,
influencer_4775,3799196,152993,10992,-0.61,4.03,445,11.9,55.67999999999999,0.6,APPROVE - Not a statistical outlier,
influencer_4776,1836295,286346,18606,17.67,15.59,1501,28.8,89.18,32.0,"CAUTION - Top 15% anomaly, monitor 2-4 weeks",
influencer_4777,1071913,47175,3817,1.54,4.4,1565,4.8,12.17,0.2,APPROVE - Not a statistical outlier,
influencer_4778,3298466,81197,7250,1.73,2.46,114,18.0,74.45,0.9,APPROVE - Not a statistical outlier,
influencer_4779,4442971,117807,8039,2.72,2.65,196,14.0,63.849999999999994,0.6,APPROVE - Not a statistical outlier,
influencer_4780,4851825,213847,18235,2.69,4.41,2461,13.8,63.29,0.6,APPROVE - Not a statistical outlier,
influencer_4781,888099,24398,1097,1.35,2.75,2545,5.6,17.31,0.0,APPROVE - Not a statistical outlier,
influencer_4782,3054407,63015,2412,4.18,2.06,1125,4.1,8.7,0.0,APPROVE - Not a statistical outlier,
influencer_4783,4146295,119068,6483,2.91,2.87,839,3.9,7.84,0.5,APPROVE - Not a statistical outlier,
influencer_4784,1418231,33476,2484,4.34,2.36,1574,2.5,2.02,0.7,APPROVE - Not a statistical outlier,
influencer_4785,1532181,22087,772,4.48,1.44,1846,6.7,24.240000000000002,0.0,APPROVE - Not a statistical outlier,
influencer_4786,408974,21065,1567,0.0,5.15,2550,26.5,87.2,0.4,"CAUTION - Top 15% anomaly, monitor 2-4 weeks",
influencer_4787,3605724,643816,33174,43.54,17.86,1022,36.3,94.72,39.0,"CAUTION - Top 15% anomaly, monitor 2-4 weeks",
influencer_4788,4328552,607325,50800,24.01,14.03,1311,37.2,95.3,33.7,MANUAL REVIEW - Top 5% anomaly,
influencer_4789,1152882,15262,350,4.02,1.32,304,13.9,63.580000000000005,0.3,APPROVE - Not a statistical outlier,
influencer_4790,945131,44365,3258,3.4,4.69,1803,3.8,7.33,0.2,APPROVE - Not a statistical outlier,
influencer_4791,2472321,50871,3661,0.19,2.06,2567,7.7,31.240000000000002,0.2,APPROVE - Not a statistical outlier,
influencer_4792,701270,64068,6104,10.4,9.14,1786,31.4,91.3,29.3,"CAUTION - Top 15% anomaly, monitor 2-4 weeks",
influencer_4793,91417,1207,93,3.1,1.32,2403,15.5,68.24,0.0,APPROVE - Not a statistical outlier,
influencer_4794,4623942,98552,8249,4.69,2.13,2606,11.5,53.73,0.7,APPROVE - Not a statistical outlier,
influencer_4795,1061560,52701,4867,0.21,4.96,921,16.8,71.58,20.6,APPROVE - Not a statistical outlier,
influencer_4796,193458,9715,718,4.22,5.02,118,14.5,65.25999999999999,0.5,APPROVE - Not a statistical outlier,
influencer_4797,4719912,96070,4151,3.01,2.04,2563,10.0,45.910000000000004,0.0,APPROVE - Not a statistical outlier,
influencer_4798,1924782,51575,4620,2.31,2.68,737,3.8,7.33,0.4,APPROVE - Not a statistical outlier,
influencer_4799,4610409,77048,6148,3.92,1.67,2427,11.3,52.52,0.7,APPROVE - Not a statistical outlier,
influencer_4800,3897937,53435,2883,2.8,1.37,416,11.6,54.290000000000006,0.0,APPROVE - Not a statistical outlier,
influencer_4801,1409791,84035,6457,3.02,5.96,2164,8.5,36.75,17.9,APPROVE - Not a statistical outlier,
influencer_4802,1977850,84611,7565,0.52,4.28,2384,8.9,39.31,0.6,APPROVE - Not a statistical outlier,
influencer_4803,4103553,497913,48821,11.66,12.13,1903,39.3,96.43,30.0,MANUAL REVIEW - Top 5% anomaly,
influencer_4804,3101618,149730,14402,2.9,4.83,1207,8.2,34.74,20.6,APPROVE - Not a statistical outlier,
influencer_4805,2732303,510778,23509,22.73,18.69,469,37.9,95.72,40.3,MANUAL REVIEW - Top 5% anomaly,
influencer_4806,47250,2378,127,1.11,5.03,2817,18.0,74.45,0.0,APPROVE - Not a statistical outlier,
influencer_4807,4006194,43374,1247,0.99,1.08,2341,13.8,63.29,0.0,APPROVE - Not a statistical outlier,
influencer_4808,1351850,249047,9912,26.49,18.42,1006,31.4,91.3,40.0,"CAUTION - Top 15% anomaly, monitor 2-4 weeks",
influencer_4809,476147,20353,1843,3.61,4.27,764,8.0,33.550000000000004,0.9,APPROVE - Not a statistical outlier,
influencer_4810,3018193,369132,18038,11.32,12.23,2498,25.5,85.98,28.3,"CAUTION - Top 15% anomaly, monitor 2-4 weeks",
influencer_4811,3886850,229806,16004,0.96,5.91,2570,14.8,66.38,5.2,APPROVE - Not a statistical outlier,
influencer_4812,2113368,214724,15734,21.48,10.16,662,22.7,82.26,39.3,APPROVE - Not a statistical outlier,
influencer_4813,2444445,141356,11668,0.52,5.78,1022,14.7,66.07,19.9,APPROVE - Not a statistical outlier,
influencer_4814,877336,17610,609,4.45,2.01,2488,8.1,34.22,0.0,APPROVE - Not a statistical outlier,
influencer_4815,3831415,203823,9046,2.23,5.32,202,16.9,71.83,0.4,APPROVE - Not a statistical outlier,
influencer_4816,4899107,141413,7900,21.84,2.89,33,82.9,100.0,40.6,"REJECT - Top 1% anomaly, escalate for manual audit",
influencer_4817,4930107,398163,19584,38.94,8.08,2931,33.8,92.86,17.0,"CAUTION - Top 15% anomaly, monitor 2-4 weeks",
influencer_4818,2286221,36525,3602,19.29,1.6,1693,26.1,86.63,20.0,"CAUTION - Top 15% anomaly, monitor 2-4 weeks",
influencer_4819,3511043,384448,33368,43.93,10.95,2045,32.9,92.14,31.0,"CAUTION - Top 15% anomaly, monitor 2-4 weeks",
influencer_4820,4309760,213946,12489,3.38,4.96,1525,6.3,21.55,0.6,APPROVE - Not a statistical outlier,
influencer_4821,3471431,109808,9920,0.28,3.16,1090,8.6,37.35,0.6,APPROVE - Not a statistical outlier,
influencer_4822,4072867,136050,6504,1.25,3.34,2660,8.0,33.550000000000004,0.6,APPROVE - Not a statistical outlier,
influencer_4823,3913487,232139,19236,4.46,5.93,1084,13.7,63.0,22.2,APPROVE - Not a statistical outlier,
influencer_4824,1419060,44367,1681,-0.31,3.13,410,8.6,37.35,0.4,APPROVE - Not a statistical outlier,
influencer_4825,4229087,170024,13905,3.47,4.02,1321,5.5,16.68,0.6,APPROVE - Not a statistical outlier,
influencer_4826,4229456,53828,3042,3.21,1.27,2421,8.9,39.31,0.0,APPROVE - Not a statistical outlier,
influencer_4827,4640022,241793,6915,-0.22,5.21,1622,21.4,80.36,0.2,APPROVE - Not a statistical outlier,
influencer_4828,149725,6349,265,3.13,4.24,195,10.2,46.94,0.1,APPROVE - Not a statistical outlier,
influencer_4829,492215,14865,775,2.42,3.02,2777,7.8,32.06,0.0,APPROVE - Not a statistical outlier,
influencer_4830,2269693,24531,1961,0.73,1.08,2419,8.7,38.05,0.0,APPROVE - Not a statistical outlier,
influencer_4831,3925152,155371,4014,0.87,3.96,1072,9.2,41.25,0.2,APPROVE - Not a statistical outlier,
influencer_4832,909017,9665,703,4.0,1.06,1681,9.4,42.6,0.3,APPROVE - Not a statistical outlier,
influencer_4833,322898,3248,251,0.39,1.01,1237,12.2,56.76,0.0,APPROVE - Not a statistical outlier,
influencer_4834,686338,28005,2025,2.08,4.08,574,4.9,12.86,0.3,APPROVE - Not a statistical outlier,
influencer_4835,3503415,68144,5509,3.09,1.95,2269,4.9,12.86,1.0,APPROVE - Not a statistical outlier,
influencer_4836,55745,1092,37,-0.22,1.96,2397,17.2,72.64,0.0,APPROVE - Not a statistical outlier,
influencer_4837,1684032,71846,4811,4.59,4.27,2657,5.0,13.41,0.2,APPROVE - Not a statistical outlier,
influencer_4838,4833577,61313,5842,0.56,1.27,2552,17.2,72.64,1.2,APPROVE - Not a statistical outlier,
influencer_4839,2119219,54400,3746,0.91,2.57,2714,5.1,13.919999999999998,0.2,APPROVE - Not a statistical outlier,
influencer_4840,2149185,37549,2587,3.0,1.75,2504,4.8,12.17,0.7,APPROVE - Not a statistical outlier,
influencer_4841,46256,8288,654,29.27,17.92,126,42.3,97.69,39.7,MANUAL REVIEW - Top 5% anomaly,
influencer_4842,503264,14361,670,16.31,2.85,2573,27.1,87.74,12.3,"CAUTION - Top 15% anomaly, monitor 2-4 weeks",
influencer_4843,3347145,154158,11721,4.5,4.61,2738,8.2,34.74,0.9,APPROVE - Not a statistical outlier,
influencer_4844,940695,21411,1997,0.49,2.28,1331,8.0,33.550000000000004,0.0,APPROVE - Not a statistical outlier,
influencer_4845,2184955,31599,659,1.17,1.45,2086,12.4,57.63,0.0,APPROVE - Not a statistical outlier,
influencer_4846,1253390,17464,1564,0.39,1.39,486,10.5,48.67,0.2,APPROVE - Not a statistical outlier,
influencer_4847,2216995,345939,12969,46.22,15.6,1848,32.1,91.58,29.3,"CAUTION - Top 15% anomaly, monitor 2-4 weeks",
influencer_4848,480809,27546,1555,0.01,5.73,302,32.7,91.99000000000001,0.2,"CAUTION - Top 15% anomaly, monitor 2-4 weeks",
influencer_4849,2651432,55379,4883,1.08,2.09,1061,4.2,9.19,0.2,APPROVE - Not a statistical outlier,
influencer_4850,4176282,95374,8193,2.61,2.28,237,14.2,64.45,0.9,APPROVE - Not a statistical outlier,
influencer_4851,3518847,503457,45992,33.27,14.31,1967,37.2,95.3,31.0,MANUAL REVIEW - Top 5% anomaly,
influencer_4852,1768413,71229,6783,-0.61,4.03,1690,8.5,36.75,0.6,APPROVE - Not a statistical outlier,
influencer_4853,4339586,190914,10647,4.69,4.4,1176,5.8,18.7,0.2,APPROVE - Not a statistical outlier,
influencer_4854,2574697,108514,7868,1.03,4.21,1086,4.8,12.17,0.6,APPROVE - Not a statistical outlier,
influencer_4855,3601952,191107,9791,1.67,5.31,1566,6.4,22.189999999999998,0.2,APPROVE - Not a statistical outlier,
influencer_4856,1972277,67691,3253,0.01,3.43,233,14.5,65.25999999999999,0.2,APPROVE - Not a statistical outlier,
influencer_4857,945740,15815,862,4.19,1.67,2595,8.8,38.690000000000005,0.0,APPROVE - Not a statistical outlier,
influencer_4858,3047555,241638,19197,24.87,7.93,1862,21.5,80.53,32.0,APPROVE - Not a statistical outlier,
influencer_4859,1197311,176068,10584,47.82,14.71,2594,31.9,91.47,32.7,"CAUTION - Top 15% anomaly, monitor 2-4 weeks",
influencer_4860,4445041,819381,69749,36.69,18.43,472,52.0,99.53,40.0,"REJECT - Top 1% anomaly, escalate for manual audit",
influencer_4861,143157,5232,416,4.9,3.66,718,9.8,44.83,0.1,APPROVE - Not a statistical outlier,
influencer_4862,2288319,164053,3549,24.09,7.17,2927,32.2,91.64999999999999,5.7,"CAUTION - Top 15% anomaly, monitor 2-4 weeks",
influencer_4863,4789109,200517,14120,-0.81,4.19,862,13.3,61.56,0.6,APPROVE - Not a statistical outlier,
influencer_4864,1463603,79131,4346,2.47,5.41,2416,5.7,18.01,0.6,APPROVE - Not a statistical outlier,
influencer_4865,1276029,50148,2834,1.23,3.93,1491,2.8,2.96,0.2,APPROVE - Not a statistical outlier,
influencer_4866,3021791,147856,12637,3.77,4.89,1189,5.7,18.01,10.6,APPROVE - Not a statistical outlier,
influencer_4867,137645,3088,197,3.39,2.24,416,11.8,55.21,0.0,APPROVE - Not a statistical outlier,
influencer_4868,1653131,72587,6594,0.11,4.39,2071,11.9,55.67999999999999,0.9,APPROVE - Not a statistical outlier,
influencer_4869,1187837,65461,5042,2.39,5.51,2583,9.4,42.6,7.9,APPROVE - Not a statistical outlier,
influencer_4870,343221,50169,3222,31.05,14.62,1378,28.3,88.68,32.7,"CAUTION - Top 15% anomaly, monitor 2-4 weeks",
influencer_4871,2436919,119299,9587,1.64,4.9,1748,5.5,16.68,0.6,APPROVE - Not a statistical outlier,
influencer_4872,1180580,54589,1259,3.28,4.62,709,8.1,34.22,0.1,APPROVE - Not a statistical outlier,
influencer_4873,54687,709,15,1.49,1.3,719,20.7,79.17,0.3,APPROVE - Not a statistical outlier,
influencer_4874,2491272,97347,2596,-0.29,3.91,2962,15.7,68.76,0.2,APPROVE - Not a statistical outlier,
influencer_4875,2630137,43422,2388,-0.63,1.65,1598,5.5,16.68,0.2,APPROVE - Not a statistical outlier,
influencer_4876,4799757,280142,10879,4.12,5.84,2700,17.5,73.49,0.6,APPROVE - Not a statistical outlier,
influencer_4877,3876010,196011,19354,4.35,5.06,1199,16.2,70.1,21.6,APPROVE - Not a statistical outlier,
influencer_4878,4777415,73983,4689,1.06,1.55,922,10.4,48.0,1.2,APPROVE - Not a statistical outlier,
influencer_4879,2040660,32829,2396,-0.01,1.61,982,8.4,36.04,1.6,APPROVE - Not a statistical outlier,
influencer_4880,2020450,186622,7895,41.13,9.24,1284,19.4,77.02,15.0,APPROVE - Not a statistical outlier,
influencer_4881,4701858,128099,5859,2.28,2.72,813,6.8,25.019999999999996,0.4,APPROVE - Not a statistical outlier,
influencer_4882,1972140,23163,1084,1.86,1.17,2076,7.3,28.63,0.0,APPROVE - Not a statistical outlier,
influencer_4883,3862607,47589,3611,23.75,1.23,1901,17.2,72.64,21.7,APPROVE - Not a statistical outlier,
influencer_4884,3529434,103738,6006,0.01,2.94,524,10.8,50.519999999999996,0.2,APPROVE - Not a statistical outlier,
influencer_4885,4125390,62102,3813,2.48,1.51,776,8.0,33.550000000000004,0.7,APPROVE - Not a statistical outlier,
influencer_4886,2657222,267667,18030,13.21,10.07,2514,23.5,83.35000000000001,28.7,APPROVE - Not a statistical outlier,
influencer_4887,1128109,62896,5126,-0.86,5.58,1884,12.8,59.24,10.6,APPROVE - Not a statistical outlier,
influencer_4888,4435315,212139,5776,3.04,4.78,2422,11.0,51.22,0.2,APPROVE - Not a statistical outlier,
influencer_4889,1554744,79480,6529,2.31,5.11,2627,8.4,36.04,8.6,APPROVE - Not a statistical outlier,
influencer_4890,4267988,88878,5782,4.7,2.08,2897,9.1,40.52,1.0,APPROVE - Not a statistical outlier,
influencer_4891,1789220,41471,3049,0.55,2.32,2618,6.2,20.919999999999998,0.2,APPROVE - Not a statistical outlier,
influencer_4892,4012718,81965,3787,4.15,2.04,2221,5.8,18.7,0.0,APPROVE - Not a statistical outlier,
influencer_4893,4014582,193716,10218,0.85,4.83,2665,10.7,49.99,0.2,APPROVE - Not a statistical outlier,
influencer_4894,2873875,164948,6349,1.58,5.74,686,9.2,41.25,0.4,APPROVE - Not a statistical outlier,
influencer_4895,1831288,83949,8255,0.28,4.58,1912,14.5,65.25999999999999,11.2,APPROVE - Not a statistical outlier,
influencer_4896,1842646,99638,5954,4.18,5.41,2422,5.3,15.27,0.9,APPROVE - Not a statistical outlier,
influencer_4897,3970579,166506,16598,0.17,4.19,2773,21.2,80.01,6.6,APPROVE - Not a statistical outlier,
influencer_4898,1597246,46931,2777,4.15,2.94,1826,2.8,2.96,0.0,APPROVE - Not a statistical outlier,
influencer_4899,1820239,56951,2140,1.73,3.13,297,7.1,27.279999999999998,0.6,APPROVE - Not a statistical outlier,
influencer_4900,4906727,768910,46593,24.13,15.67,2246,41.6,97.41,31.3,MANUAL REVIEW - Top 5% anomaly,
influencer_4901,2251618,26057,603,0.59,1.16,1792,12.3,57.16,0.0,APPROVE - Not a statistical outlier,
influencer_4902,4429622,198330,18322,-0.2,4.48,2110,18.5,75.26,6.2,APPROVE - Not a statistical outlier,
influencer_4903,2470930,78875,6742,2.33,3.19,406,6.5,22.900000000000002,1.3,APPROVE - Not a statistical outlier,
influencer_4904,132936,4999,390,2.06,3.76,1615,9.0,39.94,0.0,APPROVE - Not a statistical outlier,
influencer_4905,1980746,308091,21192,19.88,15.55,1493,29.6,89.92,33.0,"CAUTION - Top 15% anomaly, monitor 2-4 weeks",
influencer_4906,4843256,115602,7674,2.98,2.39,2470,8.4,36.04,0.4,APPROVE - Not a statistical outlier,
influencer_4907,2470970,326121,32526,15.53,13.2,518,38.6,96.12,38.3,MANUAL REVIEW - Top 5% anomaly,
influencer_4908,1297573,43518,1838,2.73,3.35,751,2.5,2.02,0.5,APPROVE - Not a statistical outlier,
influencer_4909,3536647,104052,8571,0.27,2.94,975,7.9,32.82,0.2,APPROVE - Not a statistical outlier,
influencer_4910,2579682,131650,8756,-0.23,5.1,2116,11.5,53.73,0.2,APPROVE - Not a statistical outlier,
influencer_4911,1505900,118858,11656,22.87,7.89,1665,22.6,82.13000000000001,30.7,APPROVE - Not a statistical outlier,
influencer_4912,3391664,136284,11750,1.76,4.02,1070,5.3,15.27,0.6,APPROVE - Not a statistical outlier,
influencer_4913,1622788,88889,8878,3.58,5.48,2303,19.0,76.35,28.6,APPROVE - Not a statistical outlier,
influencer_4914,4605229,245512,16465,-0.47,5.33,2144,16.6,71.17,0.6,APPROVE - Not a statistical outlier,
influencer_4915,192896,10516,382,-0.66,5.45,1707,17.7,73.9,0.0,APPROVE - Not a statistical outlier,
influencer_4916,4608765,46184,2784,32.3,1.0,2912,26.1,86.63,22.7,"CAUTION - Top 15% anomaly, monitor 2-4 weeks",
influencer_4917,1084329,12739,979,0.89,1.17,1028,7.9,32.82,0.0,APPROVE - Not a statistical outlier,
influencer_4918,2381612,54904,4499,-0.97,2.31,1807,6.4,22.189999999999998,0.2,APPROVE - Not a statistical outlier,
influencer_4919,234979,5624,112,0.1,2.39,2314,20.7,79.17,0.0,APPROVE - Not a statistical outlier,
influencer_4920,4804290,266484,16096,0.31,5.55,986,23.1,82.84,0.6,APPROVE - Not a statistical outlier,
influencer_4921,279104,20800,807,48.59,7.45,2996,32.7,91.99000000000001,20.3,"CAUTION - Top 15% anomaly, monitor 2-4 weeks",
influencer_4922,1999547,28164,2534,4.27,1.41,1619,6.9,25.8,1.0,APPROVE - Not a statistical outlier,
influencer_4923,4045630,67840,2186,1.52,1.68,1191,8.5,36.75,0.2,APPROVE - Not a statistical outlier,
influencer_4924,4126279,784759,57535,46.97,19.02,2550,49.3,99.31,31.0,"REJECT - Top 1% anomaly, escalate for manual audit",
influencer_4925,4792882,199005,8215,-0.89,4.15,1898,12.4,57.63,0.2,APPROVE - Not a statistical outlier,
influencer_4926,4330454,202538,9827,3.88,4.68,582,8.8,38.690000000000005,0.6,APPROVE - Not a statistical outlier,
influencer_4927,996893,52817,5030,0.44,5.3,1663,16.1,69.86,16.9,APPROVE - Not a statistical outlier,
influencer_4928,3197247,182344,7154,0.85,5.7,724,11.4,53.1,0.2,APPROVE - Not a statistical outlier,
influencer_4929,1840050,36957,1020,-0.73,2.01,346,11.4,53.1,1.0,APPROVE - Not a statistical outlier,
influencer_4930,2671492,260066,6642,38.44,9.73,2675,27.0,87.64999999999999,8.0,"CAUTION - Top 15% anomaly, monitor 2-4 weeks",
influencer_4931,2456257,54077,3264,4.12,2.2,797,3.6,6.12,0.0,APPROVE - Not a statistical outlier,
influencer_4932,2978299,83207,5935,1.27,2.79,2963,7.7,31.240000000000002,0.9,APPROVE - Not a statistical outlier,
influencer_4933,2935317,327497,15124,19.93,11.16,2638,22.7,82.26,21.3,APPROVE - Not a statistical outlier,
influencer_4934,3967914,153779,11567,4.2,3.88,2001,4.5,10.66,0.6,APPROVE - Not a statistical outlier,
influencer_4935,3304481,155011,3857,-0.63,4.69,2335,12.4,57.63,0.2,APPROVE - Not a statistical outlier,
influencer_4936,4538454,156603,13872,0.83,3.45,1533,10.2,46.94,1.2,APPROVE - Not a statistical outlier,
influencer_4937,1547064,154518,13184,48.5,9.99,2834,33.4,92.58999999999999,34.7,"CAUTION - Top 15% anomaly, monitor 2-4 weeks",
influencer_4938,3241641,42821,4232,-0.82,1.32,152,21.2,80.01,0.2,APPROVE - Not a statistical outlier,
influencer_4939,2716548,100230,9513,3.59,3.69,2419,7.7,31.240000000000002,0.9,APPROVE - Not a statistical outlier,
influencer_4940,780091,71523,3468,10.49,9.17,1898,32.5,91.85,13.7,"CAUTION - Top 15% anomaly, monitor 2-4 weeks",
influencer_4941,2367789,49170,2553,3.62,2.08,1701,3.0,3.74,0.0,APPROVE - Not a statistical outlier,
influencer_4942,2167791,99925,7961,3.46,4.61,1112,3.6,6.12,0.6,APPROVE - Not a statistical outlier,
influencer_4943,3378180,120394,3699,24.29,3.56,1758,15.2,67.4,16.0,APPROVE - Not a statistical outlier,
influencer_4944,1707930,52253,2357,2.99,3.06,2337,1.4,0.13,0.2,APPROVE - Not a statistical outlier,
influencer_4945,965795,45702,1347,1.54,4.73,2026,6.8,25.019999999999996,0.0,APPROVE - Not a statistical outlier,
influencer_4946,2584236,145923,8228,43.66,5.65,2172,17.5,73.49,21.0,APPROVE - Not a statistical outlier,
influencer_4947,1579458,69365,4450,3.73,4.39,1178,1.7,0.49,0.6,APPROVE - Not a statistical outlier,
influencer_4948,1810771,87278,3219,4.43,4.82,2118,4.0,8.24,0.2,APPROVE - Not a statistical outlier,
influencer_4949,270515,5912,130,40.82,2.19,1944,25.4,85.85000000000001,29.1,"CAUTION - Top 15% anomaly, monitor 2-4 weeks",
influencer_4950,1621179,310782,24100,33.3,19.17,283,42.6,97.78,41.2,MANUAL REVIEW - Top 5% anomaly,
influencer_4951,3798267,116044,2506,1.42,3.06,36,52.0,99.53,6.7,"REJECT - Top 1% anomaly, escalate for manual audit",Unsupervised flags anomaly; transfer model does not recognize pattern - review
influencer_4952,672986,12302,1204,4.14,1.83,2805,15.4,67.97,0.0,APPROVE - Not a statistical outlier,
influencer_4953,2335482,47185,1780,-0.91,2.02,2146,5.9,19.36,0.0,APPROVE - Not a statistical outlier,
influencer_4954,3022786,135027,9872,2.75,4.47,571,5.8,18.7,1.0,APPROVE - Not a statistical outlier,
influencer_4955,138900,7757,424,4.44,5.59,118,15.7,68.76,0.5,APPROVE - Not a statistical outlier,
influencer_4956,4514962,134230,3325,-0.38,2.97,1968,13.2,61.160000000000004,0.2,APPROVE - Not a statistical outlier,
influencer_4957,4695668,89181,5152,4.75,1.9,242,16.3,70.39,1.0,APPROVE - Not a statistical outlier,
influencer_4958,1285283,31174,1912,4.81,2.43,2911,7.8,32.06,0.1,APPROVE - Not a statistical outlier,
influencer_4959,3819971,125113,11056,4.58,3.28,295,15.5,68.24,1.1,APPROVE - Not a statistical outlier,
influencer_4960,1504061,36898,2899,1.78,2.45,2989,8.2,34.74,0.9,APPROVE - Not a statistical outlier,
influencer_4961,514066,11144,293,1.3,2.17,2370,9.9,45.440000000000005,0.0,APPROVE - Not a statistical outlier,
influencer_4962,4009146,187624,6891,3.24,4.68,1260,5.4,16.0,0.2,APPROVE - Not a statistical outlier,
influencer_4963,2362331,24549,1103,0.91,1.04,2410,8.7,38.05,0.0,APPROVE - Not a statistical outlier,
influencer_4964,1159343,42851,1256,-0.59,3.7,1034,8.7,38.05,0.0,APPROVE - Not a statistical outlier,
influencer_4965,2532113,125816,7115,4.41,4.97,2124,3.5,5.62,0.9,APPROVE - Not a statistical outlier,
influencer_4966,542529,12647,1248,2.81,2.33,651,9.9,45.440000000000005,0.0,APPROVE - Not a statistical outlier,
influencer_4967,2675415,241242,14756,49.46,9.02,456,30.3,90.53,47.4,"CAUTION - Top 15% anomaly, monitor 2-4 weeks",
influencer_4968,4349530,188965,14994,-0.89,4.34,239,22.3,81.64,0.9,APPROVE - Not a statistical outlier,
influencer_4969,2154548,426786,31853,32.78,19.81,917,40.4,96.93,40.6,MANUAL REVIEW - Top 5% anomaly,
influencer_4970,1542019,49795,4381,4.12,3.23,1473,3.6,6.12,0.6,APPROVE - Not a statistical outlier,
influencer_4971,119920,3277,122,1.43,2.73,183,12.8,59.24,0.1,APPROVE - Not a statistical outlier,
influencer_4972,407547,41458,3329,49.51,10.17,444,32.6,91.91,47.7,"CAUTION - Top 15% anomaly, monitor 2-4 weeks",
influencer_4973,1660090,79555,7200,2.89,4.79,1210,5.5,16.68,10.2,APPROVE - Not a statistical outlier,
influencer_4974,1658583,43227,1457,0.78,2.61,1314,4.6,11.16,0.0,APPROVE - Not a statistical outlier,
influencer_4975,64014,969,46,-0.14,1.52,798,16.3,70.39,0.0,APPROVE - Not a statistical outlier,
influencer_4976,3710362,50425,4921,2.06,1.36,1012,9.4,42.6,0.0,APPROVE - Not a statistical outlier,
influencer_4977,1236382,18191,1500,1.89,1.47,1541,5.7,18.01,0.0,APPROVE - Not a statistical outlier,
influencer_4978,4533889,177472,7561,2.1,3.91,608,8.8,38.690000000000005,0.6,APPROVE - Not a statistical outlier,
influencer_4979,3192849,40175,2616,3.94,1.26,2817,10.7,49.99,0.0,APPROVE - Not a statistical outlier,
influencer_4980,3883506,104257,5457,1.91,2.68,2240,3.9,7.84,0.9,APPROVE - Not a statistical outlier,
influencer_4981,2420493,276187,16349,20.23,11.41,1068,21.1,79.82000000000001,39.0,APPROVE - Not a statistical outlier,
influencer_4982,357778,8843,428,4.05,2.47,2272,7.2,27.93,0.0,APPROVE - Not a statistical outlier,
influencer_4983,1298682,62551,2648,2.91,4.82,571,3.5,5.62,0.9,APPROVE - Not a statistical outlier,
influencer_4984,3133293,393773,29131,32.93,12.57,388,32.1,91.58,40.6,"CAUTION - Top 15% anomaly, monitor 2-4 weeks",
influencer_4985,1542037,34374,2828,4.19,2.23,879,3.5,5.62,1.2,APPROVE - Not a statistical outlier,
influencer_4986,4033371,187314,16842,4.43,4.64,456,14.6,65.66,11.6,APPROVE - Not a statistical outlier,
influencer_4987,4855501,230096,7461,1.25,4.74,2574,14.7,66.07,0.2,APPROVE - Not a statistical outlier,
influencer_4988,2603352,77769,6674,2.16,2.99,2905,7.8,32.06,1.6,APPROVE - Not a statistical outlier,
influencer_4989,1532817,31454,1270,0.69,2.05,515,5.9,19.36,0.0,APPROVE - Not a statistical outlier,
influencer_4990,2016074,72706,3939,-0.91,3.61,1861,3.7,6.710000000000001,0.2,APPROVE - Not a statistical outlier,
influencer_4991,4721058,915196,84303,12.69,19.39,1502,61.4,99.8,30.3,"REJECT - Top 1% anomaly, escalate for manual audit",
influencer_4992,3963931,166409,9378,-0.22,4.2,1466,8.4,36.04,0.2,APPROVE - Not a statistical outlier,
influencer_4993,4541334,84678,3028,0.1,1.86,359,17.2,72.64,0.2,APPROVE - Not a statistical outlier,
influencer_4994,1803502,79602,2610,1.88,4.41,1785,3.8,7.33,0.2,APPROVE - Not a statistical outlier,
influencer_4995,1463538,45896,2654,4.2,3.14,2966,6.8,25.019999999999996,0.0,APPROVE - Not a statistical outlier,
influencer_4996,2027819,115808,9382,43.18,5.71,1200,17.4,73.3,34.9,APPROVE - Not a statistical outlier,
influencer_4997,2075520,96933,9671,4.79,4.67,288,16.6,71.17,23.3,APPROVE - Not a statistical outlier,
influencer_4998,2433665,86997,7220,1.9,3.57,2369,3.7,6.710000000000001,0.9,APPROVE - Not a statistical outlier,
influencer_4999,3935053,285710,25759,12.83,7.26,172,43.9,98.22,37.3,MANUAL REVIEW - Top 5% anomaly,
influencer_5000,733722,33830,2700,3.93,4.61,2046,5.2,14.57,2.2,APPROVE - Not a statistical outlier,
