name,followers,likes,comments,growth_rate,engagement_rate,account_age_days,fraud_risk_score,vetting_action,predicted_fraud,novel_pattern_flag
influencer_1,222556,3117,144,3.93,1.4,1518,0.0,APPROVE - Low fraud risk,0,
influencer_2,484557,10803,630,5.92,2.23,1235,0.0,APPROVE - Low fraud risk,0,
influencer_3,178173,5961,352,2.66,3.35,1361,0.0,APPROVE - Low fraud risk,0,
influencer_4,2233803,72414,3890,10.86,3.24,1712,0.3,APPROVE - Low fraud risk,0,
influencer_5,151213,3877,206,-2.52,2.56,958,0.0,APPROVE - Low fraud risk,0,
influencer_6,155589,4208,100,5.58,2.7,1065,0.0,APPROVE - Low fraud risk,0,
influencer_7,2603137,99416,3322,0.26,3.82,1694,0.2,APPROVE - Low fraud risk,0,
influencer_8,916340,35278,1008,2.43,3.85,185,0.1,APPROVE - Low fraud risk,0,
influencer_9,90628,2543,97,2.28,2.81,1558,0.0,APPROVE - Low fraud risk,0,
influencer_10,416471,7049,327,7.47,1.69,377,1.3,APPROVE - Low fraud risk,0,
influencer_11,204223,4538,236,8.93,2.22,1822,1.0,APPROVE - Low fraud risk,0,
influencer_12,173067,3432,80,4.46,1.98,1139,0.0,APPROVE - Low fraud risk,0,
influencer_13,1580511,24779,904,-2.4,1.57,368,0.0,APPROVE - Low fraud risk,0,
influencer_14,61983,1723,74,3.98,2.78,1287,0.0,APPROVE - Low fraud risk,0,
influencer_15,2306771,53449,2681,4.14,2.32,293,0.0,APPROVE - Low fraud risk,0,
influencer_16,690382,24182,1058,4.55,3.5,1470,0.0,APPROVE - Low fraud risk,0,
influencer_17,76721,2659,92,2.4,3.47,527,0.1,APPROVE - Low fraud risk,0,
influencer_18,702468,29137,1530,3.97,4.15,895,0.4,APPROVE - Low fraud risk,0,
influencer_19,925742,36053,845,2.5,3.89,637,0.1,APPROVE - Low fraud risk,0,
influencer_20,499536,18697,855,3.2,3.74,1222,0.0,APPROVE - Low fraud risk,0,
influencer_21,367070,14792,488,-1.26,4.03,98,0.0,APPROVE - Low fraud risk,0,
influencer_22,2117857,49840,1749,1.42,2.35,1852,0.0,APPROVE - Low fraud risk,0,
influencer_23,297331,10520,439,2.1,3.54,645,0.1,APPROVE - Low fraud risk,0,
influencer_24,4231019,142043,5741,4.43,3.36,632,0.6,APPROVE - Low fraud risk,0,
influencer_25,412626,12146,2239,14.26,2.94,648,97.9,REJECT - High fraud risk,1,
influencer_26,1184349,23619,1587,9.27,1.99,1852,0.7,APPROVE - Low fraud risk,0,
influencer_27,178703,6268,273,1.65,3.51,1894,0.0,APPROVE - Low fraud risk,0,
influencer_28,145061,6551,364,-2.86,4.52,365,0.0,APPROVE - Low fraud risk,0,
influencer_29,679379,384,8,30.6,0.06,169,100.0,REJECT - High fraud risk,1,
influencer_30,187694,5361,242,3.84,2.86,1190,0.0,APPROVE - Low fraud risk,0,
influencer_31,328410,13976,755,2.36,4.26,564,0.1,APPROVE - Low fraud risk,0,
influencer_32,733310,20208,941,10.08,2.76,1956,0.5,APPROVE - Low fraud risk,0,
influencer_33,260842,4684,1363,-4.93,1.8,232,84.0,REJECT - High fraud risk,1,
influencer_34,81181,1704,816,-6.14,2.1,385,87.7,REJECT - High fraud risk,1,
influencer_35,883526,38091,1347,2.72,4.31,1411,0.0,APPROVE - Low fraud risk,0,
influencer_36,232079,5336,341,-0.66,2.3,1827,0.3,APPROVE - Low fraud risk,0,
influencer_37,4137369,84596,3530,4.27,2.04,1620,0.0,APPROVE - Low fraud risk,0,
influencer_38,417536,22793,1487,1.38,5.46,1774,0.4,APPROVE - Low fraud risk,0,
influencer_39,137104,1715,320,16.83,1.25,646,66.6,MANUAL REVIEW - Audit history,1,
influencer_40,2416527,98893,4768,-0.34,4.09,401,0.2,APPROVE - Low fraud risk,0,
influencer_41,2054824,59579,2968,7.37,2.9,373,0.8,APPROVE - Low fraud risk,0,
influencer_42,990439,51533,2270,1.83,5.2,910,0.5,APPROVE - Low fraud risk,0,
influencer_43,710627,27557,1501,5.87,3.88,1540,0.1,APPROVE - Low fraud risk,0,
influencer_44,1058837,24334,721,3.8,2.3,1352,0.3,APPROVE - Low fraud risk,0,
influencer_45,3338811,75253,3750,2.31,2.25,1170,0.2,APPROVE - Low fraud risk,0,
influencer_46,76545,704,16,4.25,0.92,251,5.0,APPROVE - Low fraud risk,0,
influencer_47,806693,25511,1313,10.59,3.16,325,4.6,APPROVE - Low fraud risk,0,
influencer_48,3409933,182,2,33.64,0.01,817,99.0,REJECT - High fraud risk,1,
influencer_49,807206,36579,1131,4.6,4.53,245,0.1,APPROVE - Low fraud risk,0,
influencer_50,725631,18929,828,0.43,2.61,1327,0.0,APPROVE - Low fraud risk,0,
influencer_51,1965946,289,4,33.07,0.01,619,100.0,REJECT - High fraud risk,1,
influencer_52,1198683,85,3,28.76,0.01,227,100.0,REJECT - High fraud risk,1,
influencer_53,283941,2318,114,7.38,0.82,639,3.1,APPROVE - Low fraud risk,0,
influencer_54,236927,7253,224,6.13,3.06,1475,0.0,APPROVE - Low fraud risk,0,
influencer_55,449540,11030,449,4.56,2.45,833,0.0,APPROVE - Low fraud risk,0,
influencer_56,110781,4882,216,0.27,4.41,1653,0.0,APPROVE - Low fraud risk,0,
influencer_57,783579,25126,1029,-3.21,3.21,592,0.0,APPROVE - Low fraud risk,0,
influencer_58,372390,7620,442,3.74,2.05,200,0.0,APPROVE - Low fraud risk,0,
influencer_59,401012,7401,375,4.62,1.85,518,0.0,APPROVE - Low fraud risk,0,
influencer_60,5000000,144863,2650,5.72,2.9,1997,0.0,APPROVE - Low fraud risk,0,
influencer_61,205064,6971,252,-2.93,3.4,1096,0.0,APPROVE - Low fraud risk,0,
influencer_62,582642,21784,966,3.82,3.74,1268,0.0,APPROVE - Low fraud risk,0,
influencer_63,1512586,53805,1677,-0.41,3.56,1768,0.0,APPROVE - Low fraud risk,0,
influencer_64,120315,3247,149,2.49,2.7,1308,0.0,APPROVE - Low fraud risk,0,
influencer_65,373255,10283,283,1.42,2.75,642,0.1,APPROVE - Low fraud risk,0,
influencer_66,445011,21549,849,6.56,4.84,1410,0.0,APPROVE - Low fraud risk,0,
influencer_67,301647,5733,278,4.15,1.9,1580,0.0,APPROVE - Low fraud risk,0,
influencer_68,449229,16002,672,3.47,3.56,1439,0.0,APPROVE - Low fraud risk,0,
influencer_69,514243,14297,939,2.87,2.78,1761,0.0,APPROVE - Low fraud risk,0,
influencer_70,339424,9088,5564,-10.0,2.68,959,98.3,REJECT - High fraud risk,1,
influencer_71,520245,12353,290,3.06,2.37,1313,0.0,APPROVE - Low fraud risk,0,
influencer_72,118726,3892,290,4.98,3.28,1427,0.0,APPROVE - Low fraud risk,0,
influencer_73,3486919,167684,8130,-1.47,4.81,1125,0.6,APPROVE - Low fraud risk,0,
influencer_74,612677,15239,1029,-2.26,2.49,937,0.0,APPROVE - Low fraud risk,0,
influencer_75,198349,7293,498,2.5,3.68,145,0.1,APPROVE - Low fraud risk,0,
influencer_76,628445,15736,647,3.41,2.5,732,0.0,APPROVE - Low fraud risk,0,
influencer_77,957260,25512,823,1.15,2.67,600,0.0,APPROVE - Low fraud risk,0,
influencer_78,1285663,21926,887,7.0,1.71,961,0.5,APPROVE - Low fraud risk,0,
influencer_79,294031,12036,877,5.37,4.09,1255,0.0,APPROVE - Low fraud risk,0,
influencer_80,363759,11047,312,3.03,3.04,1055,0.0,APPROVE - Low fraud risk,0,
influencer_81,313492,9780,320,8.11,3.12,1789,0.0,APPROVE - Low fraud risk,0,
influencer_82,85149,2413,101,8.37,2.83,1946,0.0,APPROVE - Low fraud risk,0,
influencer_83,5000000,121130,4668,0.71,2.42,737,0.2,APPROVE - Low fraud risk,0,
influencer_84,794400,19101,1301,9.71,2.4,546,5.5,APPROVE - Low fraud risk,0,
influencer_85,366792,12392,415,0.17,3.38,1982,0.0,APPROVE - Low fraud risk,0,
influencer_86,1770958,56753,3374,6.07,3.2,935,0.4,APPROVE - Low fraud risk,0,
influencer_87,891443,25022,1394,-4.99,2.81,1700,0.0,APPROVE - Low fraud risk,0,
influencer_88,628657,13139,827,5.95,2.09,640,0.0,APPROVE - Low fraud risk,0,
influencer_89,272620,10499,1575,8.74,3.85,536,89.6,REJECT - High fraud risk,1,
influencer_90,181321,4674,195,1.47,2.58,965,0.0,APPROVE - Low fraud risk,0,
influencer_91,175827,4136,206,5.72,2.35,1652,0.0,APPROVE - Low fraud risk,0,
influencer_92,1493440,33243,983,6.63,2.23,733,1.6,APPROVE - Low fraud risk,0,
influencer_93,1304087,34192,969,0.58,2.62,1708,0.0,APPROVE - Low fraud risk,0,
influencer_94,1121336,63144,963,-1.22,5.63,230,0.0,APPROVE - Low fraud risk,0,
influencer_95,305844,8954,304,7.06,2.93,766,0.1,APPROVE - Low fraud risk,0,
influencer_96,729350,28251,12376,28.59,3.87,1013,98.5,REJECT - High fraud risk,1,
influencer_97,2695047,49805,2497,4.34,1.85,406,0.4,APPROVE - Low fraud risk,0,
influencer_98,573754,11069,468,7.14,1.93,1928,0.0,APPROVE - Low fraud risk,0,
influencer_99,1116827,65082,1232,4.72,5.83,974,0.2,APPROVE - Low fraud risk,0,
influencer_100,314808,10689,567,0.5,3.4,1017,0.0,APPROVE - Low fraud risk,0,
influencer_101,295961,7327,176,11.01,2.48,1917,1.1,APPROVE - Low fraud risk,0,
influencer_102,205141,5411,254,-0.17,2.64,1669,0.0,APPROVE - Low fraud risk,0,
influencer_103,5000000,160798,7165,0.37,3.22,1765,0.6,APPROVE - Low fraud risk,0,
influencer_104,373931,334,12,19.63,0.09,514,99.7,REJECT - High fraud risk,1,
influencer_105,267121,6263,107,4.04,2.34,1382,0.0,APPROVE - Low fraud risk,0,
influencer_106,5000000,115520,4526,6.57,2.31,985,1.0,APPROVE - Low fraud risk,0,
influencer_107,724442,25499,1605,5.66,3.52,1265,0.1,APPROVE - Low fraud risk,0,
influencer_108,3421003,106405,4215,5.74,3.11,1273,0.0,APPROVE - Low fraud risk,0,
influencer_109,463152,659,23,30.05,0.14,690,100.0,REJECT - High fraud risk,1,
influencer_110,5000000,119322,4749,4.23,2.39,1890,0.0,APPROVE - Low fraud risk,0,
influencer_111,586248,23643,1584,-1.8,4.03,707,0.2,APPROVE - Low fraud risk,0,
influencer_112,229648,7019,327,2.65,3.06,1301,0.0,APPROVE - Low fraud risk,0,
influencer_113,303189,8857,532,8.56,2.92,270,0.8,APPROVE - Low fraud risk,0,
influencer_114,143963,2755,68,4.52,1.91,626,0.3,APPROVE - Low fraud risk,0,
influencer_115,448152,8278,549,6.6,1.85,1410,0.0,APPROVE - Low fraud risk,0,
influencer_116,5000000,149068,6023,5.59,2.98,1461,0.0,APPROVE - Low fraud risk,0,
influencer_117,476603,17890,1139,2.64,3.75,539,0.1,APPROVE - Low fraud risk,0,
influencer_118,490928,16924,686,7.61,3.45,1946,0.0,APPROVE - Low fraud risk,0,
influencer_119,168628,3666,76,6.92,2.17,1042,0.0,APPROVE - Low fraud risk,0,
influencer_120,876561,23183,1495,9.43,2.64,777,5.3,APPROVE - Low fraud risk,0,
influencer_121,83598,2427,100,1.98,2.9,668,0.1,APPROVE - Low fraud risk,0,
influencer_122,695432,15945,639,0.66,2.29,150,0.0,APPROVE - Low fraud risk,0,
influencer_123,165356,4853,2559,24.81,2.93,129,99.9,REJECT - High fraud risk,1,
influencer_124,369613,16463,825,0.48,4.45,1324,0.0,APPROVE - Low fraud risk,0,
influencer_125,1721613,54405,2156,5.67,3.16,579,0.7,APPROVE - Low fraud risk,0,
influencer_126,43081,1293,194,7.25,3.0,363,64.5,MANUAL REVIEW - Audit history,1,
influencer_127,489896,16734,497,4.92,3.42,909,0.3,APPROVE - Low fraud risk,0,
influencer_128,672979,11502,4228,11.65,1.71,900,94.4,REJECT - High fraud risk,1,
influencer_129,1118492,11230,404,1.1,1.0,588,0.0,APPROVE - Low fraud risk,0,
influencer_130,595725,19354,1060,3.21,3.25,268,0.1,APPROVE - Low fraud risk,0,
influencer_131,65437,2004,27,1.33,3.06,1275,0.0,APPROVE - Low fraud risk,0,
influencer_132,511436,15169,601,3.66,2.97,1166,0.0,APPROVE - Low fraud risk,0,
influencer_133,2859752,61204,3123,1.75,2.14,666,0.2,APPROVE - Low fraud risk,0,
influencer_134,660656,18181,999,5.23,2.75,1382,0.0,APPROVE - Low fraud risk,0,
influencer_135,224166,6919,237,4.7,3.09,950,0.0,APPROVE - Low fraud risk,0,
influencer_136,215932,6187,149,2.13,2.87,1044,0.0,APPROVE - Low fraud risk,0,
influencer_137,783338,80,3,25.78,0.01,277,100.0,REJECT - High fraud risk,1,
influencer_138,694346,11311,375,-5.35,1.63,815,0.0,APPROVE - Low fraud risk,0,
influencer_139,425418,18871,839,-3.95,4.44,1229,0.0,APPROVE - Low fraud risk,0,
influencer_140,605863,10928,224,-4.63,1.8,453,0.3,APPROVE - Low fraud risk,0,
influencer_141,137551,4799,131,2.35,3.49,821,0.1,APPROVE - Low fraud risk,0,
influencer_142,1715435,47529,1128,2.81,2.77,1096,0.0,APPROVE - Low fraud risk,0,
influencer_143,487546,13702,6614,9.79,2.81,184,98.3,REJECT - High fraud risk,1,
influencer_144,629796,16773,611,3.59,2.66,590,0.1,APPROVE - Low fraud risk,0,
influencer_145,1740335,165,5,25.44,0.01,597,100.0,REJECT - High fraud risk,1,
influencer_146,1202695,28428,777,1.31,2.36,402,0.0,APPROVE - Low fraud risk,0,
influencer_147,504355,17364,753,10.5,3.44,995,1.2,APPROVE - Low fraud risk,0,
influencer_148,899432,36638,2334,0.39,4.07,1307,1.2,APPROVE - Low fraud risk,0,
influencer_149,517013,22856,852,10.23,4.42,1354,0.5,APPROVE - Low fraud risk,0,
influencer_150,672931,23006,1288,-3.41,3.42,1399,0.0,APPROVE - Low fraud risk,0,
influencer_151,456263,5768,165,-5.41,1.26,1827,0.0,APPROVE - Low fraud risk,0,
influencer_152,139717,3080,156,8.41,2.2,1464,0.7,APPROVE - Low fraud risk,0,
influencer_153,727625,402,15,13.08,0.06,729,100.0,REJECT - High fraud risk,1,
influencer_154,1319790,44130,22894,-2.53,3.34,437,91.4,REJECT - High fraud risk,1,
influencer_155,909982,18638,1315,6.93,2.05,772,1.0,APPROVE - Low fraud risk,0,
influencer_156,434312,8396,265,0.99,1.93,806,0.0,APPROVE - Low fraud risk,0,
influencer_157,213530,3832,74,1.58,1.79,523,0.0,APPROVE - Low fraud risk,0,
influencer_158,223484,6041,348,4.81,2.7,1645,0.0,APPROVE - Low fraud risk,0,
influencer_159,367425,6437,448,2.18,1.75,574,0.0,APPROVE - Low fraud risk,0,
influencer_160,180912,6799,321,-2.63,3.76,656,0.0,APPROVE - Low fraud risk,0,
influencer_161,325252,15592,630,7.73,4.79,1748,0.0,APPROVE - Low fraud risk,0,
influencer_162,585788,18788,856,-0.12,3.21,1075,0.0,APPROVE - Low fraud risk,0,
influencer_163,460070,4628,280,1.69,1.01,980,0.0,APPROVE - Low fraud risk,0,
influencer_164,338309,6854,231,4.5,2.03,810,0.0,APPROVE - Low fraud risk,0,
influencer_165,141603,2325,35,-0.15,1.64,206,1.0,APPROVE - Low fraud risk,0,
influencer_166,1947497,72057,917,-3.36,3.7,1932,0.0,APPROVE - Low fraud risk,0,
influencer_167,499125,7095,69,1.16,1.42,273,1.7,APPROVE - Low fraud risk,0,
influencer_168,96270,3931,193,-4.32,4.08,1677,0.0,APPROVE - Low fraud risk,0,
influencer_169,328589,6196,201,4.94,1.89,796,0.3,APPROVE - Low fraud risk,0,
influencer_170,261479,4670,249,3.05,1.79,342,0.0,APPROVE - Low fraud risk,0,
influencer_171,514146,1551,52,5.25,0.3,1284,50.2,MANUAL REVIEW - Audit history,1,
influencer_172,442139,8794,518,4.98,1.99,377,0.0,APPROVE - Low fraud risk,0,
influencer_173,762837,36623,1053,1.32,4.8,254,0.1,APPROVE - Low fraud risk,0,
influencer_174,408727,10270,308,-3.45,2.51,1764,0.0,APPROVE - Low fraud risk,0,
influencer_175,323579,9621,304,-5.03,2.97,1202,0.0,APPROVE - Low fraud risk,0,
influencer_176,142721,11771,594,-2.07,8.25,1841,5.0,APPROVE - Low fraud risk,0,
influencer_177,116148,2648,158,4.88,2.28,419,0.0,APPROVE - Low fraud risk,0,
influencer_178,1334175,54303,2227,3.72,4.07,959,0.2,APPROVE - Low fraud risk,0,
influencer_179,590677,13238,567,5.97,2.24,135,0.3,APPROVE - Low fraud risk,0,
influencer_180,2247060,41980,2590,3.22,1.87,1321,0.0,APPROVE - Low fraud risk,0,
influencer_181,961192,222,7,17.39,0.02,116,100.0,REJECT - High fraud risk,1,
influencer_182,776588,18505,706,3.01,2.38,1103,0.0,APPROVE - Low fraud risk,0,
influencer_183,491054,28666,1218,8.85,5.84,1384,0.0,APPROVE - Low fraud risk,0,
influencer_184,291858,7559,320,-3.49,2.59,729,0.0,APPROVE - Low fraud risk,0,
influencer_185,172633,2827,160,5.85,1.64,1144,0.0,APPROVE - Low fraud risk,0,
influencer_186,982916,31528,1054,5.39,3.21,780,0.2,APPROVE - Low fraud risk,0,
influencer_187,139359,6244,224,-0.2,4.48,1935,0.0,APPROVE - Low fraud risk,0,
influencer_188,688785,11929,818,5.17,1.73,1507,0.0,APPROVE - Low fraud risk,0,
influencer_189,297168,9283,190,2.99,3.12,1123,0.0,APPROVE - Low fraud risk,0,
influencer_190,137322,4899,297,8.84,3.57,841,0.9,APPROVE - Low fraud risk,0,
influencer_191,879927,22819,1046,4.88,2.59,825,0.0,APPROVE - Low fraud risk,0,
influencer_192,87129,3510,1,2.95,4.03,670,4.5,APPROVE - Low fraud risk,0,
influencer_193,1725031,52680,1832,3.4,3.05,1815,0.0,APPROVE - Low fraud risk,0,
influencer_194,152168,502,20,6.93,0.33,773,60.4,MANUAL REVIEW - Audit history,1,
influencer_195,839058,30857,941,1.78,3.68,1479,0.0,APPROVE - Low fraud risk,0,
influencer_196,2513292,65425,2873,2.79,2.6,1008,0.2,APPROVE - Low fraud risk,0,
influencer_197,23386,576,24,3.55,2.46,1845,0.0,APPROVE - Low fraud risk,0,
influencer_198,498606,16677,837,1.91,3.34,1292,0.0,APPROVE - Low fraud risk,0,
influencer_199,128316,5197,252,6.95,4.05,1763,0.0,APPROVE - Low fraud risk,0,
influencer_200,623930,25634,1461,4.45,4.11,945,0.0,APPROVE - Low fraud risk,0,
influencer_201,93445,2648,178,-0.22,2.83,1535,0.0,APPROVE - Low fraud risk,0,
influencer_202,643624,17724,807,9.65,2.75,1670,0.3,APPROVE - Low fraud risk,0,
influencer_203,3041655,70509,2203,-0.81,2.32,366,0.4,APPROVE - Low fraud risk,0,
influencer_204,826744,43055,3088,-0.15,5.21,207,1.4,APPROVE - Low fraud risk,0,
influencer_205,875377,28121,831,7.84,3.21,1458,0.0,APPROVE - Low fraud risk,0,
influencer_206,535153,19042,708,1.72,3.56,857,0.3,APPROVE - Low fraud risk,0,
influencer_207,631839,26167,1129,2.83,4.14,396,0.1,APPROVE - Low fraud risk,0,
influencer_208,668494,15435,542,1.86,2.31,1094,0.0,APPROVE - Low fraud risk,0,
influencer_209,1037944,8150,550,-4.03,0.79,371,2.5,APPROVE - Low fraud risk,0,
influencer_210,684700,21918,588,1.18,3.2,1446,0.0,APPROVE - Low fraud risk,0,
influencer_211,666342,15737,746,4.55,2.36,1274,0.0,APPROVE - Low fraud risk,0,
influencer_212,1094851,26453,758,3.04,2.42,383,0.0,APPROVE - Low fraud risk,0,
influencer_213,975790,35078,1527,3.72,3.59,907,0.4,APPROVE - Low fraud risk,0,
influencer_214,425318,9127,486,0.72,2.15,191,0.0,APPROVE - Low fraud risk,0,
influencer_215,24999,1382,49,6.41,5.53,360,0.1,APPROVE - Low fraud risk,0,
influencer_216,131831,5821,320,3.34,4.42,262,0.1,APPROVE - Low fraud risk,0,
influencer_217,251847,8570,4249,22.75,3.4,557,99.3,REJECT - High fraud risk,1,
influencer_218,180746,3917,162,7.8,2.17,224,0.3,APPROVE - Low fraud risk,0,
influencer_219,257260,4159,224,-0.31,1.62,1140,0.0,APPROVE - Low fraud risk,0,
influencer_220,642976,17430,688,1.47,2.71,1524,0.0,APPROVE - Low fraud risk,0,
influencer_221,1601565,64637,4652,-1.65,4.04,1847,0.2,APPROVE - Low fraud risk,0,
influencer_222,359893,11541,382,5.18,3.21,900,0.3,APPROVE - Low fraud risk,0,
influencer_223,482502,1559,53,36.12,0.32,211,84.9,REJECT - High fraud risk,1,
influencer_224,53718,1270,44,3.11,2.36,1521,0.0,APPROVE - Low fraud risk,0,
influencer_225,834963,20950,1176,5.78,2.51,1405,0.3,APPROVE - Low fraud risk,0,
influencer_226,128358,1646,106,9.92,1.28,157,11.3,APPROVE - Low fraud risk,0,
influencer_227,54136,1185,52,7.58,2.19,254,0.7,APPROVE - Low fraud risk,0,
influencer_228,19003,680,27,3.88,3.58,1056,1.3,APPROVE - Low fraud risk,0,
influencer_229,293870,4959,363,1.54,1.69,304,0.0,APPROVE - Low fraud risk,0,
influencer_230,1119430,19572,923,1.07,1.75,1125,0.0,APPROVE - Low fraud risk,0,
influencer_231,131385,5044,360,7.28,3.84,1211,0.0,APPROVE - Low fraud risk,0,
influencer_232,1468158,40011,1663,4.76,2.73,1126,0.1,APPROVE - Low fraud risk,0,
influencer_233,221608,3213,143,-2.9,1.45,399,0.0,APPROVE - Low fraud risk,0,
influencer_234,422946,170,1,13.76,0.04,333,98.0,REJECT - High fraud risk,1,
influencer_235,88452,3441,110,4.35,3.89,1308,0.0,APPROVE - Low fraud risk,0,
influencer_236,1273402,11977,565,5.03,0.94,1576,0.3,APPROVE - Low fraud risk,0,
influencer_237,270015,8031,447,3.6,2.97,960,0.0,APPROVE - Low fraud risk,0,
influencer_238,337615,11201,639,-3.65,3.32,1564,0.0,APPROVE - Low fraud risk,0,
influencer_239,1449763,30974,1282,-3.7,2.14,475,0.0,APPROVE - Low fraud risk,0,
influencer_240,320820,6489,1201,10.96,2.02,977,69.4,MANUAL REVIEW - Audit history,1,
influencer_241,459582,10789,416,3.49,2.35,1843,0.0,APPROVE - Low fraud risk,0,
influencer_242,52548,2831,141,1.49,5.39,1446,0.0,APPROVE - Low fraud risk,0,
influencer_243,190634,3100,145,9.15,1.63,631,2.2,APPROVE - Low fraud risk,0,
influencer_244,260665,4551,217,3.11,1.75,1850,0.0,APPROVE - Low fraud risk,0,
influencer_245,238750,7357,294,2.68,3.08,1318,0.0,APPROVE - Low fraud risk,0,
influencer_246,471253,14736,794,6.84,3.13,745,0.1,APPROVE - Low fraud risk,0,
influencer_247,858814,19753,993,0.96,2.3,1174,0.0,APPROVE - Low fraud risk,0,
influencer_248,1322506,43354,2252,1.73,3.28,1927,0.2,APPROVE - Low fraud risk,0,
influencer_249,30333,1784,65,9.09,5.88,1257,0.6,APPROVE - Low fraud risk,0,
influencer_250,314851,9955,3411,4.19,3.16,353,97.7,REJECT - High fraud risk,1,
influencer_251,267318,8107,4379,19.13,3.03,951,99.3,REJECT - High fraud risk,1,
influencer_252,203412,7140,66,0.46,3.51,1086,0.0,APPROVE - Low fraud risk,0,
influencer_253,798050,31146,632,1.44,3.9,1192,0.0,APPROVE - Low fraud risk,0,
influencer_254,635990,13732,303,3.93,2.16,1326,0.0,APPROVE - Low fraud risk,0,
influencer_255,15212,714,37,-4.47,4.7,1606,0.3,APPROVE - Low fraud risk,0,
influencer_256,346950,18850,701,2.12,5.43,1214,0.0,APPROVE - Low fraud risk,0,
influencer_257,2483122,52121,2733,5.07,2.1,204,0.0,APPROVE - Low fraud risk,0,
influencer_258,428956,9796,625,7.17,2.28,229,0.0,APPROVE - Low fraud risk,0,
influencer_259,1070829,23534,1848,13.02,2.2,876,19.2,APPROVE - Low fraud risk,0,
influencer_260,281306,6753,342,7.42,2.4,1459,0.0,APPROVE - Low fraud risk,0,
influencer_261,268047,3650,272,2.17,1.36,568,0.0,APPROVE - Low fraud risk,0,
influencer_262,184712,4898,68,7.63,2.65,500,0.1,APPROVE - Low fraud risk,0,
influencer_263,397170,8741,198,-4.92,2.2,616,0.0,APPROVE - Low fraud risk,0,
influencer_264,1189098,585,27,4.54,0.05,338,99.3,REJECT - High fraud risk,1,
influencer_265,181601,2813,118,3.96,1.55,1048,0.0,APPROVE - Low fraud risk,0,
influencer_266,500061,11750,453,3.77,2.35,1218,0.0,APPROVE - Low fraud risk,0,
influencer_267,3263072,65702,4065,0.55,2.01,762,0.2,APPROVE - Low fraud risk,0,
influencer_268,733983,23243,1418,-0.19,3.17,1341,0.0,APPROVE - Low fraud risk,0,
influencer_269,213312,3414,172,2.33,1.6,733,0.3,APPROVE - Low fraud risk,0,
influencer_270,525841,7490,420,5.14,1.42,1009,0.3,APPROVE - Low fraud risk,0,
influencer_271,5000000,186931,10209,4.73,3.74,1314,0.2,APPROVE - Low fraud risk,0,
influencer_272,492453,9158,653,-0.31,1.86,1756,0.0,APPROVE - Low fraud risk,0,
influencer_273,265619,5024,1061,13.18,1.89,496,80.7,REJECT - High fraud risk,1,
influencer_274,475743,1214,34,5.85,0.26,1518,54.5,MANUAL REVIEW - Audit history,1,
influencer_275,698072,9453,387,-0.92,1.35,806,0.0,APPROVE - Low fraud risk,0,
influencer_276,1154968,48465,1623,4.92,4.2,1899,0.0,APPROVE - Low fraud risk,0,
influencer_277,431510,17173,468,-2.66,3.98,1654,0.0,APPROVE - Low fraud risk,0,
influencer_278,367138,5544,228,-3.9,1.51,1448,0.0,APPROVE - Low fraud risk,0,
influencer_279,116542,2017,83,-1.77,1.73,874,0.0,APPROVE - Low fraud risk,0,
influencer_280,540065,3926,150,7.25,0.73,530,7.7,APPROVE - Low fraud risk,0,
influencer_281,1338945,962,29,15.19,0.07,401,100.0,REJECT - High fraud risk,1,
influencer_282,170097,270,10,26.42,0.16,219,98.7,REJECT - High fraud risk,1,
influencer_283,471702,15708,644,4.68,3.33,1292,0.0,APPROVE - Low fraud risk,0,
influencer_284,128663,1976,81,5.32,1.54,1041,0.0,APPROVE - Low fraud risk,0,
influencer_285,604028,13704,883,1.73,2.27,1601,0.0,APPROVE - Low fraud risk,0,
influencer_286,1655648,50854,2092,-1.97,3.07,1543,0.0,APPROVE - Low fraud risk,0,
influencer_287,1173422,42615,3117,6.16,3.63,1391,0.0,APPROVE - Low fraud risk,0,
influencer_288,313531,7933,446,4.93,2.53,1744,0.0,APPROVE - Low fraud risk,0,
influencer_289,100197,3381,117,0.3,3.37,1311,0.0,APPROVE - Low fraud risk,0,
influencer_290,4149841,121643,2641,1.84,2.93,658,0.4,APPROVE - Low fraud risk,0,
influencer_291,662108,22346,1028,-0.41,3.37,274,0.0,APPROVE - Low fraud risk,0,
influencer_292,618393,21240,872,1.38,3.43,1376,0.0,APPROVE - Low fraud risk,0,
influencer_293,1328607,30825,1686,0.03,2.32,1334,0.0,APPROVE - Low fraud risk,0,
influencer_294,57415,1860,90,3.93,3.24,190,0.8,APPROVE - Low fraud risk,0,
influencer_295,321556,8936,238,4.75,2.78,955,0.3,APPROVE - Low fraud risk,0,
influencer_296,537743,8991,565,9.64,1.67,1383,1.9,APPROVE - Low fraud risk,0,
influencer_297,299489,12012,830,0.63,4.01,225,0.0,APPROVE - Low fraud risk,0,
influencer_298,572477,18115,1007,4.07,3.16,914,0.3,APPROVE - Low fraud risk,0,
influencer_299,211448,5244,360,1.31,2.48,1010,0.0,APPROVE - Low fraud risk,0,
influencer_300,124976,4857,148,5.54,3.89,1670,0.0,APPROVE - Low fraud risk,0,
influencer_301,889724,32022,840,8.87,3.6,1032,0.0,APPROVE - Low fraud risk,0,
influencer_302,282720,3156,58,1.82,1.12,1298,0.3,APPROVE - Low fraud risk,0,
influencer_303,230688,958,24,0.53,0.42,810,14.3,APPROVE - Low fraud risk,0,
influencer_304,949924,25234,1658,2.91,2.66,161,0.6,APPROVE - Low fraud risk,0,
influencer_305,103320,2649,84,3.58,2.56,1610,0.0,APPROVE - Low fraud risk,0,
influencer_306,774790,87,5,29.46,0.01,384,100.0,REJECT - High fraud risk,1,
influencer_307,993610,866,22,28.35,0.09,562,100.0,REJECT - High fraud risk,1,
influencer_308,3356354,180450,4023,4.08,5.38,1772,0.2,APPROVE - Low fraud risk,0,
influencer_309,468698,12979,395,1.11,2.77,477,0.0,APPROVE - Low fraud risk,0,
influencer_310,573278,16588,1169,5.74,2.89,1891,0.0,APPROVE - Low fraud risk,0,
influencer_311,606840,27380,1141,2.76,4.51,1766,0.0,APPROVE - Low fraud risk,0,
influencer_312,4091081,69309,3029,7.78,1.69,1091,1.8,APPROVE - Low fraud risk,0,
influencer_313,1994020,62154,2793,-1.1,3.12,1499,0.2,APPROVE - Low fraud risk,0,
influencer_314,702626,10853,5816,6.28,1.54,837,96.4,REJECT - High fraud risk,1,
influencer_315,631854,22766,1399,-5.21,3.6,613,0.0,APPROVE - Low fraud risk,0,
influencer_316,392108,11131,776,3.75,2.84,1069,0.0,APPROVE - Low fraud risk,0,
influencer_317,281922,11746,559,-0.11,4.17,1474,0.0,APPROVE - Low fraud risk,0,
influencer_318,152308,3579,207,0.57,2.35,1022,0.0,APPROVE - Low fraud risk,0,
influencer_319,155669,6407,2907,14.19,4.12,729,99.3,REJECT - High fraud risk,1,
influencer_320,101794,3827,190,10.38,3.76,489,1.5,APPROVE - Low fraud risk,0,
influencer_321,359241,13326,5350,16.96,3.71,85,99.3,REJECT - High fraud risk,1,
influencer_322,5000000,99359,3748,0.49,1.99,1442,0.2,APPROVE - Low fraud risk,0,
influencer_323,139802,1364,59,2.8,0.98,705,0.3,APPROVE - Low fraud risk,0,
influencer_324,551797,9525,395,1.54,1.73,1590,0.0,APPROVE - Low fraud risk,0,
influencer_325,1466134,47038,1079,-4.04,3.21,569,0.0,APPROVE - Low fraud risk,0,
influencer_326,281090,8164,400,2.04,2.9,1425,0.0,APPROVE - Low fraud risk,0,
influencer_327,220732,6204,371,2.91,2.81,1967,0.0,APPROVE - Low fraud risk,0,
influencer_328,243325,6491,432,5.63,2.67,865,0.3,APPROVE - Low fraud risk,0,
influencer_329,669092,9909,623,5.71,1.48,743,0.5,APPROVE - Low fraud risk,0,
influencer_330,1301698,14990,863,5.26,1.15,177,0.8,APPROVE - Low fraud risk,0,
influencer_331,316546,13373,698,2.84,4.22,283,0.1,APPROVE - Low fraud risk,0,
influencer_332,323394,14243,817,1.0,4.4,957,0.0,APPROVE - Low fraud risk,0,
influencer_333,389329,10406,345,2.12,2.67,863,0.3,APPROVE - Low fraud risk,0,
influencer_334,887482,13705,877,-3.03,1.54,1137,0.0,APPROVE - Low fraud risk,0,
influencer_335,366793,13130,353,-1.05,3.58,919,0.0,APPROVE - Low fraud risk,0,
influencer_336,461593,20369,706,6.65,4.41,501,0.1,APPROVE - Low fraud risk,0,
influencer_337,1483593,57533,3109,1.75,3.88,1766,0.2,APPROVE - Low fraud risk,0,
influencer_338,315593,4068,160,4.46,1.29,1995,0.0,APPROVE - Low fraud risk,0,
influencer_339,333899,5455,308,5.73,1.63,932,0.3,APPROVE - Low fraud risk,0,
influencer_340,159662,2887,156,7.72,1.81,104,1.5,APPROVE - Low fraud risk,0,
influencer_341,58679,1743,57,-7.51,2.97,1373,0.3,APPROVE - Low fraud risk,0,
influencer_342,845437,16928,734,3.97,2.0,1550,0.0,APPROVE - Low fraud risk,0,
influencer_343,42526,965,39,1.99,2.27,1337,0.0,APPROVE - Low fraud risk,0,
influencer_344,190006,7306,543,5.17,3.85,1276,0.0,APPROVE - Low fraud risk,0,
influencer_345,528436,18789,1222,5.67,3.56,1974,0.0,APPROVE - Low fraud risk,0,
influencer_346,878192,28043,1174,8.0,3.19,215,0.2,APPROVE - Low fraud risk,0,
influencer_347,589010,17642,6230,-2.07,3.0,243,97.2,REJECT - High fraud risk,1,
influencer_348,50461,1251,24,-2.17,2.48,1964,0.0,APPROVE - Low fraud risk,0,
influencer_349,1088858,36382,1531,9.03,3.34,618,1.2,APPROVE - Low fraud risk,0,
influencer_350,264271,6524,343,10.41,2.47,862,4.8,APPROVE - Low fraud risk,0,
influencer_351,515567,14336,549,3.22,2.78,1481,0.0,APPROVE - Low fraud risk,0,
influencer_352,564397,14833,565,2.77,2.63,1424,0.0,APPROVE - Low fraud risk,0,
influencer_353,292892,7735,456,8.93,2.64,1443,0.3,APPROVE - Low fraud risk,0,
influencer_354,335315,3317,161,7.53,0.99,1706,0.9,APPROVE - Low fraud risk,0,
influencer_355,623941,14887,10253,-10.0,2.39,984,98.7,REJECT - High fraud risk,1,
influencer_356,2962569,36452,1217,6.25,1.23,769,1.8,APPROVE - Low fraud risk,0,
influencer_357,640915,14292,737,2.64,2.23,535,0.0,APPROVE - Low fraud risk,0,
influencer_358,663439,20954,867,5.83,3.16,1590,0.0,APPROVE - Low fraud risk,0,
influencer_359,661258,5918,243,4.09,0.9,1308,0.7,APPROVE - Low fraud risk,0,
influencer_360,218701,10137,523,5.64,4.63,1774,0.3,APPROVE - Low fraud risk,0,
influencer_361,230075,4127,264,-8.81,1.79,183,2.0,APPROVE - Low fraud risk,0,
influencer_362,919811,37313,1816,2.12,4.06,955,0.0,APPROVE - Low fraud risk,0,
influencer_363,580536,15229,486,6.2,2.62,1133,0.0,APPROVE - Low fraud risk,0,
influencer_364,423789,10070,391,-3.52,2.38,1117,0.0,APPROVE - Low fraud risk,0,
influencer_365,1048980,39713,2030,-1.31,3.79,1654,0.0,APPROVE - Low fraud risk,0,
influencer_366,1768560,63242,3241,2.59,3.58,309,0.4,APPROVE - Low fraud risk,0,
influencer_367,794557,20884,898,-0.42,2.63,1737,0.0,APPROVE - Low fraud risk,0,
influencer_368,681540,20750,955,10.25,3.04,1042,4.1,APPROVE - Low fraud risk,0,
influencer_369,249333,5127,304,-1.75,2.06,644,0.0,APPROVE - Low fraud risk,0,
influencer_370,111260,900,24,29.54,0.81,778,38.2,CAUTION - Monitor 2-4 weeks,0,
influencer_371,418467,12578,603,8.57,3.01,1593,0.0,APPROVE - Low fraud risk,0,
influencer_372,77330,2659,171,-3.56,3.44,1686,0.0,APPROVE - Low fraud risk,0,
influencer_373,1114498,45913,2011,4.99,4.12,800,0.5,APPROVE - Low fraud risk,0,
influencer_374,257091,8184,262,4.37,3.18,1166,0.0,APPROVE - Low fraud risk,0,
influencer_375,107409,2583,103,-2.91,2.4,1287,0.0,APPROVE - Low fraud risk,0,
influencer_376,217476,8675,486,5.28,3.99,1219,0.0,APPROVE - Low fraud risk,0,
influencer_377,806431,34631,1519,8.1,4.29,766,1.2,APPROVE - Low fraud risk,0,
influencer_378,337795,6711,157,9.15,1.99,354,1.4,APPROVE - Low fraud risk,0,
influencer_379,1397346,20664,922,2.62,1.48,1225,0.0,APPROVE - Low fraud risk,0,
influencer_380,135542,3313,192,3.64,2.44,1834,0.0,APPROVE - Low fraud risk,0,
influencer_381,311447,9083,245,1.9,2.92,354,0.1,APPROVE - Low fraud risk,0,
influencer_382,633445,9651,311,4.73,1.52,545,0.0,APPROVE - Low fraud risk,0,
influencer_383,315578,9742,714,1.1,3.09,524,0.0,APPROVE - Low fraud risk,0,
influencer_384,1661067,14631,835,-1.73,0.88,1970,0.0,APPROVE - Low fraud risk,0,
influencer_385,79287,3012,208,3.4,3.8,1482,0.0,APPROVE - Low fraud risk,0,
influencer_386,78924,3626,224,-0.1,4.59,1159,0.0,APPROVE - Low fraud risk,0,
influencer_387,288536,75,2,41.75,0.03,667,97.3,REJECT - High fraud risk,1,
influencer_388,319263,17901,438,1.95,5.61,1837,0.0,APPROVE - Low fraud risk,0,
influencer_389,2819147,92049,3103,4.86,3.27,1191,0.4,APPROVE - Low fraud risk,0,
influencer_390,245586,5046,64,2.62,2.05,663,0.0,APPROVE - Low fraud risk,0,
influencer_391,38731,1412,51,1.51,3.65,823,0.1,APPROVE - Low fraud risk,0,
influencer_392,2646818,213,6,18.8,0.01,265,100.0,REJECT - High fraud risk,1,
influencer_393,212474,6569,205,11.24,3.09,606,4.4,APPROVE - Low fraud risk,0,
influencer_394,358457,4842,161,4.8,1.35,334,0.3,APPROVE - Low fraud risk,0,
influencer_395,921013,29396,1501,0.92,3.19,546,0.4,APPROVE - Low fraud risk,0,
influencer_396,501452,12787,689,3.85,2.55,664,0.0,APPROVE - Low fraud risk,0,
influencer_397,519453,8244,439,3.83,1.59,1019,0.0,APPROVE - Low fraud risk,0,
influencer_398,253403,10744,278,5.43,4.24,344,0.1,APPROVE - Low fraud risk,0,
influencer_399,116293,2568,71,7.78,2.21,1070,0.0,APPROVE - Low fraud risk,0,
influencer_400,1018853,24983,1115,5.04,2.45,1339,0.0,APPROVE - Low fraud risk,0,
influencer_401,162078,4643,364,0.42,2.86,484,0.0,APPROVE - Low fraud risk,0,
influencer_402,1184392,36234,3201,-0.48,3.06,1559,1.9,APPROVE - Low fraud risk,0,
influencer_403,353909,11219,99,4.24,3.17,1042,0.0,APPROVE - Low fraud risk,0,
influencer_404,164844,6766,405,8.19,4.1,1428,0.0,APPROVE - Low fraud risk,0,
influencer_405,984176,25639,1276,-3.78,2.61,1305,0.0,APPROVE - Low fraud risk,0,
influencer_406,464464,6398,255,6.0,1.38,1869,0.0,APPROVE - Low fraud risk,0,
influencer_407,137184,4892,217,5.0,3.57,790,0.1,APPROVE - Low fraud risk,0,
influencer_408,234290,4546,231,8.07,1.94,480,1.5,APPROVE - Low fraud risk,0,
influencer_409,787491,38644,1548,-3.84,4.91,988,0.0,APPROVE - Low fraud risk,0,
influencer_410,1012185,37925,1585,-0.18,3.75,974,0.0,APPROVE - Low fraud risk,0,
influencer_411,76098,2524,83,8.88,3.32,1532,0.3,APPROVE - Low fraud risk,0,
influencer_412,352537,12717,678,6.22,3.61,1698,0.0,APPROVE - Low fraud risk,0,
influencer_413,558275,22263,1100,7.66,3.99,1599,0.0,APPROVE - Low fraud risk,0,
influencer_414,821182,7931,605,8.3,0.97,1084,5.6,APPROVE - Low fraud risk,0,
influencer_415,86647,3717,276,1.04,4.29,203,0.0,APPROVE - Low fraud risk,0,
influencer_416,813632,12484,357,2.84,1.53,1028,0.0,APPROVE - Low fraud risk,0,
influencer_417,66168,1942,67,1.9,2.93,107,0.8,APPROVE - Low fraud risk,0,
influencer_418,530210,24106,9440,6.05,4.55,797,97.0,REJECT - High fraud risk,1,
influencer_419,1057860,21696,1478,4.91,2.05,439,0.0,APPROVE - Low fraud risk,0,
influencer_420,97378,2545,142,2.55,2.61,626,0.1,APPROVE - Low fraud risk,0,
influencer_421,75433,2429,125,3.34,3.22,1611,0.0,APPROVE - Low fraud risk,0,
influencer_422,814039,27204,667,4.96,3.34,329,0.2,APPROVE - Low fraud risk,0,
influencer_423,389938,10504,350,-2.35,2.69,548,0.0,APPROVE - Low fraud risk,0,
influencer_424,185020,3311,136,0.17,1.79,655,0.0,APPROVE - Low fraud risk,0,
influencer_425,156851,7080,391,7.71,4.51,1217,0.0,APPROVE - Low fraud risk,0,
influencer_426,376849,13669,4876,10.74,3.63,679,97.4,REJECT - High fraud risk,1,
influencer_427,62789,4474,190,8.41,7.13,957,0.3,APPROVE - Low fraud risk,0,
influencer_428,574149,13339,727,5.11,2.32,729,0.0,APPROVE - Low fraud risk,0,
influencer_429,70786,2186,549,22.96,3.09,810,96.9,REJECT - High fraud risk,1,
influencer_430,31771,1452,61,-0.77,4.57,92,1.0,APPROVE - Low fraud risk,0,
influencer_431,1530065,33436,903,8.42,2.19,1344,0.7,APPROVE - Low fraud risk,0,
influencer_432,174473,597,29,25.41,0.34,279,86.9,REJECT - High fraud risk,1,
influencer_433,224625,9940,599,5.45,4.43,203,0.1,APPROVE - Low fraud risk,0,
influencer_434,140114,4306,208,-1.31,3.07,1649,0.0,APPROVE - Low fraud risk,0,
influencer_435,5000000,29224,1312,10.22,0.58,725,24.2,APPROVE - Low fraud risk,0,
influencer_436,452273,5869,85,10.45,1.3,206,15.5,APPROVE - Low fraud risk,0,
influencer_437,1379408,14550,654,-3.13,1.05,1466,0.0,APPROVE - Low fraud risk,0,
influencer_438,262151,8997,287,-1.74,3.43,1846,0.0,APPROVE - Low fraud risk,0,
influencer_439,527546,9657,607,-0.88,1.83,1475,0.0,APPROVE - Low fraud risk,0,
influencer_440,179995,3395,118,3.81,1.89,1556,0.0,APPROVE - Low fraud risk,0,
influencer_441,52794,1373,91,2.41,2.6,1753,0.0,APPROVE - Low fraud risk,0,
influencer_442,731208,21568,1444,7.99,2.95,340,0.2,APPROVE - Low fraud risk,0,
influencer_443,465405,17330,892,5.68,3.72,532,0.1,APPROVE - Low fraud risk,0,
influencer_444,3668307,107095,8644,5.57,2.92,1906,0.4,APPROVE - Low fraud risk,0,
influencer_445,62650,3359,86,-0.18,5.36,733,0.0,APPROVE - Low fraud risk,0,
influencer_446,341092,11346,403,2.19,3.33,568,0.1,APPROVE - Low fraud risk,0,
influencer_447,533077,25294,701,3.66,4.74,742,0.1,APPROVE - Low fraud risk,0,
influencer_448,2296279,391,10,16.17,0.02,500,100.0,REJECT - High fraud risk,1,
influencer_449,577663,9065,445,5.47,1.57,686,0.3,APPROVE - Low fraud risk,0,
influencer_450,405270,11080,748,-1.3,2.73,196,0.0,APPROVE - Low fraud risk,0,
influencer_451,102338,3613,104,-1.2,3.53,181,0.0,APPROVE - Low fraud risk,0,
influencer_452,3492810,60992,3433,1.34,1.75,266,0.2,APPROVE - Low fraud risk,0,
influencer_453,608358,503,16,20.94,0.08,186,100.0,REJECT - High fraud risk,1,
influencer_454,361946,8493,433,-4.3,2.35,390,0.0,APPROVE - Low fraud risk,0,
influencer_455,224348,46,0,-1.02,0.02,777,92.6,REJECT - High fraud risk,1,
influencer_456,286636,9998,292,3.95,3.49,157,0.1,APPROVE - Low fraud risk,0,
influencer_457,860693,13149,488,0.44,1.53,463,0.0,APPROVE - Low fraud risk,0,
influencer_458,193727,4669,220,1.9,2.41,1991,0.0,APPROVE - Low fraud risk,0,
influencer_459,65655,3505,174,8.24,5.34,952,0.0,APPROVE - Low fraud risk,0,
influencer_460,584302,20398,837,0.36,3.49,1610,0.0,APPROVE - Low fraud risk,0,
influencer_461,2998470,156396,8978,3.25,5.22,702,0.4,APPROVE - Low fraud risk,0,
influencer_462,67888,832,32,-5.98,1.23,1331,0.0,APPROVE - Low fraud risk,0,
influencer_463,775209,22888,1101,5.86,2.95,517,0.1,APPROVE - Low fraud risk,0,
influencer_464,370314,7596,260,2.34,2.05,1846,0.0,APPROVE - Low fraud risk,0,
influencer_465,2278748,23522,885,0.53,1.03,1740,0.0,APPROVE - Low fraud risk,0,
influencer_466,226567,11735,978,2.15,5.18,1808,8.7,APPROVE - Low fraud risk,0,
influencer_467,1717105,19814,937,-0.79,1.15,351,0.0,APPROVE - Low fraud risk,0,
influencer_468,282879,165,3,10.38,0.06,839,93.6,REJECT - High fraud risk,1,
influencer_469,173895,2264,1150,11.47,1.3,347,85.3,REJECT - High fraud risk,1,
influencer_470,739032,2910,69,25.71,0.39,388,70.8,MANUAL REVIEW - Audit history,1,
influencer_471,456416,4804,234,-6.12,1.05,1167,0.5,APPROVE - Low fraud risk,0,
influencer_472,265450,1192,34,10.32,0.45,588,54.2,MANUAL REVIEW - Audit history,1,
influencer_473,639041,17698,592,2.68,2.77,1935,0.0,APPROVE - Low fraud risk,0,
influencer_474,738256,23387,757,5.76,3.17,1099,0.0,APPROVE - Low fraud risk,0,
influencer_475,983263,24651,1165,0.5,2.51,1680,0.0,APPROVE - Low fraud risk,0,
influencer_476,1043255,36916,1128,7.82,3.54,1086,0.0,APPROVE - Low fraud risk,0,
influencer_477,1009699,22509,1256,5.98,2.23,1441,0.0,APPROVE - Low fraud risk,0,
influencer_478,2902080,58790,4214,0.36,2.03,1810,0.2,APPROVE - Low fraud risk,0,
influencer_479,160304,4076,86,1.19,2.54,1223,0.0,APPROVE - Low fraud risk,0,
influencer_480,205759,7162,352,4.98,3.48,966,0.0,APPROVE - Low fraud risk,0,
influencer_481,619000,5956,344,4.09,0.96,1236,0.3,APPROVE - Low fraud risk,0,
influencer_482,1304805,33322,1988,7.12,2.55,1744,0.0,APPROVE - Low fraud risk,0,
influencer_483,149718,6195,279,4.36,4.14,675,0.1,APPROVE - Low fraud risk,0,
influencer_484,537858,11646,531,4.44,2.17,756,0.0,APPROVE - Low fraud risk,0,
influencer_485,79215,3162,184,6.48,3.99,585,0.1,APPROVE - Low fraud risk,0,
influencer_486,755633,19045,7779,21.31,2.52,897,99.1,REJECT - High fraud risk,1,
influencer_487,571133,19225,898,1.81,3.37,1142,0.0,APPROVE - Low fraud risk,0,
influencer_488,942660,39547,1848,-0.97,4.2,178,1.0,APPROVE - Low fraud risk,0,
influencer_489,1211649,24329,1053,-3.08,2.01,264,0.0,APPROVE - Low fraud risk,0,
influencer_490,702364,14677,747,2.31,2.09,593,0.0,APPROVE - Low fraud risk,0,
influencer_491,1433054,33187,1040,3.77,2.32,1882,0.0,APPROVE - Low fraud risk,0,
influencer_492,73203,3748,59,1.76,5.12,258,0.5,APPROVE - Low fraud risk,0,
influencer_493,7996,321,11,0.01,4.01,1635,0.0,APPROVE - Low fraud risk,0,
influencer_494,989539,39157,1777,11.51,3.96,388,7.2,APPROVE - Low fraud risk,0,
influencer_495,1745838,53692,2365,-0.92,3.08,592,0.4,APPROVE - Low fraud risk,0,
influencer_496,91341,4701,269,-1.1,5.15,1259,0.0,APPROVE - Low fraud risk,0,
influencer_497,334799,15677,1364,-1.4,4.68,1008,3.0,APPROVE - Low fraud risk,0,
influencer_498,179069,3675,199,0.0,2.05,938,0.0,APPROVE - Low fraud risk,0,
influencer_499,422170,13329,553,-6.06,3.16,796,0.7,APPROVE - Low fraud risk,0,
influencer_500,195449,9463,481,2.31,4.84,879,0.3,APPROVE - Low fraud risk,0,
influencer_501,1031023,46613,2741,-0.47,4.52,1844,0.6,APPROVE - Low fraud risk,0,
influencer_502,55585,1184,47,-0.75,2.13,318,0.0,APPROVE - Low fraud risk,0,
influencer_503,144764,4716,241,5.1,3.26,1760,0.0,APPROVE - Low fraud risk,0,
influencer_504,52160,146,6,36.61,0.28,650,79.2,REJECT - High fraud risk,1,
influencer_505,17134,581,28,3.89,3.39,251,1.8,APPROVE - Low fraud risk,0,
influencer_506,565777,15872,701,4.74,2.81,1381,0.0,APPROVE - Low fraud risk,0,
influencer_507,291972,4129,96,5.38,1.41,722,0.3,APPROVE - Low fraud risk,0,
influencer_508,600764,19850,922,1.56,3.3,1087,0.0,APPROVE - Low fraud risk,0,
influencer_509,4031427,161941,4650,0.93,4.02,1335,0.2,APPROVE - Low fraud risk,0,
influencer_510,94346,3649,127,10.83,3.87,119,1.7,APPROVE - Low fraud risk,0,
influencer_511,366460,13286,546,9.54,3.63,462,0.6,APPROVE - Low fraud risk,0,
influencer_512,67331,1640,108,6.84,2.44,1867,0.0,APPROVE - Low fraud risk,0,
influencer_513,496411,12599,546,6.52,2.54,1031,0.0,APPROVE - Low fraud risk,0,
influencer_514,1028390,12952,652,5.19,1.26,567,0.5,APPROVE - Low fraud risk,0,
influencer_515,306088,11022,461,-1.03,3.6,1036,0.0,APPROVE - Low fraud risk,0,
influencer_516,1855977,50700,1697,5.36,2.73,1959,0.1,APPROVE - Low fraud risk,0,
influencer_517,72240,2029,101,5.18,2.81,1813,0.0,APPROVE - Low fraud risk,0,
influencer_518,90055,2546,128,2.02,2.83,1385,0.0,APPROVE - Low fraud risk,0,
influencer_519,445509,11190,422,1.27,2.51,768,0.0,APPROVE - Low fraud risk,0,
influencer_520,3798671,155805,9684,6.8,4.1,1659,0.0,APPROVE - Low fraud risk,0,
influencer_521,218150,6664,274,2.69,3.05,309,0.1,APPROVE - Low fraud risk,0,
influencer_522,853107,30217,803,5.46,3.54,1888,0.0,APPROVE - Low fraud risk,0,
influencer_523,869357,36067,1410,4.64,4.15,1644,0.0,APPROVE - Low fraud risk,0,
influencer_524,1398146,34785,1810,6.7,2.49,913,1.6,APPROVE - Low fraud risk,0,
influencer_525,173529,4840,180,10.28,2.79,1885,0.6,APPROVE - Low fraud risk,0,
influencer_526,1604579,77254,3826,-3.37,4.81,262,0.4,APPROVE - Low fraud risk,0,
influencer_527,185426,5510,285,-4.72,2.97,1240,0.0,APPROVE - Low fraud risk,0,
influencer_528,344455,3614,43,5.09,1.05,298,8.9,APPROVE - Low fraud risk,0,
influencer_529,306072,3718,86,0.69,1.21,1211,0.0,APPROVE - Low fraud risk,0,
influencer_530,1936889,54266,24837,25.63,2.8,59,95.8,REJECT - High fraud risk,1,
influencer_531,210266,7333,353,5.04,3.49,205,0.1,APPROVE - Low fraud risk,0,
influencer_532,1373970,17884,663,7.45,1.3,738,2.0,APPROVE - Low fraud risk,0,
influencer_533,204541,7779,168,11.85,3.8,1906,4.0,APPROVE - Low fraud risk,0,
influencer_534,523252,1822,83,5.16,0.35,959,50.3,MANUAL REVIEW - Audit history,1,
influencer_535,1847385,57416,2025,11.06,3.11,625,7.1,APPROVE - Low fraud risk,0,
influencer_536,143485,2983,157,-4.9,2.08,1873,0.0,APPROVE - Low fraud risk,0,
influencer_537,727644,20449,1256,10.3,2.81,1309,1.5,APPROVE - Low fraud risk,0,
influencer_538,2224160,51082,2312,-3.1,2.3,1706,0.0,APPROVE - Low fraud risk,0,
influencer_539,609458,9159,443,4.17,1.5,728,0.0,APPROVE - Low fraud risk,0,
influencer_540,932904,32307,13007,8.76,3.46,633,95.1,REJECT - High fraud risk,1,
influencer_541,335283,9687,623,4.14,2.89,545,0.1,APPROVE - Low fraud risk,0,
influencer_542,1616871,35177,1197,5.13,2.18,636,0.0,APPROVE - Low fraud risk,0,
influencer_543,1008672,15083,230,4.63,1.5,1215,0.0,APPROVE - Low fraud risk,0,
influencer_544,1873575,345,12,19.84,0.02,517,100.0,REJECT - High fraud risk,1,
influencer_545,479751,18135,855,4.03,3.78,1368,0.0,APPROVE - Low fraud risk,0,
influencer_546,416008,10573,180,3.66,2.54,1389,0.0,APPROVE - Low fraud risk,0,
influencer_547,77641,3444,110,7.42,4.44,889,0.3,APPROVE - Low fraud risk,0,
influencer_548,315439,4292,85,4.72,1.36,1889,0.0,APPROVE - Low fraud risk,0,
influencer_549,465534,9608,621,-1.05,2.06,739,0.0,APPROVE - Low fraud risk,0,
influencer_550,121264,1737,48,3.5,1.43,926,0.3,APPROVE - Low fraud risk,0,
influencer_551,217031,2711,122,-1.01,1.25,663,0.0,APPROVE - Low fraud risk,0,
influencer_552,253181,4806,374,1.03,1.9,426,0.0,APPROVE - Low fraud risk,0,
influencer_553,1650008,69509,2015,6.82,4.21,416,0.7,APPROVE - Low fraud risk,0,
influencer_554,970762,33293,1830,7.08,3.43,1998,0.1,APPROVE - Low fraud risk,0,
influencer_555,273949,4282,123,5.41,1.56,444,0.0,APPROVE - Low fraud risk,0,
influencer_556,2247059,59308,1854,-2.38,2.64,1113,0.0,APPROVE - Low fraud risk,0,
influencer_557,319338,1506,38,25.24,0.47,852,69.7,MANUAL REVIEW - Audit history,1,
influencer_558,263114,6225,1991,4.78,2.37,587,92.8,REJECT - High fraud risk,1,
influencer_559,1625107,54141,17327,15.68,3.33,399,98.0,REJECT - High fraud risk,1,
influencer_560,1506087,23833,1082,13.37,1.58,1976,10.9,APPROVE - Low fraud risk,0,
influencer_561,27089,492,20,-0.99,1.82,1278,0.0,APPROVE - Low fraud risk,0,
influencer_562,135016,7299,544,6.83,5.41,1582,0.3,APPROVE - Low fraud risk,0,
influencer_563,2125852,41699,3248,4.44,1.96,1143,0.0,APPROVE - Low fraud risk,0,
influencer_564,763736,25015,1511,2.61,3.28,349,0.3,APPROVE - Low fraud risk,0,
influencer_565,402989,11182,494,7.34,2.77,93,0.1,APPROVE - Low fraud risk,0,
influencer_566,69600,2103,753,19.95,3.02,993,96.6,REJECT - High fraud risk,1,
influencer_567,316363,6467,286,0.73,2.04,470,0.0,APPROVE - Low fraud risk,0,
influencer_568,933201,32347,1010,10.92,3.47,456,2.6,APPROVE - Low fraud risk,0,
influencer_569,57383,1648,120,-1.53,2.87,1570,0.0,APPROVE - Low fraud risk,0,
influencer_570,700191,20353,453,7.75,2.91,1745,0.0,APPROVE - Low fraud risk,0,
influencer_571,630583,22159,11757,17.23,3.51,806,98.1,REJECT - High fraud risk,1,
influencer_572,409101,9294,369,3.36,2.27,443,0.0,APPROVE - Low fraud risk,0,
influencer_573,398960,17323,795,11.43,4.34,509,4.2,APPROVE - Low fraud risk,0,
influencer_574,194954,2529,68,3.96,1.3,681,0.0,APPROVE - Low fraud risk,0,
influencer_575,108743,2841,79,5.96,2.61,254,0.1,APPROVE - Low fraud risk,0,
influencer_576,1643849,62914,23243,10.78,3.83,701,91.9,REJECT - High fraud risk,1,
influencer_577,3104848,80008,3381,0.49,2.58,140,0.2,APPROVE - Low fraud risk,0,
influencer_578,166687,3209,182,1.44,1.93,1295,0.0,APPROVE - Low fraud risk,0,
influencer_579,1566438,53467,1521,2.73,3.41,134,0.8,APPROVE - Low fraud risk,0,
influencer_580,916923,19206,823,3.33,2.09,1354,0.3,APPROVE - Low fraud risk,0,
influencer_581,1704738,19525,1515,6.26,1.15,878,5.1,APPROVE - Low fraud risk,0,
influencer_582,356031,221,7,21.69,0.06,789,98.1,REJECT - High fraud risk,1,
influencer_583,360572,5930,420,7.95,1.64,737,1.6,APPROVE - Low fraud risk,0,
influencer_584,312470,11323,319,3.49,3.62,1138,0.0,APPROVE - Low fraud risk,0,
influencer_585,162334,2319,60,-7.99,1.43,787,1.8,APPROVE - Low fraud risk,0,
influencer_586,586625,28899,1682,-0.89,4.93,395,0.2,APPROVE - Low fraud risk,0,
influencer_587,766261,205,8,35.08,0.03,490,100.0,REJECT - High fraud risk,1,
influencer_588,586733,13402,557,-0.21,2.28,504,0.0,APPROVE - Low fraud risk,0,
influencer_589,112575,3563,137,3.99,3.17,296,0.1,APPROVE - Low fraud risk,0,
influencer_590,282618,6589,2472,11.4,2.33,1132,89.5,REJECT - High fraud risk,1,
influencer_591,324411,12601,766,-0.1,3.88,1652,0.0,APPROVE - Low fraud risk,0,
influencer_592,65740,1831,24,-0.34,2.79,301,1.0,APPROVE - Low fraud risk,0,
influencer_593,690714,17336,802,3.64,2.51,1085,0.0,APPROVE - Low fraud risk,0,
influencer_594,611270,264,7,18.86,0.04,565,100.0,REJECT - High fraud risk,1,
influencer_595,150108,7735,2519,1.87,5.15,866,97.8,REJECT - High fraud risk,1,
influencer_596,296297,5394,313,-0.08,1.82,1042,0.0,APPROVE - Low fraud risk,0,
influencer_597,180905,3408,146,2.49,1.88,1627,0.0,APPROVE - Low fraud risk,0,
influencer_598,679764,22723,1230,1.56,3.34,628,0.1,APPROVE - Low fraud risk,0,
influencer_599,1291460,40320,2031,1.11,3.12,1291,0.0,APPROVE - Low fraud risk,0,
influencer_600,987381,18829,791,1.04,1.91,370,0.0,APPROVE - Low fraud risk,0,
influencer_601,1254709,32339,2095,8.28,2.58,1091,4.8,APPROVE - Low fraud risk,0,
influencer_602,359687,10021,452,-0.7,2.79,1078,0.0,APPROVE - Low fraud risk,0,
influencer_603,333594,11897,172,-4.48,3.57,508,0.0,APPROVE - Low fraud risk,0,
influencer_604,3909128,112,4,6.8,0.0,749,100.0,REJECT - High fraud risk,1,
influencer_605,1169822,1035,26,41.48,0.09,88,100.0,REJECT - High fraud risk,1,
influencer_606,756662,20498,1230,8.02,2.71,1192,0.3,APPROVE - Low fraud risk,0,
influencer_607,742850,24492,1081,4.27,3.3,489,0.1,APPROVE - Low fraud risk,0,
influencer_608,819428,16663,847,11.94,2.03,1423,6.0,APPROVE - Low fraud risk,0,
influencer_609,78335,1713,60,-1.54,2.19,664,0.0,APPROVE - Low fraud risk,0,
influencer_610,139785,4294,644,18.2,3.07,848,92.9,REJECT - High fraud risk,1,
influencer_611,1666838,23229,655,-2.94,1.39,477,0.0,APPROVE - Low fraud risk,0,
influencer_612,5000000,813,17,16.18,0.02,384,98.3,REJECT - High fraud risk,1,
influencer_613,395170,7119,294,-3.99,1.8,603,0.0,APPROVE - Low fraud risk,0,
influencer_614,549943,33212,1168,4.32,6.04,537,0.1,APPROVE - Low fraud risk,0,
influencer_615,560665,29072,2330,4.38,5.19,1072,13.9,APPROVE - Low fraud risk,0,
influencer_616,116045,3086,174,5.56,2.66,887,0.3,APPROVE - Low fraud risk,0,
influencer_617,5000000,233136,11422,1.06,4.66,458,0.2,APPROVE - Low fraud risk,0,
influencer_618,3195819,102756,6651,2.83,3.22,1174,0.6,APPROVE - Low fraud risk,0,
influencer_619,154080,5066,186,8.18,3.29,1762,0.0,APPROVE - Low fraud risk,0,
influencer_620,103281,4256,104,-2.29,4.12,1501,0.0,APPROVE - Low fraud risk,0,
influencer_621,553489,13345,405,-0.7,2.41,1322,0.0,APPROVE - Low fraud risk,0,
influencer_622,1280476,41886,1781,5.14,3.27,617,0.7,APPROVE - Low fraud risk,0,
influencer_623,249535,8149,234,6.45,3.27,898,0.3,APPROVE - Low fraud risk,0,
influencer_624,161776,4743,160,5.72,2.93,1353,0.0,APPROVE - Low fraud risk,0,
influencer_625,1040388,511,19,27.63,0.05,617,100.0,REJECT - High fraud risk,1,
influencer_626,305528,11830,2788,11.57,3.87,536,99.3,REJECT - High fraud risk,1,
influencer_627,765735,24470,1464,5.18,3.2,1228,0.0,APPROVE - Low fraud risk,0,
influencer_628,78848,1877,69,4.68,2.38,1805,0.0,APPROVE - Low fraud risk,0,
influencer_629,754344,21558,1336,5.34,2.86,1768,0.0,APPROVE - Low fraud risk,0,
influencer_630,1908554,49732,2076,0.74,2.61,1473,0.0,APPROVE - Low fraud risk,0,
influencer_631,183933,4217,176,1.74,2.29,1501,0.0,APPROVE - Low fraud risk,0,
influencer_632,577132,12608,535,3.9,2.18,673,0.0,APPROVE - Low fraud risk,0,
influencer_633,137495,1884,73,4.72,1.37,1847,0.0,APPROVE - Low fraud risk,0,
influencer_634,686170,20147,1557,2.71,2.94,619,0.3,APPROVE - Low fraud risk,0,
influencer_635,426953,11044,449,6.4,2.59,1236,0.0,APPROVE - Low fraud risk,0,
influencer_636,354232,11362,192,5.33,3.21,943,0.0,APPROVE - Low fraud risk,0,
influencer_637,214988,9645,253,0.15,4.49,1792,0.0,APPROVE - Low fraud risk,0,
influencer_638,158491,4666,203,3.97,2.94,1592,0.0,APPROVE - Low fraud risk,0,
influencer_639,137647,3790,568,18.03,2.75,1114,88.9,REJECT - High fraud risk,1,
influencer_640,139814,3244,212,-3.93,2.32,240,0.0,APPROVE - Low fraud risk,0,
influencer_641,759638,28060,977,0.54,3.69,1267,0.0,APPROVE - Low fraud risk,0,
influencer_642,1408321,42062,2370,-2.69,2.99,134,0.4,APPROVE - Low fraud risk,0,
influencer_643,1009274,30400,600,0.23,3.01,1442,0.0,APPROVE - Low fraud risk,0,
influencer_644,1227533,35254,2019,4.91,2.87,923,0.3,APPROVE - Low fraud risk,0,
influencer_645,833941,15486,746,3.39,1.86,1127,0.0,APPROVE - Low fraud risk,0,
influencer_646,378419,12989,392,5.17,3.43,259,0.1,APPROVE - Low fraud risk,0,
influencer_647,670986,18048,778,2.91,2.69,390,0.1,APPROVE - Low fraud risk,0,
influencer_648,752100,22941,1257,4.38,3.05,1345,0.0,APPROVE - Low fraud risk,0,
influencer_649,671459,12850,723,5.7,1.91,1169,0.0,APPROVE - Low fraud risk,0,
influencer_650,1333779,34821,654,-1.33,2.61,217,0.3,APPROVE - Low fraud risk,0,
influencer_651,342717,9692,616,0.1,2.83,696,0.0,APPROVE - Low fraud risk,0,
influencer_652,318319,14724,841,3.08,4.63,765,0.1,APPROVE - Low fraud risk,0,
influencer_653,189734,376,12,5.52,0.2,585,92.3,REJECT - High fraud risk,1,
influencer_654,803245,35494,1874,-3.62,4.42,1507,0.0,APPROVE - Low fraud risk,0,
influencer_655,458318,13374,660,3.03,2.92,890,0.3,APPROVE - Low fraud risk,0,
influencer_656,193881,9200,446,-1.99,4.75,1206,0.0,APPROVE - Low fraud risk,0,
influencer_657,573102,10040,355,2.37,1.75,291,0.0,APPROVE - Low fraud risk,0,
influencer_658,371159,12647,436,3.43,3.41,1439,0.0,APPROVE - Low fraud risk,0,
influencer_659,1825362,49411,1201,11.14,2.71,726,4.9,APPROVE - Low fraud risk,0,
influencer_660,216291,5460,166,5.44,2.52,1725,0.0,APPROVE - Low fraud risk,0,
influencer_661,803598,8974,453,2.7,1.12,684,0.0,APPROVE - Low fraud risk,0,
influencer_662,885951,27678,1816,2.98,3.12,1128,0.0,APPROVE - Low fraud risk,0,
influencer_663,586756,9047,327,8.53,1.54,544,3.0,APPROVE - Low fraud risk,0,
influencer_664,191271,8744,490,1.33,4.57,1590,0.0,APPROVE - Low fraud risk,0,
influencer_665,572561,16758,868,6.89,2.93,1165,0.0,APPROVE - Low fraud risk,0,
influencer_666,1822148,53066,99,5.49,2.91,1432,0.7,APPROVE - Low fraud risk,0,
influencer_667,79036,2354,110,7.13,2.98,563,0.1,APPROVE - Low fraud risk,0,
influencer_668,945152,31498,1538,-0.41,3.33,891,0.2,APPROVE - Low fraud risk,0,
influencer_669,447472,9703,544,-0.43,2.17,271,0.0,APPROVE - Low fraud risk,0,
influencer_670,1891211,29634,1506,9.02,1.57,713,5.5,APPROVE - Low fraud risk,0,
influencer_671,477896,19713,1215,-0.24,4.12,209,0.0,APPROVE - Low fraud risk,0,
influencer_672,165347,3604,183,9.75,2.18,1850,1.0,APPROVE - Low fraud risk,0,
influencer_673,482573,6693,284,5.63,1.39,372,0.6,APPROVE - Low fraud risk,0,
influencer_674,62195,1833,112,1.53,2.95,271,0.5,APPROVE - Low fraud risk,0,
influencer_675,60892,2314,71,2.27,3.8,466,0.1,APPROVE - Low fraud risk,0,
influencer_676,100222,2423,78,3.55,2.42,70,0.0,APPROVE - Low fraud risk,0,
influencer_677,3846754,234651,4409,5.1,6.1,339,1.0,APPROVE - Low fraud risk,0,
influencer_678,170244,2998,151,-0.71,1.76,1021,0.0,APPROVE - Low fraud risk,0,
influencer_679,181678,6898,304,4.49,3.8,1659,0.0,APPROVE - Low fraud risk,0,
influencer_680,127116,5607,184,-2.86,4.41,1117,0.0,APPROVE - Low fraud risk,0,
influencer_681,109071,3099,108,1.18,2.84,493,0.0,APPROVE - Low fraud risk,0,
influencer_682,305267,7144,360,6.79,2.34,1686,0.0,APPROVE - Low fraud risk,0,
influencer_683,715877,16561,349,3.55,2.31,1208,0.0,APPROVE - Low fraud risk,0,
influencer_684,295568,7009,182,2.17,2.37,634,0.0,APPROVE - Low fraud risk,0,
influencer_685,120155,4978,105,9.54,4.14,1735,0.3,APPROVE - Low fraud risk,0,
influencer_686,1070427,1129,39,34.6,0.11,773,97.9,REJECT - High fraud risk,1,
influencer_687,143509,3707,190,-0.68,2.58,251,0.0,APPROVE - Low fraud risk,0,
influencer_688,1583019,52286,1608,-1.08,3.3,1475,0.0,APPROVE - Low fraud risk,0,
influencer_689,2332031,110594,5579,2.79,4.74,1318,0.2,APPROVE - Low fraud risk,0,
influencer_690,878784,11671,3986,-3.09,1.33,489,74.7,MANUAL REVIEW - Audit history,1,
influencer_691,834899,16070,785,6.29,1.92,535,0.0,APPROVE - Low fraud risk,0,
influencer_692,910593,284,10,32.55,0.03,143,100.0,REJECT - High fraud risk,1,
influencer_693,87738,2576,184,0.73,2.94,227,0.0,APPROVE - Low fraud risk,0,
influencer_694,110707,948,40,-4.83,0.86,1515,0.2,APPROVE - Low fraud risk,0,
influencer_695,560639,17920,139,4.43,3.2,231,0.1,APPROVE - Low fraud risk,0,
influencer_696,119639,3109,166,3.52,2.6,1907,0.0,APPROVE - Low fraud risk,0,
influencer_697,709015,26663,895,0.12,3.76,1745,0.0,APPROVE - Low fraud risk,0,
influencer_698,243577,2417,119,0.38,0.99,1986,0.0,APPROVE - Low fraud risk,0,
influencer_699,108456,4145,247,1.6,3.82,1282,0.0,APPROVE - Low fraud risk,0,
influencer_700,318999,10300,21,5.01,3.23,1868,1.0,APPROVE - Low fraud risk,0,
influencer_701,306439,7275,1503,-10.0,2.37,374,95.0,REJECT - High fraud risk,1,
influencer_702,830103,10729,135,7.8,1.29,882,4.7,APPROVE - Low fraud risk,0,
influencer_703,1428669,84693,2604,3.68,5.93,84,0.6,APPROVE - Low fraud risk,0,
influencer_704,215062,5504,272,6.03,2.56,978,0.0,APPROVE - Low fraud risk,0,
influencer_705,31162,385,96,13.36,1.24,252,66.6,MANUAL REVIEW - Audit history,1,
influencer_706,231694,6421,3372,17.49,2.77,144,99.9,REJECT - High fraud risk,1,
influencer_707,497966,7875,171,2.64,1.58,256,0.0,APPROVE - Low fraud risk,0,
influencer_708,644166,13134,810,5.32,2.04,574,0.3,APPROVE - Low fraud risk,0,
influencer_709,675491,3512,157,6.04,0.52,364,9.1,APPROVE - Low fraud risk,0,
influencer_710,178264,6147,367,-0.65,3.45,228,0.0,APPROVE - Low fraud risk,0,
influencer_711,586604,17524,570,-0.31,2.99,1176,0.0,APPROVE - Low fraud risk,0,
influencer_712,421912,3882,294,-1.1,0.92,880,0.0,APPROVE - Low fraud risk,0,
influencer_713,563542,17302,897,10.76,3.07,1153,1.4,APPROVE - Low fraud risk,0,
influencer_714,294666,4934,80,1.42,1.67,1184,0.0,APPROVE - Low fraud risk,0,
influencer_715,285720,5151,150,0.72,1.8,1963,0.0,APPROVE - Low fraud risk,0,
influencer_716,238473,3568,143,7.23,1.5,361,0.6,APPROVE - Low fraud risk,0,
influencer_717,52437,491,34,1.5,0.94,1828,0.0,APPROVE - Low fraud risk,0,
influencer_718,215732,7483,409,1.99,3.47,1514,0.0,APPROVE - Low fraud risk,0,
influencer_719,1101334,16528,867,-0.74,1.5,1170,0.0,APPROVE - Low fraud risk,0,
influencer_720,98249,2266,58,0.34,2.31,186,0.3,APPROVE - Low fraud risk,0,
influencer_721,48869,1516,61,0.8,3.1,962,0.0,APPROVE - Low fraud risk,0,
influencer_722,521689,17451,995,4.1,3.35,191,0.1,APPROVE - Low fraud risk,0,
influencer_723,640652,13002,610,-1.72,2.03,1344,0.0,APPROVE - Low fraud risk,0,
influencer_724,311595,14894,508,4.23,4.78,861,0.3,APPROVE - Low fraud risk,0,
influencer_725,87948,5648,315,5.88,6.42,244,0.1,APPROVE - Low fraud risk,0,
influencer_726,1092806,34072,9244,6.95,3.12,1170,91.4,REJECT - High fraud risk,1,
influencer_727,132877,5313,297,3.31,4.0,976,0.0,APPROVE - Low fraud risk,0,
influencer_728,397998,18226,253,7.5,4.58,1727,0.0,APPROVE - Low fraud risk,0,
influencer_729,418448,10809,598,3.29,2.58,1875,0.0,APPROVE - Low fraud risk,0,
influencer_730,432450,10193,613,4.82,2.36,1774,0.0,APPROVE - Low fraud risk,0,
influencer_731,697667,25861,13866,19.9,3.71,1057,97.4,REJECT - High fraud risk,1,
influencer_732,1797472,94267,6865,0.48,5.24,1937,0.6,APPROVE - Low fraud risk,0,
influencer_733,412450,18921,957,-0.91,4.59,1865,0.0,APPROVE - Low fraud risk,0,
influencer_734,1396333,30564,1025,1.14,2.19,1310,0.0,APPROVE - Low fraud risk,0,
influencer_735,1400578,35413,9754,17.3,2.53,492,98.3,REJECT - High fraud risk,1,
influencer_736,212292,4792,1300,8.42,2.26,798,95.8,REJECT - High fraud risk,1,
influencer_737,1313942,33348,1977,1.23,2.54,376,0.4,APPROVE - Low fraud risk,0,
influencer_738,1682193,42059,2216,5.24,2.5,1197,0.0,APPROVE - Low fraud risk,0,
influencer_739,2605412,44608,2516,2.68,1.71,539,0.0,APPROVE - Low fraud risk,0,
influencer_740,2497224,81623,2393,6.01,3.27,300,0.4,APPROVE - Low fraud risk,0,
influencer_741,277946,7787,425,-0.33,2.8,1823,0.0,APPROVE - Low fraud risk,0,
influencer_742,917064,20083,962,4.17,2.19,594,0.0,APPROVE - Low fraud risk,0,
influencer_743,2761415,58802,2607,-0.62,2.13,1219,0.2,APPROVE - Low fraud risk,0,
influencer_744,243833,7129,573,4.9,2.92,591,0.1,APPROVE - Low fraud risk,0,
influencer_745,736295,25517,7869,-1.3,3.47,564,96.2,REJECT - High fraud risk,1,
influencer_746,192771,6443,171,8.44,3.34,813,0.1,APPROVE - Low fraud risk,0,
influencer_747,802306,33972,2050,-2.07,4.23,852,0.1,APPROVE - Low fraud risk,0,
influencer_748,210319,10154,428,7.22,4.83,1259,0.0,APPROVE - Low fraud risk,0,
influencer_749,511260,10301,535,4.83,2.01,1165,0.0,APPROVE - Low fraud risk,0,
influencer_750,1859160,561,15,11.9,0.03,424,99.3,REJECT - High fraud risk,1,
influencer_751,206706,9927,321,7.9,4.8,1181,0.0,APPROVE - Low fraud risk,0,
influencer_752,3676656,100114,7806,5.66,2.72,343,0.4,APPROVE - Low fraud risk,0,
influencer_753,374604,11039,4399,45.0,2.95,174,99.6,REJECT - High fraud risk,1,
influencer_754,10042,327,49,0.47,3.26,900,66.7,MANUAL REVIEW - Audit history,1,
influencer_755,131691,5515,277,5.86,4.19,851,0.3,APPROVE - Low fraud risk,0,
influencer_756,64062,2055,81,10.69,3.21,1381,1.0,APPROVE - Low fraud risk,0,
influencer_757,1034878,27832,1630,-2.5,2.69,398,0.2,APPROVE - Low fraud risk,0,
influencer_758,170779,5641,207,3.53,3.3,1693,0.0,APPROVE - Low fraud risk,0,
influencer_759,4556607,63092,1662,3.16,1.38,264,0.2,APPROVE - Low fraud risk,0,
influencer_760,294370,9356,555,3.84,3.18,706,0.1,APPROVE - Low fraud risk,0,
influencer_761,2034360,66795,983,2.4,3.28,899,0.3,APPROVE - Low fraud risk,0,
influencer_762,1328113,32561,1598,2.88,2.45,758,0.4,APPROVE - Low fraud risk,0,
influencer_763,1077370,15427,856,2.49,1.43,408,0.0,APPROVE - Low fraud risk,0,
influencer_764,179809,2872,136,0.18,1.6,415,0.0,APPROVE - Low fraud risk,0,
influencer_765,368872,8699,328,2.61,2.36,586,0.0,APPROVE - Low fraud risk,0,
influencer_766,160663,5146,332,3.56,3.2,1535,0.0,APPROVE - Low fraud risk,0,
influencer_767,113744,4562,110,8.74,4.01,1638,0.3,APPROVE - Low fraud risk,0,
influencer_768,1484232,34380,2008,1.9,2.32,1107,0.0,APPROVE - Low fraud risk,0,
influencer_769,462915,6953,329,4.87,1.5,1119,0.0,APPROVE - Low fraud risk,0,
influencer_770,1154442,30939,1825,-1.08,2.68,1535,0.0,APPROVE - Low fraud risk,0,
influencer_771,600200,16598,813,6.63,2.77,1234,0.0,APPROVE - Low fraud risk,0,
influencer_772,147615,3921,159,7.15,2.66,859,0.3,APPROVE - Low fraud risk,0,
influencer_773,129436,4374,236,-4.09,3.38,1966,0.0,APPROVE - Low fraud risk,0,
influencer_774,353035,11424,828,10.09,3.24,884,2.5,APPROVE - Low fraud risk,0,
influencer_775,301581,13785,640,-5.93,4.57,857,0.7,APPROVE - Low fraud risk,0,
influencer_776,1640896,59122,2068,7.14,3.6,140,0.7,APPROVE - Low fraud risk,0,
influencer_777,1367398,43698,1438,5.85,3.2,1775,0.1,APPROVE - Low fraud risk,0,
influencer_778,2583562,25346,1160,5.58,0.98,1601,0.3,APPROVE - Low fraud risk,0,
influencer_779,29853,1224,44,1.46,4.1,757,0.1,APPROVE - Low fraud risk,0,
influencer_780,317954,6902,314,8.8,2.17,1896,0.3,APPROVE - Low fraud risk,0,
influencer_781,186395,2281,163,6.45,1.22,459,1.8,APPROVE - Low fraud risk,0,
influencer_782,1710529,59314,1497,-1.12,3.47,1857,0.0,APPROVE - Low fraud risk,0,
influencer_783,528516,8596,374,4.83,1.63,930,0.0,APPROVE - Low fraud risk,0,
influencer_784,301908,18116,350,1.26,6.0,508,0.1,APPROVE - Low fraud risk,0,
influencer_785,941895,15765,853,-0.36,1.67,1535,0.0,APPROVE - Low fraud risk,0,
influencer_786,501410,13425,329,3.96,2.68,1665,0.0,APPROVE - Low fraud risk,0,
influencer_787,92602,3157,97,9.8,3.41,1487,0.3,APPROVE - Low fraud risk,0,
influencer_788,1073298,30551,1276,7.27,2.85,967,0.0,APPROVE - Low fraud risk,0,
influencer_789,305232,9275,599,5.48,3.04,571,0.1,APPROVE - Low fraud risk,0,
influencer_790,142111,3236,162,6.54,2.28,538,0.0,APPROVE - Low fraud risk,0,
influencer_791,1216351,52054,322,0.38,4.28,337,0.0,APPROVE - Low fraud risk,0,
influencer_792,95087,1791,7,-1.0,1.88,1775,2.0,APPROVE - Low fraud risk,0,
influencer_793,1206350,631,17,33.5,0.05,681,100.0,REJECT - High fraud risk,1,
influencer_794,534906,13164,693,5.3,2.46,1023,0.0,APPROVE - Low fraud risk,0,
influencer_795,208700,7457,1988,4.08,3.57,613,92.6,REJECT - High fraud risk,1,
influencer_796,714261,25113,735,5.01,3.52,432,0.1,APPROVE - Low fraud risk,0,
influencer_797,562731,13392,626,4.78,2.38,1464,0.0,APPROVE - Low fraud risk,0,
influencer_798,423210,14515,1086,5.05,3.43,120,0.8,APPROVE - Low fraud risk,0,
influencer_799,799956,273,7,9.14,0.03,349,99.9,REJECT - High fraud risk,1,
influencer_800,567766,14643,825,5.18,2.58,352,0.0,APPROVE - Low fraud risk,0,
influencer_801,5000000,67063,3818,0.55,1.34,1745,0.2,APPROVE - Low fraud risk,0,
influencer_802,350492,6697,140,9.05,1.91,1994,0.0,APPROVE - Low fraud risk,0,
influencer_803,589814,27328,810,4.02,4.63,318,0.1,APPROVE - Low fraud risk,0,
influencer_804,272669,7776,508,7.31,2.85,1755,0.0,APPROVE - Low fraud risk,0,
influencer_805,871402,22859,1251,-1.52,2.62,1929,0.0,APPROVE - Low fraud risk,0,
influencer_806,128493,4497,295,6.5,3.5,550,0.1,APPROVE - Low fraud risk,0,
influencer_807,4051392,143282,883,0.68,3.54,1554,0.0,APPROVE - Low fraud risk,0,
influencer_808,448364,546,20,8.23,0.12,493,99.6,REJECT - High fraud risk,1,
influencer_809,729316,14627,762,1.87,2.01,1989,0.0,APPROVE - Low fraud risk,0,
influencer_810,240777,5221,1844,25.77,2.17,1076,96.8,REJECT - High fraud risk,1,
influencer_811,3045148,45877,1641,0.33,1.51,428,0.2,APPROVE - Low fraud risk,0,
influencer_812,49158,1603,108,1.52,3.26,1322,0.0,APPROVE - Low fraud risk,0,
influencer_813,281271,8470,580,7.58,3.01,1512,0.0,APPROVE - Low fraud risk,0,
influencer_814,365411,14634,627,5.08,4.0,1495,0.0,APPROVE - Low fraud risk,0,
influencer_815,494846,11989,372,-0.85,2.42,910,0.0,APPROVE - Low fraud risk,0,
influencer_816,643376,28930,1559,-3.55,4.5,1013,0.0,APPROVE - Low fraud risk,0,
influencer_817,732644,20363,861,9.91,2.78,1553,0.5,APPROVE - Low fraud risk,0,
influencer_818,54845,915,38,5.78,1.67,1861,0.0,APPROVE - Low fraud risk,0,
influencer_819,307100,10930,3710,8.08,3.56,728,97.4,REJECT - High fraud risk,1,
influencer_820,257161,3866,196,3.37,1.5,1829,0.0,APPROVE - Low fraud risk,0,
influencer_821,748093,20031,881,10.49,2.68,267,4.2,APPROVE - Low fraud risk,0,
influencer_822,341399,14915,9515,12.31,4.37,789,97.6,REJECT - High fraud risk,1,
influencer_823,407034,12871,751,5.49,3.16,775,0.1,APPROVE - Low fraud risk,0,
influencer_824,2634534,499,18,30.76,0.02,715,100.0,REJECT - High fraud risk,1,
influencer_825,516735,15678,783,1.78,3.03,1886,0.0,APPROVE - Low fraud risk,0,
influencer_826,538539,19214,1012,2.97,3.57,259,0.1,APPROVE - Low fraud risk,0,
influencer_827,697440,16398,1020,-1.53,2.35,677,0.0,APPROVE - Low fraud risk,0,
influencer_828,613700,18757,1022,0.91,3.06,1049,0.0,APPROVE - Low fraud risk,0,
influencer_829,2873013,117109,5448,-1.08,4.08,566,0.2,APPROVE - Low fraud risk,0,
influencer_830,216649,5329,296,0.28,2.46,467,0.0,APPROVE - Low fraud risk,0,
influencer_831,642353,15993,520,-3.51,2.49,492,0.0,APPROVE - Low fraud risk,0,
influencer_832,1369007,29061,1224,-1.05,2.12,167,0.0,APPROVE - Low fraud risk,0,
influencer_833,1122695,22222,1418,3.03,1.98,1756,0.0,APPROVE - Low fraud risk,0,
influencer_834,65313,3072,997,-10.0,4.7,324,91.3,REJECT - High fraud risk,1,
influencer_835,139832,4221,275,-3.52,3.02,1041,0.0,APPROVE - Low fraud risk,0,
influencer_836,1828347,47204,2935,7.94,2.58,1365,0.3,APPROVE - Low fraud risk,0,
influencer_837,207629,8462,2161,3.27,4.08,1060,94.3,REJECT - High fraud risk,1,
influencer_838,300725,8008,331,4.34,2.66,1876,0.0,APPROVE - Low fraud risk,0,
influencer_839,1108939,25019,1012,3.77,2.26,1268,0.0,APPROVE - Low fraud risk,0,
influencer_840,65639,853,17,-2.25,1.3,1184,0.0,APPROVE - Low fraud risk,0,
influencer_841,496906,232,7,0.38,0.05,164,99.6,REJECT - High fraud risk,1,
influencer_842,839801,19763,862,2.84,2.35,1987,0.0,APPROVE - Low fraud risk,0,
influencer_843,74865,1887,100,6.7,2.52,142,0.7,APPROVE - Low fraud risk,0,
influencer_844,291330,10205,494,0.2,3.5,815,0.0,APPROVE - Low fraud risk,0,
influencer_845,195253,4526,181,4.96,2.32,604,0.0,APPROVE - Low fraud risk,0,
influencer_846,1533951,532,22,29.14,0.03,539,100.0,REJECT - High fraud risk,1,
influencer_847,41291,1042,50,4.35,2.52,903,0.0,APPROVE - Low fraud risk,0,
influencer_848,206384,2357,101,4.94,1.14,1812,0.0,APPROVE - Low fraud risk,0,
influencer_849,70528,401,177,15.89,0.57,148,72.1,MANUAL REVIEW - Audit history,1,
influencer_850,1446666,92,2,42.66,0.01,883,99.7,REJECT - High fraud risk,1,
influencer_851,234522,6331,371,-0.96,2.7,1487,0.0,APPROVE - Low fraud risk,0,
influencer_852,418772,15306,508,7.05,3.65,296,0.1,APPROVE - Low fraud risk,0,
influencer_853,431718,14690,737,4.62,3.4,657,0.1,APPROVE - Low fraud risk,0,
influencer_854,119446,1087,49,3.97,0.91,1938,0.3,APPROVE - Low fraud risk,0,
influencer_855,3142481,70939,1260,2.13,2.26,971,0.0,APPROVE - Low fraud risk,0,
influencer_856,373265,8015,492,8.58,2.15,1459,0.0,APPROVE - Low fraud risk,0,
influencer_857,97704,2163,52,0.3,2.21,450,0.3,APPROVE - Low fraud risk,0,
influencer_858,215408,8904,286,6.35,4.13,1935,0.0,APPROVE - Low fraud risk,0,
influencer_859,136217,2638,131,0.77,1.94,1504,0.0,APPROVE - Low fraud risk,0,
influencer_860,680543,19886,1346,0.81,2.92,1966,0.0,APPROVE - Low fraud risk,0,
influencer_861,283014,5473,82,6.16,1.93,1482,0.0,APPROVE - Low fraud risk,0,
influencer_862,497759,16219,415,12.48,3.26,922,6.5,APPROVE - Low fraud risk,0,
influencer_863,937181,44621,2163,1.87,4.76,755,0.2,APPROVE - Low fraud risk,0,
influencer_864,1069437,338,18,33.99,0.03,257,100.0,REJECT - High fraud risk,1,
influencer_865,5000000,124311,3955,-1.11,2.49,1034,0.2,APPROVE - Low fraud risk,0,
influencer_866,1176483,34132,1962,-0.58,2.9,141,0.4,APPROVE - Low fraud risk,0,
influencer_867,646330,19388,1022,3.04,3.0,1979,0.0,APPROVE - Low fraud risk,0,
influencer_868,5000000,46396,3287,5.38,0.93,1164,1.0,APPROVE - Low fraud risk,0,
influencer_869,4898552,202912,13111,4.47,4.14,1942,0.6,APPROVE - Low fraud risk,0,
influencer_870,706819,27215,7581,31.52,3.85,981,98.5,REJECT - High fraud risk,1,
influencer_871,469361,12632,265,-3.61,2.69,1220,0.0,APPROVE - Low fraud risk,0,
influencer_872,320246,8646,496,-2.25,2.7,512,0.0,APPROVE - Low fraud risk,0,
influencer_873,898366,17767,1014,12.23,1.98,684,17.2,APPROVE - Low fraud risk,0,
influencer_874,165523,5750,268,-0.59,3.47,1992,0.0,APPROVE - Low fraud risk,0,
influencer_875,1546883,26652,1061,-0.16,1.72,384,0.0,APPROVE - Low fraud risk,0,
influencer_876,314015,12304,717,5.89,3.92,1264,0.0,APPROVE - Low fraud risk,0,
influencer_877,997751,32603,1170,5.72,3.27,821,0.2,APPROVE - Low fraud risk,0,
influencer_878,305433,12105,424,-1.32,3.96,1937,0.0,APPROVE - Low fraud risk,0,
influencer_879,204153,8325,472,8.03,4.08,1191,0.0,APPROVE - Low fraud risk,0,
influencer_880,255149,10692,537,0.69,4.19,1215,0.0,APPROVE - Low fraud risk,0,
influencer_881,861922,24799,1009,-0.53,2.88,1603,0.0,APPROVE - Low fraud risk,0,
influencer_882,40632,781,30,10.74,1.92,702,8.6,APPROVE - Low fraud risk,0,
influencer_883,242103,9454,431,3.15,3.9,706,0.1,APPROVE - Low fraud risk,0,
influencer_884,475175,14364,862,9.44,3.02,1986,0.0,APPROVE - Low fraud risk,0,
influencer_885,207480,8637,413,2.56,4.16,1848,0.0,APPROVE - Low fraud risk,0,
influencer_886,624809,16861,793,-5.85,2.7,1459,0.3,APPROVE - Low fraud risk,0,
influencer_887,928145,131,6,33.88,0.01,874,100.0,REJECT - High fraud risk,1,
influencer_888,5000000,128712,3356,6.9,2.57,948,0.7,APPROVE - Low fraud risk,0,
influencer_889,248951,5391,265,4.27,2.17,1647,0.0,APPROVE - Low fraud risk,0,
influencer_890,397020,8859,204,-7.65,2.23,158,1.0,APPROVE - Low fraud risk,0,
influencer_891,993815,51670,1759,5.72,5.2,924,0.2,APPROVE - Low fraud risk,0,
influencer_892,68169,2028,780,10.05,2.97,547,88.6,REJECT - High fraud risk,1,
influencer_893,99234,1299,89,1.19,1.31,1479,0.0,APPROVE - Low fraud risk,0,
influencer_894,138258,4433,103,10.93,3.21,1064,2.6,APPROVE - Low fraud risk,0,
influencer_895,1652603,2055,22,19.83,0.12,620,98.0,REJECT - High fraud risk,1,
influencer_896,486445,8617,376,-1.61,1.77,1099,0.0,APPROVE - Low fraud risk,0,
influencer_897,428986,9399,292,0.36,2.19,1255,0.0,APPROVE - Low fraud risk,0,
influencer_898,226597,4085,270,0.79,1.8,323,0.0,APPROVE - Low fraud risk,0,
influencer_899,184380,5436,260,1.75,2.95,160,0.1,APPROVE - Low fraud risk,0,
influencer_900,1453540,51691,1898,-1.01,3.56,1878,0.0,APPROVE - Low fraud risk,0,
influencer_901,719851,19790,286,5.88,2.75,720,0.1,APPROVE - Low fraud risk,0,
influencer_902,325818,7795,183,-1.93,2.39,1002,0.0,APPROVE - Low fraud risk,0,
influencer_903,534545,933,29,23.0,0.17,421,100.0,REJECT - High fraud risk,1,
influencer_904,409620,16793,883,-2.79,4.1,1682,0.0,APPROVE - Low fraud risk,0,
influencer_905,482011,17461,4457,3.56,3.62,385,96.6,REJECT - High fraud risk,1,
influencer_906,108584,2412,68,5.49,2.22,531,0.0,APPROVE - Low fraud risk,0,
influencer_907,207083,5908,255,-2.31,2.85,1785,0.3,APPROVE - Low fraud risk,0,
influencer_908,308525,9581,341,2.69,3.11,895,0.3,APPROVE - Low fraud risk,0,
influencer_909,425854,13809,703,-0.77,3.24,1415,0.0,APPROVE - Low fraud risk,0,
influencer_910,723885,417,13,12.44,0.06,489,99.6,REJECT - High fraud risk,1,
influencer_911,37162,1060,39,4.85,2.85,451,0.1,APPROVE - Low fraud risk,0,
influencer_912,636232,35014,788,2.05,5.5,1759,0.0,APPROVE - Low fraud risk,0,
influencer_913,1499986,69892,2336,13.19,4.66,1785,4.0,APPROVE - Low fraud risk,0,
influencer_914,560513,8641,298,6.31,1.54,580,0.9,APPROVE - Low fraud risk,0,
influencer_915,282380,9522,538,3.14,3.37,1211,0.0,APPROVE - Low fraud risk,0,
influencer_916,373222,11313,393,6.08,3.03,1008,0.0,APPROVE - Low fraud risk,0,
influencer_917,106957,3281,223,7.35,3.07,794,0.1,APPROVE - Low fraud risk,0,
influencer_918,1038541,33514,1229,0.46,3.23,1716,0.0,APPROVE - Low fraud risk,0,
influencer_919,3465749,341,15,13.24,0.01,843,100.0,REJECT - High fraud risk,1,
influencer_920,897761,21220,1377,2.56,2.36,1308,0.0,APPROVE - Low fraud risk,0,
influencer_921,365101,306,9,5.64,0.08,735,99.0,REJECT - High fraud risk,1,
influencer_922,394173,19485,1041,-5.7,4.94,1527,0.3,APPROVE - Low fraud risk,0,
influencer_923,56062,1513,60,9.14,2.7,1770,1.0,APPROVE - Low fraud risk,0,
influencer_924,429003,6684,258,1.22,1.56,1968,0.0,APPROVE - Low fraud risk,0,
influencer_925,395628,304,9,-5.0,0.08,336,100.0,REJECT - High fraud risk,1,
influencer_926,1894280,40947,2282,0.92,2.16,1830,0.2,APPROVE - Low fraud risk,0,
influencer_927,882261,39687,1823,7.66,4.5,166,1.7,APPROVE - Low fraud risk,0,
influencer_928,93120,2132,445,19.1,2.29,385,94.1,REJECT - High fraud risk,1,
influencer_929,275275,10278,262,6.06,3.73,1579,0.0,APPROVE - Low fraud risk,0,
influencer_930,5000000,187116,9811,5.06,3.74,432,1.0,APPROVE - Low fraud risk,0,
influencer_931,1136852,41488,2253,5.71,3.65,1422,0.0,APPROVE - Low fraud risk,0,
influencer_932,459363,8128,318,-0.55,1.77,650,0.0,APPROVE - Low fraud risk,0,
influencer_933,266109,7576,473,6.92,2.85,1562,0.0,APPROVE - Low fraud risk,0,
influencer_934,808771,22805,988,-0.06,2.82,739,0.0,APPROVE - Low fraud risk,0,
influencer_935,67498,2855,150,5.2,4.23,631,0.1,APPROVE - Low fraud risk,0,
influencer_936,103263,2881,198,10.84,2.79,515,3.7,APPROVE - Low fraud risk,0,
influencer_937,482693,18492,1086,2.09,3.83,1999,0.0,APPROVE - Low fraud risk,0,
influencer_938,182355,3931,235,7.23,2.16,131,0.3,APPROVE - Low fraud risk,0,
influencer_939,5000000,57722,1534,3.71,1.15,766,1.5,APPROVE - Low fraud risk,0,
influencer_940,58783,1820,776,11.64,3.1,663,90.5,REJECT - High fraud risk,1,
influencer_941,401668,7092,156,2.02,1.77,717,0.0,APPROVE - Low fraud risk,0,
influencer_942,81086,1028,45,-0.57,1.27,970,0.0,APPROVE - Low fraud risk,0,
influencer_943,81130,2577,1226,4.44,3.18,503,93.1,REJECT - High fraud risk,1,
influencer_944,773659,25606,873,5.15,3.31,1196,0.0,APPROVE - Low fraud risk,0,
influencer_945,1447904,53484,2176,6.73,3.69,849,0.8,APPROVE - Low fraud risk,0,
influencer_946,2345491,44770,1652,2.05,1.91,1727,0.0,APPROVE - Low fraud risk,0,
influencer_947,111975,4166,230,-3.16,3.72,864,0.0,APPROVE - Low fraud risk,0,
influencer_948,132962,4279,196,-1.92,3.22,732,0.0,APPROVE - Low fraud risk,0,
influencer_949,45239,1621,54,4.89,3.58,1507,0.0,APPROVE - Low fraud risk,0,
influencer_950,164009,5634,356,0.17,3.44,1404,0.0,APPROVE - Low fraud risk,0,
influencer_951,257436,8026,226,-2.52,3.12,1749,0.0,APPROVE - Low fraud risk,0,
influencer_952,146796,3285,1639,6.55,2.24,1117,90.0,REJECT - High fraud risk,1,
influencer_953,108101,3399,283,11.7,3.14,366,11.8,APPROVE - Low fraud risk,0,
influencer_954,1565345,33093,1994,1.94,2.11,826,0.4,APPROVE - Low fraud risk,0,
influencer_955,246028,8699,107,-3.31,3.54,518,0.0,APPROVE - Low fraud risk,0,
influencer_956,382984,8036,482,1.23,2.1,1561,0.0,APPROVE - Low fraud risk,0,
influencer_957,120617,1409,74,2.76,1.17,1619,0.0,APPROVE - Low fraud risk,0,
influencer_958,1323159,29895,1046,9.32,2.26,324,4.0,APPROVE - Low fraud risk,0,
influencer_959,1389249,28306,4246,30.2,2.04,913,79.3,REJECT - High fraud risk,1,
influencer_960,103414,2136,85,7.96,2.07,1543,0.0,APPROVE - Low fraud risk,0,
influencer_961,77203,845,16,4.68,1.09,655,1.0,APPROVE - Low fraud risk,0,
influencer_962,247531,933,34,-0.52,0.38,782,10.0,APPROVE - Low fraud risk,0,
influencer_963,448577,17182,497,5.85,3.83,933,0.0,APPROVE - Low fraud risk,0,
influencer_964,1033732,31529,2197,6.35,3.05,1973,1.4,APPROVE - Low fraud risk,0,
influencer_965,412397,7292,335,10.67,1.77,187,10.4,APPROVE - Low fraud risk,0,
influencer_966,2423606,1086,46,14.12,0.04,817,97.6,REJECT - High fraud risk,1,
influencer_967,371573,12432,812,2.89,3.35,1205,0.0,APPROVE - Low fraud risk,0,
influencer_968,348381,9825,539,3.51,2.82,680,0.1,APPROVE - Low fraud risk,0,
influencer_969,3124863,159571,2499,-1.86,5.11,1207,0.6,APPROVE - Low fraud risk,0,
influencer_970,64079,2109,121,1.1,3.29,1758,0.0,APPROVE - Low fraud risk,0,
influencer_971,1498667,19253,938,1.91,1.28,641,0.0,APPROVE - Low fraud risk,0,
influencer_972,750745,18304,665,-5.58,2.44,304,0.3,APPROVE - Low fraud risk,0,
influencer_973,174516,4496,233,-2.07,2.58,725,0.0,APPROVE - Low fraud risk,0,
influencer_974,28889,189,8,0.84,0.66,690,7.3,APPROVE - Low fraud risk,0,
influencer_975,1188748,39997,1815,-3.88,3.36,1559,0.0,APPROVE - Low fraud risk,0,
influencer_976,1453661,37445,1793,-1.39,2.58,374,0.4,APPROVE - Low fraud risk,0,
influencer_977,412907,17143,737,-0.54,4.15,315,0.0,APPROVE - Low fraud risk,0,
influencer_978,182242,7468,341,0.35,4.1,501,0.0,APPROVE - Low fraud risk,0,
influencer_979,344496,9719,429,-2.21,2.82,326,0.0,APPROVE - Low fraud risk,0,
influencer_980,2116776,84498,2104,-1.44,3.99,1510,0.0,APPROVE - Low fraud risk,0,
influencer_981,2464703,87370,4684,-2.62,3.54,851,0.2,APPROVE - Low fraud risk,0,
influencer_982,247117,8768,641,10.95,3.55,1805,0.7,APPROVE - Low fraud risk,0,
influencer_983,710476,1162,26,12.72,0.16,205,98.6,REJECT - High fraud risk,1,
influencer_984,688397,15701,516,0.83,2.28,1453,0.0,APPROVE - Low fraud risk,0,
influencer_985,3123272,64462,2299,2.19,2.06,1784,0.2,APPROVE - Low fraud risk,0,
influencer_986,193421,5151,123,6.09,2.66,247,0.1,APPROVE - Low fraud risk,0,
influencer_987,5000000,89104,3966,3.29,1.78,1201,0.0,APPROVE - Low fraud risk,0,
influencer_988,290249,14701,711,5.42,5.06,941,0.0,APPROVE - Low fraud risk,0,
influencer_989,1087107,33471,11858,4.95,3.08,98,94.7,REJECT - High fraud risk,1,
influencer_990,188796,8421,5068,-1.57,4.46,467,98.2,REJECT - High fraud risk,1,
influencer_991,608222,22500,966,7.29,3.7,176,0.1,APPROVE - Low fraud risk,0,
influencer_992,904623,13093,451,4.57,1.45,1721,0.0,APPROVE - Low fraud risk,0,
influencer_993,960407,26546,1805,-5.43,2.76,577,0.2,APPROVE - Low fraud risk,0,
influencer_994,448971,16539,759,3.86,3.68,1610,0.0,APPROVE - Low fraud risk,0,
influencer_995,2827428,790,27,38.53,0.03,652,100.0,REJECT - High fraud risk,1,
influencer_996,95045,3208,1153,9.25,3.38,1004,89.9,REJECT - High fraud risk,1,
influencer_997,470492,24126,575,0.27,5.13,871,0.0,APPROVE - Low fraud risk,0,
influencer_998,1354137,36287,1998,-0.54,2.68,1061,0.0,APPROVE - Low fraud risk,0,
influencer_999,2958403,62489,2755,-0.42,2.11,1237,0.2,APPROVE - Low fraud risk,0,
influencer_1000,232949,2489,163,-1.61,1.07,958,0.0,APPROVE - Low fraud risk,0,
influencer_1001,3779691,57056,2504,1.65,1.51,1712,0.0,APPROVE - Low fraud risk,0,
influencer_1002,295559,867,38,17.34,0.29,390,90.2,REJECT - High fraud risk,1,
influencer_1003,174634,9010,444,2.23,5.16,336,0.1,APPROVE - Low fraud risk,0,
influencer_1004,789668,40524,2331,-1.51,5.13,1444,1.2,APPROVE - Low fraud risk,0,
influencer_1005,146730,2463,115,5.91,1.68,93,0.6,APPROVE - Low fraud risk,0,
influencer_1006,4133108,91090,4300,4.21,2.2,1097,0.0,APPROVE - Low fraud risk,0,
influencer_1007,490115,19565,5931,35.01,3.99,1164,88.3,REJECT - High fraud risk,1,
influencer_1008,380427,13659,898,-2.21,3.59,746,0.0,APPROVE - Low fraud risk,0,
influencer_1009,815456,15777,741,-8.77,1.93,683,1.5,APPROVE - Low fraud risk,0,
influencer_1010,1370737,34732,1904,-0.14,2.53,1909,0.0,APPROVE - Low fraud risk,0,
influencer_1011,2759766,41568,1651,1.55,1.51,669,0.2,APPROVE - Low fraud risk,0,
influencer_1012,104508,3393,113,14.67,3.25,1382,6.3,APPROVE - Low fraud risk,0,
influencer_1013,416233,5807,356,1.13,1.4,998,0.0,APPROVE - Low fraud risk,0,
influencer_1014,347069,9430,387,5.6,2.72,288,0.1,APPROVE - Low fraud risk,0,
influencer_1015,102046,3660,92,1.86,3.59,1264,0.0,APPROVE - Low fraud risk,0,
influencer_1016,508669,13256,784,0.89,2.61,301,0.0,APPROVE - Low fraud risk,0,
influencer_1017,163403,5462,305,2.15,3.34,1370,0.0,APPROVE - Low fraud risk,0,
influencer_1018,197637,7312,1261,1.23,3.7,590,88.1,REJECT - High fraud risk,1,
influencer_1019,2780756,53340,2845,0.5,1.92,622,0.2,APPROVE - Low fraud risk,0,
influencer_1020,429488,17113,870,2.2,3.98,1305,0.0,APPROVE - Low fraud risk,0,
influencer_1021,361251,150,5,33.9,0.04,273,99.7,REJECT - High fraud risk,1,
influencer_1022,320009,13093,2943,16.72,4.09,965,98.6,REJECT - High fraud risk,1,
influencer_1023,363135,9379,443,5.27,2.58,830,0.0,APPROVE - Low fraud risk,0,
influencer_1024,290373,317,10,35.06,0.11,843,94.8,REJECT - High fraud risk,1,
influencer_1025,942732,23876,864,5.26,2.53,659,0.0,APPROVE - Low fraud risk,0,
influencer_1026,1302281,49761,1832,-2.68,3.82,979,0.0,APPROVE - Low fraud risk,0,
influencer_1027,761157,31313,2105,-0.77,4.11,1422,1.0,APPROVE - Low fraud risk,0,
influencer_1028,179106,764,26,31.46,0.43,804,65.0,MANUAL REVIEW - Audit history,1,
influencer_1029,250332,9476,3685,16.61,3.79,499,99.6,REJECT - High fraud risk,1,
influencer_1030,2509377,99424,4996,3.66,3.96,1085,0.6,APPROVE - Low fraud risk,0,
influencer_1031,2210194,62300,1573,6.45,2.82,959,0.1,APPROVE - Low fraud risk,0,
influencer_1032,436921,11420,2769,17.67,2.61,82,99.9,REJECT - High fraud risk,1,
influencer_1033,408178,12767,355,1.59,3.13,285,0.1,APPROVE - Low fraud risk,0,
influencer_1034,57293,1283,24,10.03,2.24,1014,6.6,APPROVE - Low fraud risk,0,
influencer_1035,612749,18105,1185,7.56,2.95,1349,0.0,APPROVE - Low fraud risk,0,
influencer_1036,272826,7159,45,5.2,2.62,823,1.8,APPROVE - Low fraud risk,0,
influencer_1037,1232716,17215,885,4.33,1.4,885,0.0,APPROVE - Low fraud risk,0,
influencer_1038,223946,8001,502,7.31,3.57,1668,0.0,APPROVE - Low fraud risk,0,
influencer_1039,2889049,83344,2650,2.47,2.88,566,0.4,APPROVE - Low fraud risk,0,
influencer_1040,43532,1360,60,5.6,3.12,1722,0.0,APPROVE - Low fraud risk,0,
influencer_1041,616435,14370,657,1.09,2.33,785,0.0,APPROVE - Low fraud risk,0,
influencer_1042,748160,20724,1214,2.87,2.77,1055,0.0,APPROVE - Low fraud risk,0,
influencer_1043,841201,11334,698,4.01,1.35,1455,0.0,APPROVE - Low fraud risk,0,
influencer_1044,1696201,90726,3417,0.11,5.35,640,0.8,APPROVE - Low fraud risk,0,
influencer_1045,421308,13824,535,-7.06,3.28,221,0.0,APPROVE - Low fraud risk,0,
influencer_1046,566008,20605,961,2.82,3.64,1457,0.0,APPROVE - Low fraud risk,0,
influencer_1047,109535,2935,118,3.48,2.68,1271,0.0,APPROVE - Low fraud risk,0,
influencer_1048,70112,3739,251,8.95,5.33,1379,1.0,APPROVE - Low fraud risk,0,
influencer_1049,364957,13802,641,1.52,3.78,365,0.1,APPROVE - Low fraud risk,0,
influencer_1050,910782,331,10,19.4,0.04,851,100.0,REJECT - High fraud risk,1,
influencer_1051,2501975,100514,2115,-0.88,4.02,1686,0.0,APPROVE - Low fraud risk,0,
influencer_1052,63298,669,42,5.4,1.06,908,2.8,APPROVE - Low fraud risk,0,
influencer_1053,53792,1222,65,1.7,2.27,1269,0.0,APPROVE - Low fraud risk,0,
influencer_1054,561196,19136,621,10.77,3.41,1382,0.2,APPROVE - Low fraud risk,0,
influencer_1055,320378,14274,941,5.14,4.46,488,0.5,APPROVE - Low fraud risk,0,
influencer_1056,400831,12105,368,0.4,3.02,1958,0.0,APPROVE - Low fraud risk,0,
influencer_1057,1460788,30875,7815,16.2,2.11,293,97.0,REJECT - High fraud risk,1,
influencer_1058,1415379,30042,1305,6.84,2.12,79,1.1,APPROVE - Low fraud risk,0,
influencer_1059,123029,2468,188,-7.0,2.01,1238,0.3,APPROVE - Low fraud risk,0,
influencer_1060,282927,4553,244,5.68,1.61,535,0.3,APPROVE - Low fraud risk,0,
influencer_1061,401650,11832,553,3.84,2.95,675,0.1,APPROVE - Low fraud risk,0,
influencer_1062,97167,2723,139,-3.98,2.8,1247,0.0,APPROVE - Low fraud risk,0,
influencer_1063,123238,5738,192,3.61,4.66,1892,0.0,APPROVE - Low fraud risk,0,
influencer_1064,44038,2116,89,2.15,4.81,595,0.1,APPROVE - Low fraud risk,0,
influencer_1065,2974370,68171,5215,7.92,2.29,1174,1.0,APPROVE - Low fraud risk,0,
influencer_1066,710281,33850,11188,0.53,4.77,564,91.6,REJECT - High fraud risk,1,
influencer_1067,196376,4929,79,4.81,2.51,1174,0.0,APPROVE - Low fraud risk,0,
influencer_1068,1042865,37102,1577,0.46,3.56,1292,0.0,APPROVE - Low fraud risk,0,
influencer_1069,1238117,58032,2801,4.7,4.69,1087,0.9,APPROVE - Low fraud risk,0,
influencer_1070,419328,17797,332,5.08,4.24,1722,0.0,APPROVE - Low fraud risk,0,
influencer_1071,754430,18802,958,0.02,2.49,791,0.0,APPROVE - Low fraud risk,0,
influencer_1072,248486,8776,357,9.23,3.53,1634,0.0,APPROVE - Low fraud risk,0,
influencer_1073,152628,5189,271,3.88,3.4,1251,0.0,APPROVE - Low fraud risk,0,
influencer_1074,138942,2364,82,8.22,1.7,1771,0.0,APPROVE - Low fraud risk,0,
influencer_1075,979132,32001,1692,1.61,3.27,372,0.5,APPROVE - Low fraud risk,0,
influencer_1076,364199,17070,694,5.16,4.69,1123,0.0,APPROVE - Low fraud risk,0,
influencer_1077,2190094,43322,2406,6.04,1.98,1253,0.0,APPROVE - Low fraud risk,0,
influencer_1078,399261,12523,689,7.98,3.14,722,0.1,APPROVE - Low fraud risk,0,
influencer_1079,258034,10454,564,4.29,4.05,1510,0.0,APPROVE - Low fraud risk,0,
influencer_1080,403136,20230,1665,2.73,5.02,649,11.3,APPROVE - Low fraud risk,0,
influencer_1081,102844,3791,240,4.05,3.69,1948,0.0,APPROVE - Low fraud risk,0,
influencer_1082,337630,2574,134,5.32,0.76,1183,2.5,APPROVE - Low fraud risk,0,
influencer_1083,368199,5317,311,-0.86,1.44,892,0.0,APPROVE - Low fraud risk,0,
influencer_1084,997846,16506,712,1.4,1.65,678,0.0,APPROVE - Low fraud risk,0,
influencer_1085,348412,5103,272,6.61,1.46,1644,0.0,APPROVE - Low fraud risk,0,
influencer_1086,142921,3548,135,6.16,2.48,335,0.0,APPROVE - Low fraud risk,0,
influencer_1087,1086480,16583,696,2.05,1.53,588,0.0,APPROVE - Low fraud risk,0,
influencer_1088,1860958,47851,2056,5.24,2.57,842,0.2,APPROVE - Low fraud risk,0,
influencer_1089,154152,3942,224,2.3,2.56,717,0.0,APPROVE - Low fraud risk,0,
influencer_1090,5000000,269025,5807,-0.4,5.38,801,0.2,APPROVE - Low fraud risk,0,
influencer_1091,322187,4957,237,7.9,1.54,624,0.6,APPROVE - Low fraud risk,0,
influencer_1092,3363619,104671,6714,6.06,3.11,105,1.1,APPROVE - Low fraud risk,0,
influencer_1093,1640083,42227,1468,4.84,2.57,901,0.5,APPROVE - Low fraud risk,0,
influencer_1094,270190,8046,421,4.19,2.98,1297,0.0,APPROVE - Low fraud risk,0,
influencer_1095,217620,3112,836,24.35,1.43,751,75.4,REJECT - High fraud risk,1,
influencer_1096,383006,18673,376,-2.14,4.88,871,0.0,APPROVE - Low fraud risk,0,
influencer_1097,394811,16748,814,-0.18,4.24,661,0.0,APPROVE - Low fraud risk,0,
influencer_1098,460315,11035,401,-1.13,2.4,1004,0.0,APPROVE - Low fraud risk,0,
influencer_1099,891997,42350,1116,-0.7,4.75,830,0.0,APPROVE - Low fraud risk,0,
influencer_1100,1639105,46490,2323,3.62,2.84,1224,0.2,APPROVE - Low fraud risk,0,
influencer_1101,98226,3395,153,-0.43,3.46,1836,0.0,APPROVE - Low fraud risk,0,
influencer_1102,639567,8560,512,0.73,1.34,1246,0.0,APPROVE - Low fraud risk,0,
influencer_1103,338230,7899,624,-6.86,2.34,1493,0.0,APPROVE - Low fraud risk,0,
influencer_1104,2092279,27323,1126,5.22,1.31,576,0.5,APPROVE - Low fraud risk,0,
influencer_1105,200043,6321,233,5.92,3.16,1960,0.0,APPROVE - Low fraud risk,0,
influencer_1106,479550,13371,379,-2.53,2.79,144,0.0,APPROVE - Low fraud risk,0,
influencer_1107,178602,2463,128,2.86,1.38,538,0.0,APPROVE - Low fraud risk,0,
influencer_1108,181607,4745,189,1.79,2.61,689,0.1,APPROVE - Low fraud risk,0,
influencer_1109,1015384,40191,1466,-0.31,3.96,1740,0.0,APPROVE - Low fraud risk,0,
influencer_1110,574646,17585,1182,5.14,3.06,1425,0.3,APPROVE - Low fraud risk,0,
influencer_1111,938879,30388,869,5.05,3.24,399,0.2,APPROVE - Low fraud risk,0,
influencer_1112,345848,6926,370,2.21,2.0,1631,0.0,APPROVE - Low fraud risk,0,
influencer_1113,1980593,51019,2372,5.11,2.58,1031,0.2,APPROVE - Low fraud risk,0,
influencer_1114,1132745,42167,1563,-2.98,3.72,1989,0.0,APPROVE - Low fraud risk,0,
influencer_1115,632461,23689,1434,5.37,3.75,145,0.4,APPROVE - Low fraud risk,0,
influencer_1116,2433594,65554,1867,7.64,2.69,839,1.4,APPROVE - Low fraud risk,0,
influencer_1117,194715,6682,273,-0.94,3.43,1444,0.0,APPROVE - Low fraud risk,0,
influencer_1118,289067,6570,430,9.64,2.27,1647,0.0,APPROVE - Low fraud risk,0,
influencer_1119,176892,3078,93,5.59,1.74,1824,0.0,APPROVE - Low fraud risk,0,
influencer_1120,1055725,110,4,53.08,0.01,719,100.0,REJECT - High fraud risk,1,
influencer_1121,816014,19120,629,-1.53,2.34,1331,0.0,APPROVE - Low fraud risk,0,
influencer_1122,664424,24492,1521,3.33,3.69,620,0.3,APPROVE - Low fraud risk,0,
influencer_1123,377592,6694,273,7.14,1.77,1874,0.0,APPROVE - Low fraud risk,0,
influencer_1124,439928,14482,601,8.39,3.29,772,0.4,APPROVE - Low fraud risk,0,
influencer_1125,879055,18419,589,0.14,2.1,1339,0.0,APPROVE - Low fraud risk,0,
influencer_1126,1090974,27983,952,6.74,2.56,1694,0.0,APPROVE - Low fraud risk,0,
influencer_1127,177768,5253,248,-4.99,2.95,1485,0.0,APPROVE - Low fraud risk,0,
influencer_1128,4564605,96378,3766,0.07,2.11,241,0.2,APPROVE - Low fraud risk,0,
influencer_1129,217010,5149,1112,14.13,2.37,1198,83.5,REJECT - High fraud risk,1,
influencer_1130,1048800,42259,2333,5.64,4.03,184,0.8,APPROVE - Low fraud risk,0,
influencer_1131,238830,5901,160,7.74,2.47,1083,0.0,APPROVE - Low fraud risk,0,
influencer_1132,779902,765,15,9.58,0.1,591,99.9,REJECT - High fraud risk,1,
influencer_1133,3377369,54588,1581,-1.78,1.62,1580,0.1,APPROVE - Low fraud risk,0,
influencer_1134,346733,5194,233,5.45,1.5,1250,0.0,APPROVE - Low fraud risk,0,
influencer_1135,725761,23635,968,8.71,3.26,1974,0.0,APPROVE - Low fraud risk,0,
influencer_1136,360211,44,1,0.2,0.01,707,98.6,REJECT - High fraud risk,1,
influencer_1137,444429,18223,333,9.35,4.1,1829,0.0,APPROVE - Low fraud risk,0,
influencer_1138,123522,2165,132,2.36,1.75,248,0.0,APPROVE - Low fraud risk,0,
influencer_1139,5000000,201971,12125,6.61,4.04,943,1.0,APPROVE - Low fraud risk,0,
influencer_1140,1099963,41785,1333,3.17,3.8,1654,0.0,APPROVE - Low fraud risk,0,
influencer_1141,1020011,17816,252,7.01,1.75,396,0.5,APPROVE - Low fraud risk,0,
influencer_1142,1586225,28534,11596,10.03,1.8,339,97.7,REJECT - High fraud risk,1,
influencer_1143,90160,1194,31,8.57,1.32,1980,2.2,APPROVE - Low fraud risk,0,
influencer_1144,2619678,61296,2315,-0.84,2.34,535,0.2,APPROVE - Low fraud risk,0,
influencer_1145,259500,5957,290,7.97,2.3,668,0.3,APPROVE - Low fraud risk,0,
influencer_1146,112152,2216,79,4.37,1.98,827,0.0,APPROVE - Low fraud risk,0,
influencer_1147,1612115,38104,2774,1.61,2.36,828,1.4,APPROVE - Low fraud risk,0,
influencer_1148,530761,13958,386,9.44,2.63,1707,0.6,APPROVE - Low fraud risk,0,
influencer_1149,624114,25727,8227,-8.05,4.12,950,95.0,REJECT - High fraud risk,1,
influencer_1150,753422,13688,663,7.4,1.82,1211,0.0,APPROVE - Low fraud risk,0,
influencer_1151,389499,7299,272,3.24,1.87,1507,0.0,APPROVE - Low fraud risk,0,
influencer_1152,1420273,26056,1638,0.9,1.83,1717,0.0,APPROVE - Low fraud risk,0,
influencer_1153,131082,3348,123,0.9,2.55,1010,0.0,APPROVE - Low fraud risk,0,
influencer_1154,2009045,1135,44,4.53,0.06,388,96.9,REJECT - High fraud risk,1,
influencer_1155,728192,21593,1256,-0.44,2.97,1510,0.0,APPROVE - Low fraud risk,0,
influencer_1156,312071,8682,427,1.03,2.78,1518,0.0,APPROVE - Low fraud risk,0,
influencer_1157,2399239,36614,2142,2.32,1.53,720,0.8,APPROVE - Low fraud risk,0,
influencer_1158,694487,28124,811,8.13,4.05,850,0.3,APPROVE - Low fraud risk,0,
influencer_1159,156363,5007,2993,6.28,3.2,30,98.4,REJECT - High fraud risk,1,
influencer_1160,172209,8905,4591,-1.08,5.17,822,94.9,REJECT - High fraud risk,1,
influencer_1161,811915,19020,1370,5.13,2.34,750,0.0,APPROVE - Low fraud risk,0,
influencer_1162,205244,5052,245,3.4,2.46,221,0.0,APPROVE - Low fraud risk,0,
influencer_1163,438963,4689,366,2.83,1.07,579,0.0,APPROVE - Low fraud risk,0,
influencer_1164,4490943,123414,6002,-7.71,2.75,495,0.3,APPROVE - Low fraud risk,0,
influencer_1165,198850,5489,272,-2.74,2.76,879,0.0,APPROVE - Low fraud risk,0,
influencer_1166,1614008,87,3,18.99,0.01,643,100.0,REJECT - High fraud risk,1,
influencer_1167,5000000,89178,3230,3.43,1.78,68,0.0,APPROVE - Low fraud risk,0,"Possible novel fraud pattern (high anomaly, not matched by labeled examples)"
influencer_1168,33566,710,45,-3.56,2.12,212,0.0,APPROVE - Low fraud risk,0,
influencer_1169,374686,9837,573,-5.24,2.63,1784,0.0,APPROVE - Low fraud risk,0,
influencer_1170,307943,12972,1005,0.11,4.21,959,0.3,APPROVE - Low fraud risk,0,
influencer_1171,608574,17804,674,6.02,2.93,1043,0.0,APPROVE - Low fraud risk,0,
influencer_1172,110955,4270,162,2.59,3.85,525,0.1,APPROVE - Low fraud risk,0,
influencer_1173,145994,2648,38,6.5,1.81,424,0.3,APPROVE - Low fraud risk,0,
influencer_1174,309011,9368,435,6.95,3.03,923,0.0,APPROVE - Low fraud risk,0,
influencer_1175,188669,5893,20,3.18,3.12,722,2.5,APPROVE - Low fraud risk,0,
influencer_1176,764423,17908,652,2.88,2.34,154,0.0,APPROVE - Low fraud risk,0,
influencer_1177,214914,5548,193,-1.32,2.58,451,0.0,APPROVE - Low fraud risk,0,
influencer_1178,351389,11999,761,6.73,3.41,845,0.3,APPROVE - Low fraud risk,0,
influencer_1179,803528,29436,304,7.02,3.66,1971,0.0,APPROVE - Low fraud risk,0,
influencer_1180,396370,606,6,8.02,0.15,448,99.3,REJECT - High fraud risk,1,
influencer_1181,994265,21415,832,8.74,2.15,1142,0.9,APPROVE - Low fraud risk,0,
influencer_1182,2708066,115,6,5.77,0.0,200,100.0,REJECT - High fraud risk,1,
influencer_1183,689494,16210,1080,8.99,2.35,1319,0.6,APPROVE - Low fraud risk,0,
influencer_1184,760344,18721,928,7.03,2.46,723,0.0,APPROVE - Low fraud risk,0,
influencer_1185,786327,8524,460,0.77,1.08,286,0.0,APPROVE - Low fraud risk,0,
influencer_1186,5000000,98651,3768,-1.88,1.97,1321,0.2,APPROVE - Low fraud risk,0,
influencer_1187,315041,6205,270,5.46,1.97,541,0.0,APPROVE - Low fraud risk,0,
influencer_1188,922885,20152,1125,2.76,2.18,1205,0.0,APPROVE - Low fraud risk,0,
influencer_1189,493934,20574,1279,11.37,4.17,554,4.9,APPROVE - Low fraud risk,0,
influencer_1190,265441,3032,92,3.52,1.14,1959,0.0,APPROVE - Low fraud risk,0,
influencer_1191,149691,3618,158,3.96,2.42,1064,0.0,APPROVE - Low fraud risk,0,
influencer_1192,478348,9869,504,5.93,2.06,600,0.0,APPROVE - Low fraud risk,0,
influencer_1193,400329,15581,757,-0.17,3.89,105,0.0,APPROVE - Low fraud risk,0,
influencer_1194,21089,756,168,11.37,3.58,876,92.2,REJECT - High fraud risk,1,
influencer_1195,602770,27690,1126,-1.42,4.59,233,0.0,APPROVE - Low fraud risk,0,
influencer_1196,1407099,24188,1075,7.48,1.72,1374,0.0,APPROVE - Low fraud risk,0,
influencer_1197,225173,9602,365,4.95,4.26,811,0.1,APPROVE - Low fraud risk,0,
influencer_1198,5000000,186486,6083,6.94,3.73,1336,0.0,APPROVE - Low fraud risk,0,
influencer_1199,724297,33209,1738,6.76,4.58,456,0.7,APPROVE - Low fraud risk,0,
influencer_1200,117834,4300,313,4.41,3.65,739,0.1,APPROVE - Low fraud risk,0,
influencer_1201,1829622,49262,2837,-2.4,2.69,286,0.6,APPROVE - Low fraud risk,0,
influencer_1202,331798,5606,74,8.87,1.69,1925,0.7,APPROVE - Low fraud risk,0,
influencer_1203,39549,265,12,0.56,0.67,343,7.0,APPROVE - Low fraud risk,0,
influencer_1204,420313,11004,758,-0.65,2.62,1285,0.0,APPROVE - Low fraud risk,0,
influencer_1205,1387905,22775,1502,2.53,1.64,1406,0.0,APPROVE - Low fraud risk,0,
influencer_1206,954004,29024,949,5.18,3.04,692,0.2,APPROVE - Low fraud risk,0,
influencer_1207,1212194,49636,2285,0.11,4.09,165,0.4,APPROVE - Low fraud risk,0,
influencer_1208,572542,7075,247,7.55,1.24,723,3.1,APPROVE - Low fraud risk,0,
influencer_1209,334346,9199,445,-0.62,2.75,216,0.0,APPROVE - Low fraud risk,0,
influencer_1210,206190,3230,144,-0.62,1.57,565,0.0,APPROVE - Low fraud risk,0,
influencer_1211,94308,3351,196,11.05,3.55,259,3.0,APPROVE - Low fraud risk,0,
influencer_1212,112190,4401,167,-1.22,3.92,903,0.0,APPROVE - Low fraud risk,0,
influencer_1213,2200044,57134,2039,-0.14,2.6,232,0.1,APPROVE - Low fraud risk,0,
influencer_1214,164897,5425,1864,25.21,3.29,389,98.9,REJECT - High fraud risk,1,
influencer_1215,281489,123,4,20.81,0.04,128,99.0,REJECT - High fraud risk,1,
influencer_1216,100643,1044,35,4.76,1.04,273,2.0,APPROVE - Low fraud risk,0,
influencer_1217,616718,12546,578,0.44,2.03,641,0.0,APPROVE - Low fraud risk,0,
influencer_1218,108008,4476,278,0.03,4.14,1455,0.0,APPROVE - Low fraud risk,0,
influencer_1219,205084,1987,100,-2.82,0.97,1389,0.0,APPROVE - Low fraud risk,0,
influencer_1220,1814049,94953,2859,2.94,5.23,1266,0.2,APPROVE - Low fraud risk,0,
influencer_1221,758932,20344,898,-1.81,2.68,581,0.0,APPROVE - Low fraud risk,0,
influencer_1222,3353051,194144,9903,-1.23,5.79,300,0.6,APPROVE - Low fraud risk,0,
influencer_1223,131844,655,28,1.55,0.5,713,9.0,APPROVE - Low fraud risk,0,
influencer_1224,115628,2647,132,-2.05,2.29,1541,0.0,APPROVE - Low fraud risk,0,
influencer_1225,1539624,59960,1131,-0.46,3.89,1818,0.0,APPROVE - Low fraud risk,0,
influencer_1226,915766,22862,1269,0.88,2.5,1860,0.0,APPROVE - Low fraud risk,0,
influencer_1227,1226336,15192,648,6.92,1.24,1410,0.0,APPROVE - Low fraud risk,0,
influencer_1228,381769,19908,978,1.96,5.21,432,0.1,APPROVE - Low fraud risk,0,
influencer_1229,683278,9462,591,5.96,1.38,1916,0.0,APPROVE - Low fraud risk,0,
influencer_1230,205698,1955,110,-1.24,0.95,1408,0.0,APPROVE - Low fraud risk,0,
influencer_1231,87156,2246,118,4.34,2.58,1620,0.3,APPROVE - Low fraud risk,0,
influencer_1232,223559,6891,441,1.57,3.08,1485,0.0,APPROVE - Low fraud risk,0,
influencer_1233,3783325,92779,3075,1.37,2.45,372,0.2,APPROVE - Low fraud risk,0,
influencer_1234,199431,5729,266,-6.24,2.87,1478,0.3,APPROVE - Low fraud risk,0,
influencer_1235,750897,460,29,16.11,0.06,577,100.0,REJECT - High fraud risk,1,
influencer_1236,42575,1527,99,3.3,3.59,321,0.5,APPROVE - Low fraud risk,0,
influencer_1237,739893,23855,1254,6.93,3.22,1569,0.0,APPROVE - Low fraud risk,0,
influencer_1238,1705954,60973,2349,4.97,3.57,1768,0.0,APPROVE - Low fraud risk,0,
influencer_1239,299159,6264,280,2.63,2.09,962,0.0,APPROVE - Low fraud risk,0,
influencer_1240,3337074,135297,4656,1.66,4.05,701,0.4,APPROVE - Low fraud risk,0,
influencer_1241,440633,472,19,5.63,0.11,627,99.6,REJECT - High fraud risk,1,
influencer_1242,374080,10750,435,5.92,2.87,1562,0.0,APPROVE - Low fraud risk,0,
influencer_1243,393728,257,8,13.64,0.07,582,100.0,REJECT - High fraud risk,1,
influencer_1244,209844,6188,253,0.16,2.95,1989,0.0,APPROVE - Low fraud risk,0,
influencer_1245,274260,7434,476,10.8,2.71,453,4.4,APPROVE - Low fraud risk,0,
influencer_1246,5000000,194908,4669,5.17,3.9,900,0.8,APPROVE - Low fraud risk,0,
influencer_1247,161219,4790,160,5.3,2.97,1710,0.0,APPROVE - Low fraud risk,0,
influencer_1248,1023117,43201,1257,-0.77,4.22,655,0.0,APPROVE - Low fraud risk,0,
influencer_1249,387669,10111,391,-0.41,2.61,859,0.0,APPROVE - Low fraud risk,0,
influencer_1250,1664372,58427,1999,9.5,3.51,1974,0.0,APPROVE - Low fraud risk,0,
influencer_1251,89996,3396,509,14.22,3.77,509,89.9,REJECT - High fraud risk,1,
influencer_1252,931243,32729,1033,12.61,3.51,1612,3.0,APPROVE - Low fraud risk,0,
influencer_1253,1459808,51584,1912,-3.64,3.53,1841,0.0,APPROVE - Low fraud risk,0,
influencer_1254,414881,8423,307,5.74,2.03,1313,0.0,APPROVE - Low fraud risk,0,
influencer_1255,288515,6369,466,6.9,2.21,192,0.0,APPROVE - Low fraud risk,0,
influencer_1256,347449,6160,197,-0.49,1.77,212,0.0,APPROVE - Low fraud risk,0,
influencer_1257,291130,10032,276,3.4,3.45,725,0.1,APPROVE - Low fraud risk,0,
influencer_1258,267295,7429,381,-1.28,2.78,685,0.0,APPROVE - Low fraud risk,0,
influencer_1259,1589149,42595,3010,1.9,2.68,92,0.6,APPROVE - Low fraud risk,0,
influencer_1260,5000000,30568,1729,7.74,0.61,1287,4.3,APPROVE - Low fraud risk,0,
influencer_1261,774154,29370,706,8.97,3.79,585,0.1,APPROVE - Low fraud risk,0,
influencer_1262,190402,2917,87,10.05,1.53,290,7.1,APPROVE - Low fraud risk,0,
influencer_1263,114610,2348,145,3.98,2.05,170,0.0,APPROVE - Low fraud risk,0,
influencer_1264,695288,13439,412,6.55,1.93,108,1.6,APPROVE - Low fraud risk,0,
influencer_1265,339598,3545,159,-1.24,1.04,387,0.0,APPROVE - Low fraud risk,0,
influencer_1266,123377,5701,237,3.68,4.62,405,0.1,APPROVE - Low fraud risk,0,
influencer_1267,150801,2316,139,0.84,1.54,361,0.0,APPROVE - Low fraud risk,0,
influencer_1268,3235862,62378,3416,2.0,1.93,1648,0.2,APPROVE - Low fraud risk,0,
influencer_1269,5000000,1278,50,27.89,0.03,558,94.9,REJECT - High fraud risk,1,
influencer_1270,59042,1990,101,5.98,3.37,926,0.3,APPROVE - Low fraud risk,0,
influencer_1271,5000000,343263,10213,1.67,6.87,1531,0.2,APPROVE - Low fraud risk,0,"Possible novel fraud pattern (high anomaly, not matched by labeled examples)"
influencer_1272,226599,9651,347,-1.58,4.26,395,0.0,APPROVE - Low fraud risk,0,
influencer_1273,393058,10892,438,3.14,2.77,78,0.1,APPROVE - Low fraud risk,0,
influencer_1274,511479,12922,552,4.49,2.53,1784,0.0,APPROVE - Low fraud risk,0,
influencer_1275,5000000,177096,9507,6.9,3.54,245,0.8,APPROVE - Low fraud risk,0,
influencer_1276,814456,20820,990,5.3,2.56,1392,0.0,APPROVE - Low fraud risk,0,
influencer_1277,568001,13991,450,0.6,2.46,1526,0.0,APPROVE - Low fraud risk,0,
influencer_1278,312387,10241,482,0.39,3.28,703,0.0,APPROVE - Low fraud risk,0,
influencer_1279,2504281,126649,7671,-2.62,5.06,1968,0.2,APPROVE - Low fraud risk,0,
influencer_1280,854423,14528,528,5.95,1.7,1124,0.0,APPROVE - Low fraud risk,0,
influencer_1281,315773,9617,526,2.85,3.05,752,0.1,APPROVE - Low fraud risk,0,
influencer_1282,1400090,52113,1698,1.34,3.72,993,0.0,APPROVE - Low fraud risk,0,
influencer_1283,843574,1959,111,-2.63,0.23,354,61.1,MANUAL REVIEW - Audit history,1,
influencer_1284,612703,24842,1133,3.21,4.05,1831,0.0,APPROVE - Low fraud risk,0,
influencer_1285,510580,8380,417,5.25,1.64,1895,0.0,APPROVE - Low fraud risk,0,
influencer_1286,226136,4780,270,4.43,2.11,964,0.0,APPROVE - Low fraud risk,0,
influencer_1287,2889809,72470,3410,6.81,2.51,1150,0.7,APPROVE - Low fraud risk,0,
influencer_1288,107915,3741,264,0.78,3.47,1381,0.0,APPROVE - Low fraud risk,0,
influencer_1289,534537,15735,685,4.78,2.94,840,0.3,APPROVE - Low fraud risk,0,
influencer_1290,2583491,76260,5404,4.77,2.95,182,1.4,APPROVE - Low fraud risk,0,
influencer_1291,339949,17062,749,0.07,5.02,459,0.0,APPROVE - Low fraud risk,0,
influencer_1292,2168700,50751,2789,1.77,2.34,1149,0.2,APPROVE - Low fraud risk,0,
influencer_1293,972691,113,3,4.3,0.01,264,100.0,REJECT - High fraud risk,1,
influencer_1294,208196,9897,379,0.71,4.75,1898,0.0,APPROVE - Low fraud risk,0,
influencer_1295,895255,33126,1173,1.64,3.7,890,0.3,APPROVE - Low fraud risk,0,
influencer_1296,188399,4796,1643,15.53,2.55,537,98.2,REJECT - High fraud risk,1,
influencer_1297,2332267,38760,2077,4.72,1.66,1404,0.3,APPROVE - Low fraud risk,0,
influencer_1298,60401,1966,98,1.16,3.25,1066,0.0,APPROVE - Low fraud risk,0,
influencer_1299,2688219,85054,3143,6.54,3.16,1473,0.0,APPROVE - Low fraud risk,0,
influencer_1300,158866,3405,107,2.97,2.14,981,0.0,APPROVE - Low fraud risk,0,
influencer_1301,594696,17904,970,4.84,3.01,115,1.5,APPROVE - Low fraud risk,0,
influencer_1302,727808,20249,955,1.85,2.78,1249,0.0,APPROVE - Low fraud risk,0,
influencer_1303,3756723,100250,3594,-5.48,2.67,361,0.0,APPROVE - Low fraud risk,0,
influencer_1304,441683,17760,8712,16.98,4.02,856,99.6,REJECT - High fraud risk,1,
influencer_1305,219664,2971,73,4.36,1.35,912,0.3,APPROVE - Low fraud risk,0,
influencer_1306,88185,3455,178,1.33,3.92,1495,0.0,APPROVE - Low fraud risk,0,
influencer_1307,194694,6576,351,4.27,3.38,553,0.1,APPROVE - Low fraud risk,0,
influencer_1308,284202,194,7,12.24,0.07,132,98.6,REJECT - High fraud risk,1,
influencer_1309,1543640,33747,571,2.14,2.19,1217,0.0,APPROVE - Low fraud risk,0,
influencer_1310,1187780,52067,2954,5.39,4.38,1667,0.2,APPROVE - Low fraud risk,0,
influencer_1311,616137,6292,454,1.0,1.02,1465,0.0,APPROVE - Low fraud risk,0,
influencer_1312,251836,5766,226,8.47,2.29,1483,0.0,APPROVE - Low fraud risk,0,
influencer_1313,2113360,88596,3856,6.58,4.19,1098,0.7,APPROVE - Low fraud risk,0,
influencer_1314,2236111,73019,1514,2.12,3.27,868,0.4,APPROVE - Low fraud risk,0,
influencer_1315,493332,9866,428,-1.76,2.0,1598,0.0,APPROVE - Low fraud risk,0,
influencer_1316,124855,3215,173,-1.95,2.57,560,0.0,APPROVE - Low fraud risk,0,
influencer_1317,1034504,38406,1643,4.74,3.71,497,0.7,APPROVE - Low fraud risk,0,
influencer_1318,256172,9262,310,6.63,3.62,1751,0.0,APPROVE - Low fraud risk,0,
influencer_1319,4754133,162898,5090,10.48,3.43,828,3.6,APPROVE - Low fraud risk,0,
influencer_1320,1183083,31568,684,0.56,2.67,992,0.0,APPROVE - Low fraud risk,0,
influencer_1321,577000,20334,834,1.62,3.52,1676,0.0,APPROVE - Low fraud risk,0,
influencer_1322,1601093,62042,3743,2.46,3.87,370,0.6,APPROVE - Low fraud risk,0,
influencer_1323,322506,7049,325,4.45,2.19,926,0.0,APPROVE - Low fraud risk,0,
influencer_1324,706065,21177,448,3.87,3.0,1587,0.0,APPROVE - Low fraud risk,0,
influencer_1325,863973,21663,1112,3.73,2.51,269,0.0,APPROVE - Low fraud risk,0,
influencer_1326,682213,21332,984,9.37,3.13,1434,0.3,APPROVE - Low fraud risk,0,
influencer_1327,49396,1636,112,-0.03,3.31,911,0.0,APPROVE - Low fraud risk,0,
influencer_1328,215288,5716,362,4.71,2.65,417,0.1,APPROVE - Low fraud risk,0,
influencer_1329,69209,2628,94,6.83,3.8,1902,0.0,APPROVE - Low fraud risk,0,
influencer_1330,1055403,37093,2254,9.21,3.51,630,3.4,APPROVE - Low fraud risk,0,
influencer_1331,664170,5683,280,2.96,0.86,1430,0.0,APPROVE - Low fraud risk,0,
influencer_1332,717457,22150,1300,-0.19,3.09,1640,0.4,APPROVE - Low fraud risk,0,
influencer_1333,722848,26345,1540,8.79,3.64,1063,0.7,APPROVE - Low fraud risk,0,
influencer_1334,67108,2154,82,5.3,3.21,1344,0.0,APPROVE - Low fraud risk,0,
influencer_1335,462158,4730,183,3.65,1.02,1526,0.0,APPROVE - Low fraud risk,0,
influencer_1336,323674,9521,678,1.17,2.94,150,0.0,APPROVE - Low fraud risk,0,
influencer_1337,296681,12267,572,2.06,4.13,1870,0.0,APPROVE - Low fraud risk,0,
influencer_1338,701291,17572,730,2.94,2.51,859,0.0,APPROVE - Low fraud risk,0,
influencer_1339,112014,663,32,4.86,0.59,838,16.0,APPROVE - Low fraud risk,0,
influencer_1340,1130936,30308,1318,7.86,2.68,933,0.7,APPROVE - Low fraud risk,0,
influencer_1341,607460,15055,618,4.95,2.48,1917,0.0,APPROVE - Low fraud risk,0,
influencer_1342,171184,5009,147,-4.93,2.93,780,0.0,APPROVE - Low fraud risk,0,
influencer_1343,99301,3243,158,7.19,3.27,1657,0.0,APPROVE - Low fraud risk,0,
influencer_1344,1190880,48619,2359,-2.13,4.08,375,0.4,APPROVE - Low fraud risk,0,
influencer_1345,1049107,15017,651,-1.92,1.43,1788,0.0,APPROVE - Low fraud risk,0,
influencer_1346,767501,10269,597,4.27,1.34,1191,0.0,APPROVE - Low fraud risk,0,
influencer_1347,1521800,25206,1128,6.3,1.66,1353,0.0,APPROVE - Low fraud risk,0,
influencer_1348,1525066,32205,1342,-3.85,2.11,1155,0.1,APPROVE - Low fraud risk,0,
influencer_1349,488538,10262,355,0.06,2.1,669,0.0,APPROVE - Low fraud risk,0,
influencer_1350,487360,11391,439,3.88,2.34,1009,0.3,APPROVE - Low fraud risk,0,
influencer_1351,158509,3975,596,-4.67,2.51,653,47.0,CAUTION - Monitor 2-4 weeks,0,
influencer_1352,866153,27172,1333,1.67,3.14,403,0.2,APPROVE - Low fraud risk,0,
influencer_1353,122846,5885,350,1.64,4.79,1915,0.0,APPROVE - Low fraud risk,0,
influencer_1354,743564,30021,1040,-2.81,4.04,985,0.0,APPROVE - Low fraud risk,0,
influencer_1355,396199,13058,502,5.6,3.3,65,1.5,APPROVE - Low fraud risk,0,
influencer_1356,1174645,48849,2143,0.01,4.16,488,0.3,APPROVE - Low fraud risk,0,
influencer_1357,389038,10941,587,6.26,2.81,1645,0.0,APPROVE - Low fraud risk,0,
influencer_1358,1218664,23622,1324,4.32,1.94,133,0.4,APPROVE - Low fraud risk,0,
influencer_1359,988409,16197,555,-1.24,1.64,1633,0.0,APPROVE - Low fraud risk,0,
influencer_1360,353460,5489,301,1.49,1.55,109,0.3,APPROVE - Low fraud risk,0,
influencer_1361,1036417,20371,805,-0.64,1.97,1166,0.0,APPROVE - Low fraud risk,0,
influencer_1362,260651,8774,4150,-9.18,3.37,372,97.7,REJECT - High fraud risk,1,
influencer_1363,67015,977,48,6.3,1.46,293,0.6,APPROVE - Low fraud risk,0,
influencer_1364,554143,6664,502,-3.4,1.2,1470,0.0,APPROVE - Low fraud risk,0,
influencer_1365,179561,6799,216,0.01,3.79,1208,0.0,APPROVE - Low fraud risk,0,
influencer_1366,114600,2347,97,1.68,2.05,1369,0.0,APPROVE - Low fraud risk,0,
influencer_1367,272470,9963,541,0.49,3.66,1339,0.0,APPROVE - Low fraud risk,0,
influencer_1368,430746,17708,868,4.79,4.11,463,0.1,APPROVE - Low fraud risk,0,
influencer_1369,684230,11061,639,1.87,1.62,1643,0.0,APPROVE - Low fraud risk,0,
influencer_1370,378857,17255,881,-3.76,4.55,1666,0.0,APPROVE - Low fraud risk,0,
influencer_1371,121880,3173,156,1.08,2.6,819,0.0,APPROVE - Low fraud risk,0,
influencer_1372,530105,18238,949,8.21,3.44,1692,0.0,APPROVE - Low fraud risk,0,
influencer_1373,171348,6228,247,0.49,3.63,521,0.0,APPROVE - Low fraud risk,0,
influencer_1374,631650,4159,177,2.46,0.66,95,5.9,APPROVE - Low fraud risk,0,
influencer_1375,341324,10242,352,4.94,3.0,1055,0.0,APPROVE - Low fraud risk,0,
influencer_1376,186932,5475,340,-0.06,2.93,924,0.0,APPROVE - Low fraud risk,0,
influencer_1377,1841771,433,16,30.84,0.02,464,100.0,REJECT - High fraud risk,1,
influencer_1378,564239,11668,5780,10.76,2.07,985,95.9,REJECT - High fraud risk,1,
influencer_1379,341096,508,5,16.21,0.15,260,98.3,REJECT - High fraud risk,1,
influencer_1380,1710434,44468,2206,5.97,2.6,718,0.5,APPROVE - Low fraud risk,0,
influencer_1381,198286,5130,274,3.17,2.59,1134,0.0,APPROVE - Low fraud risk,0,
influencer_1382,365276,7112,81,-1.55,1.95,355,0.0,APPROVE - Low fraud risk,0,
influencer_1383,4084475,156349,10659,4.33,3.83,1125,0.2,APPROVE - Low fraud risk,0,
influencer_1384,341013,5458,269,4.41,1.6,1180,0.0,APPROVE - Low fraud risk,0,
influencer_1385,522693,17837,1346,0.07,3.41,1299,0.4,APPROVE - Low fraud risk,0,
influencer_1386,871306,28802,1390,6.7,3.31,625,0.4,APPROVE - Low fraud risk,0,
influencer_1387,315727,5024,261,6.01,1.59,1507,0.0,APPROVE - Low fraud risk,0,
influencer_1388,428225,4153,1572,24.3,0.97,1012,78.3,REJECT - High fraud risk,1,
influencer_1389,145226,3263,124,-0.7,2.25,120,0.0,APPROVE - Low fraud risk,0,
influencer_1390,247392,11364,938,2.32,4.59,335,0.5,APPROVE - Low fraud risk,0,
influencer_1391,89067,1514,79,0.08,1.7,653,0.0,APPROVE - Low fraud risk,0,
influencer_1392,561830,6085,61,-0.97,1.08,1384,0.0,APPROVE - Low fraud risk,0,
influencer_1393,373009,10438,391,8.32,2.8,544,0.8,APPROVE - Low fraud risk,0,
influencer_1394,93104,3804,275,1.69,4.09,1010,0.0,APPROVE - Low fraud risk,0,
influencer_1395,226128,516,20,0.07,0.23,283,56.6,MANUAL REVIEW - Audit history,1,
influencer_1396,1643093,28300,8785,-10.0,1.72,370,94.3,REJECT - High fraud risk,1,
influencer_1397,218939,3957,219,3.74,1.81,1414,0.0,APPROVE - Low fraud risk,0,
influencer_1398,2009538,692,19,5.67,0.03,218,99.6,REJECT - High fraud risk,1,
influencer_1399,69525,2032,46,0.96,2.92,700,0.3,APPROVE - Low fraud risk,0,
influencer_1400,170666,618,34,1.71,0.36,1627,10.5,APPROVE - Low fraud risk,0,
influencer_1401,185538,6949,249,1.39,3.75,273,0.1,APPROVE - Low fraud risk,0,
influencer_1402,873606,187,7,9.81,0.02,550,99.8,REJECT - High fraud risk,1,
influencer_1403,1117204,36371,1404,7.39,3.26,430,0.4,APPROVE - Low fraud risk,0,
influencer_1404,108474,5115,205,5.06,4.72,1751,0.0,APPROVE - Low fraud risk,0,
influencer_1405,97392,5397,319,10.18,5.54,694,0.8,APPROVE - Low fraud risk,0,
influencer_1406,2018400,21274,715,6.91,1.05,557,3.3,APPROVE - Low fraud risk,0,
influencer_1407,501843,22042,972,7.0,4.39,1731,0.0,APPROVE - Low fraud risk,0,
influencer_1408,1202923,208,4,19.68,0.02,450,100.0,REJECT - High fraud risk,1,
influencer_1409,1926351,69076,3774,5.13,3.59,1369,0.0,APPROVE - Low fraud risk,0,
influencer_1410,37774,1127,18,1.5,2.98,369,0.5,APPROVE - Low fraud risk,0,
influencer_1411,465480,16145,872,10.26,3.47,1892,0.2,APPROVE - Low fraud risk,0,
influencer_1412,624986,9675,777,-0.69,1.55,1510,0.0,APPROVE - Low fraud risk,0,
influencer_1413,153253,4071,169,5.48,2.66,316,0.1,APPROVE - Low fraud risk,0,
influencer_1414,2523386,87016,3195,5.34,3.45,919,0.7,APPROVE - Low fraud risk,0,
influencer_1415,163938,2635,133,2.86,1.61,378,0.0,APPROVE - Low fraud risk,0,
influencer_1416,99569,1674,74,6.79,1.68,1424,0.3,APPROVE - Low fraud risk,0,
influencer_1417,1351961,58028,4660,2.58,4.29,1394,0.2,APPROVE - Low fraud risk,0,
influencer_1418,298631,7545,423,8.48,2.53,104,1.8,APPROVE - Low fraud risk,0,
influencer_1419,150030,4891,172,3.87,3.26,658,0.1,APPROVE - Low fraud risk,0,
influencer_1420,573093,21812,917,6.41,3.81,1183,0.0,APPROVE - Low fraud risk,0,
influencer_1421,449717,20957,1258,5.0,4.66,1699,0.3,APPROVE - Low fraud risk,0,
influencer_1422,922661,23876,598,1.97,2.59,975,0.0,APPROVE - Low fraud risk,0,
influencer_1423,1923784,69680,3135,5.95,3.62,1523,0.0,APPROVE - Low fraud risk,0,
influencer_1424,671760,18760,566,-6.98,2.79,1519,0.0,APPROVE - Low fraud risk,0,
influencer_1425,715709,597,3,46.86,0.08,307,97.7,REJECT - High fraud risk,1,
influencer_1426,103514,3297,161,0.59,3.18,287,0.0,APPROVE - Low fraud risk,0,
influencer_1427,28230,877,32,-0.01,3.11,1612,0.0,APPROVE - Low fraud risk,0,
influencer_1428,199036,4742,278,8.35,2.38,105,1.8,APPROVE - Low fraud risk,0,
influencer_1429,349475,8704,322,1.51,2.49,1216,0.0,APPROVE - Low fraud risk,0,
influencer_1430,91886,2166,102,7.41,2.36,247,0.0,APPROVE - Low fraud risk,0,
influencer_1431,578686,14630,924,1.2,2.53,811,0.0,APPROVE - Low fraud risk,0,
influencer_1432,43436,1463,65,2.21,3.37,246,0.5,APPROVE - Low fraud risk,0,
influencer_1433,95163,2570,187,0.66,2.7,888,0.0,APPROVE - Low fraud risk,0,
influencer_1434,168389,5366,232,3.48,3.19,1452,0.0,APPROVE - Low fraud risk,0,
influencer_1435,26283,324,19,2.13,1.23,1698,0.0,APPROVE - Low fraud risk,0,
influencer_1436,149121,3589,106,-1.05,2.41,341,0.0,APPROVE - Low fraud risk,0,
influencer_1437,3128778,27046,1258,3.65,0.86,151,1.5,APPROVE - Low fraud risk,0,
influencer_1438,290053,7712,400,4.67,2.66,416,0.1,APPROVE - Low fraud risk,0,
influencer_1439,418941,14423,774,2.21,3.44,1078,0.0,APPROVE - Low fraud risk,0,
influencer_1440,1152693,26909,870,-5.54,2.33,1157,0.0,APPROVE - Low fraud risk,0,
influencer_1441,72887,3246,70,2.52,4.45,587,0.1,APPROVE - Low fraud risk,0,
influencer_1442,5000000,111135,5780,4.5,2.22,1947,0.4,APPROVE - Low fraud risk,0,
influencer_1443,1082886,31133,1947,0.4,2.88,1891,0.0,APPROVE - Low fraud risk,0,
influencer_1444,768301,719,16,25.64,0.09,595,100.0,REJECT - High fraud risk,1,
influencer_1445,510386,13710,557,7.51,2.69,456,0.1,APPROVE - Low fraud risk,0,
influencer_1446,974990,25404,1258,-1.14,2.61,1494,0.0,APPROVE - Low fraud risk,0,
influencer_1447,291256,8958,588,4.69,3.08,1989,0.0,APPROVE - Low fraud risk,0,
influencer_1448,1176296,54023,2897,0.61,4.59,1161,0.6,APPROVE - Low fraud risk,0,
influencer_1449,818718,28962,1204,1.87,3.54,1900,0.0,APPROVE - Low fraud risk,0,
influencer_1450,97501,4391,267,10.06,4.5,586,2.8,APPROVE - Low fraud risk,0,
influencer_1451,52681,1399,73,1.59,2.66,1778,0.0,APPROVE - Low fraud risk,0,
influencer_1452,557788,15582,627,-1.03,2.79,1958,0.0,APPROVE - Low fraud risk,0,
influencer_1453,127226,4522,2960,-3.37,3.55,918,97.6,REJECT - High fraud risk,1,
influencer_1454,269272,5275,230,2.01,1.96,620,0.0,APPROVE - Low fraud risk,0,
influencer_1455,88346,4573,148,2.82,5.18,1341,0.0,APPROVE - Low fraud risk,0,
influencer_1456,89066,2141,97,-3.02,2.4,1368,0.0,APPROVE - Low fraud risk,0,
influencer_1457,810557,28957,1680,1.75,3.57,1301,0.0,APPROVE - Low fraud risk,0,
influencer_1458,1821727,308,15,4.42,0.02,427,99.6,REJECT - High fraud risk,1,
influencer_1459,1348687,2017,31,36.72,0.15,163,100.0,REJECT - High fraud risk,1,
influencer_1460,245417,11457,329,0.62,4.67,171,0.0,APPROVE - Low fraud risk,0,
influencer_1461,415781,9524,508,-3.28,2.29,1691,0.0,APPROVE - Low fraud risk,0,
influencer_1462,1080473,23307,1008,-0.92,2.16,1186,0.0,APPROVE - Low fraud risk,0,
influencer_1463,754399,26252,1782,2.12,3.48,1843,0.0,APPROVE - Low fraud risk,0,
influencer_1464,762237,19991,1023,6.28,2.62,1143,0.0,APPROVE - Low fraud risk,0,
influencer_1465,363252,16589,214,4.27,4.57,205,0.1,APPROVE - Low fraud risk,0,
influencer_1466,244892,7106,270,-3.33,2.9,892,0.0,APPROVE - Low fraud risk,0,
influencer_1467,330032,7068,344,6.84,2.14,135,0.3,APPROVE - Low fraud risk,0,
influencer_1468,83689,3549,57,-1.06,4.24,433,0.3,APPROVE - Low fraud risk,0,
influencer_1469,4665998,174102,6090,0.19,3.73,1961,0.6,APPROVE - Low fraud risk,0,
influencer_1470,2207336,77381,4478,5.51,3.51,629,0.8,APPROVE - Low fraud risk,0,
influencer_1471,364633,7731,2291,12.4,2.12,374,95.1,REJECT - High fraud risk,1,
influencer_1472,159858,4051,1124,26.06,2.53,523,98.9,REJECT - High fraud risk,1,
influencer_1473,343120,7220,469,6.46,2.1,1508,0.0,APPROVE - Low fraud risk,0,
influencer_1474,1095663,33676,2439,9.45,3.07,1240,1.8,APPROVE - Low fraud risk,0,
influencer_1475,39664,1902,56,9.98,4.79,1533,1.0,APPROVE - Low fraud risk,0,
influencer_1476,245907,3441,137,7.93,1.4,1507,0.2,APPROVE - Low fraud risk,0,
influencer_1477,266431,8150,294,1.55,3.06,386,0.1,APPROVE - Low fraud risk,0,
influencer_1478,815160,33609,916,2.35,4.12,492,0.1,APPROVE - Low fraud risk,0,
influencer_1479,5000000,95823,2134,4.24,1.92,1462,0.0,APPROVE - Low fraud risk,0,
influencer_1480,487882,7943,336,3.54,1.63,1198,0.0,APPROVE - Low fraud risk,0,
influencer_1481,5000000,893,43,16.62,0.02,606,95.9,REJECT - High fraud risk,1,
influencer_1482,543024,157,6,18.45,0.03,705,100.0,REJECT - High fraud risk,1,
influencer_1483,5000000,126163,7779,1.37,2.52,217,0.5,APPROVE - Low fraud risk,0,
influencer_1484,167589,224,6,35.84,0.13,343,97.6,REJECT - High fraud risk,1,
influencer_1485,873278,20275,1196,7.14,2.32,563,0.6,APPROVE - Low fraud risk,0,
influencer_1486,2538550,95185,5774,11.45,3.75,519,6.0,APPROVE - Low fraud risk,0,
influencer_1487,634823,23903,1239,6.43,3.77,329,0.3,APPROVE - Low fraud risk,0,
influencer_1488,2328786,7921,193,-1.32,0.34,60,27.9,CAUTION - Monitor 2-4 weeks,0,
influencer_1489,166247,6299,331,3.06,3.79,543,0.1,APPROVE - Low fraud risk,0,
influencer_1490,713810,41722,3003,1.38,5.84,1979,4.9,APPROVE - Low fraud risk,0,
influencer_1491,485973,21977,1207,11.57,4.52,858,6.5,APPROVE - Low fraud risk,0,
influencer_1492,1493925,42956,1523,8.74,2.88,1957,0.4,APPROVE - Low fraud risk,0,
influencer_1493,157276,7488,464,0.91,4.76,405,0.0,APPROVE - Low fraud risk,0,
influencer_1494,557909,10700,584,5.28,1.92,1692,0.0,APPROVE - Low fraud risk,0,
influencer_1495,358715,15487,425,-3.17,4.32,1183,0.0,APPROVE - Low fraud risk,0,
influencer_1496,367008,11655,315,10.37,3.18,1147,1.1,APPROVE - Low fraud risk,0,
influencer_1497,159008,8462,386,-5.02,5.32,1713,0.0,APPROVE - Low fraud risk,0,
influencer_1498,332842,17371,628,9.1,5.22,1583,0.3,APPROVE - Low fraud risk,0,
influencer_1499,327396,11636,557,-6.92,3.55,380,0.0,APPROVE - Low fraud risk,0,
influencer_1500,811829,13201,761,0.54,1.63,1303,0.0,APPROVE - Low fraud risk,0,
influencer_1501,231873,2365,111,6.99,1.02,1849,0.5,APPROVE - Low fraud risk,0,
influencer_1502,332658,14622,548,-2.39,4.4,765,0.0,APPROVE - Low fraud risk,0,
influencer_1503,1368521,761,23,2.68,0.06,641,99.6,REJECT - High fraud risk,1,
influencer_1504,744446,19108,598,5.08,2.57,981,0.0,APPROVE - Low fraud risk,0,
influencer_1505,497731,29434,942,5.02,5.91,1873,0.0,APPROVE - Low fraud risk,0,
influencer_1506,503004,5219,222,5.84,1.04,151,3.5,APPROVE - Low fraud risk,0,
influencer_1507,566214,11823,810,6.57,2.09,1115,0.0,APPROVE - Low fraud risk,0,
influencer_1508,1653445,69918,1025,0.03,4.23,1790,0.0,APPROVE - Low fraud risk,0,
influencer_1509,433974,15460,5381,7.18,3.56,974,96.3,REJECT - High fraud risk,1,
influencer_1510,609476,9531,659,-2.5,1.56,380,0.0,APPROVE - Low fraud risk,0,
influencer_1511,377485,9584,366,14.1,2.54,226,18.4,APPROVE - Low fraud risk,0,
influencer_1512,278377,5946,294,1.84,2.14,810,0.3,APPROVE - Low fraud risk,0,
influencer_1513,1008906,35051,1321,10.84,3.47,1599,0.2,APPROVE - Low fraud risk,0,
influencer_1514,281708,6682,426,-11.12,2.37,89,7.3,APPROVE - Low fraud risk,0,
influencer_1515,906116,21686,963,-7.8,2.39,1863,0.3,APPROVE - Low fraud risk,0,
influencer_1516,1011532,38670,2331,8.95,3.82,927,2.3,APPROVE - Low fraud risk,0,
influencer_1517,134313,2983,181,4.87,2.22,1437,0.0,APPROVE - Low fraud risk,0,
influencer_1518,4008230,69131,2307,2.93,1.72,1192,0.0,APPROVE - Low fraud risk,0,
influencer_1519,57026,2204,91,-0.94,3.86,529,0.0,APPROVE - Low fraud risk,0,
influencer_1520,621788,10719,412,4.01,1.72,1066,0.0,APPROVE - Low fraud risk,0,
influencer_1521,209635,7624,323,9.63,3.64,204,0.6,APPROVE - Low fraud risk,0,
influencer_1522,5000000,241573,9379,1.77,4.83,303,0.4,APPROVE - Low fraud risk,0,
influencer_1523,713718,18936,524,5.12,2.65,1269,0.0,APPROVE - Low fraud risk,0,
influencer_1524,4429053,919,27,16.21,0.02,350,100.0,REJECT - High fraud risk,1,
influencer_1525,461056,19311,984,1.54,4.19,1666,0.0,APPROVE - Low fraud risk,0,
influencer_1526,1275595,39842,2360,2.99,3.12,1451,0.2,APPROVE - Low fraud risk,0,
influencer_1527,2109646,44665,1434,10.48,2.12,444,7.3,APPROVE - Low fraud risk,0,
influencer_1528,65924,2698,134,1.83,4.09,863,0.3,APPROVE - Low fraud risk,0,
influencer_1529,118299,4291,164,0.32,3.63,877,0.0,APPROVE - Low fraud risk,0,
influencer_1530,516878,11982,504,6.92,2.32,633,0.0,APPROVE - Low fraud risk,0,
influencer_1531,2114475,50146,2487,-2.99,2.37,1923,0.0,APPROVE - Low fraud risk,0,
influencer_1532,1227267,29327,1732,-1.84,2.39,1844,0.0,APPROVE - Low fraud risk,0,
influencer_1533,3334550,114911,7012,0.31,3.45,1882,0.6,APPROVE - Low fraud risk,0,
influencer_1534,268061,14155,288,1.58,5.28,153,0.1,APPROVE - Low fraud risk,0,
influencer_1535,575059,13622,573,3.55,2.37,1650,0.0,APPROVE - Low fraud risk,0,
influencer_1536,188812,2561,123,-1.79,1.36,1248,0.0,APPROVE - Low fraud risk,0,
influencer_1537,56423,1684,86,-5.03,2.98,916,0.0,APPROVE - Low fraud risk,0,
influencer_1538,334981,6815,59,3.6,2.03,1945,0.0,APPROVE - Low fraud risk,0,
influencer_1539,719595,19435,1030,2.88,2.7,446,0.1,APPROVE - Low fraud risk,0,
influencer_1540,230138,5231,158,2.96,2.27,1315,0.0,APPROVE - Low fraud risk,0,
influencer_1541,222802,5908,265,2.16,2.65,1842,0.3,APPROVE - Low fraud risk,0,
influencer_1542,240179,10812,432,7.7,4.5,162,0.1,APPROVE - Low fraud risk,0,
influencer_1543,735594,38081,2376,8.74,5.18,559,4.0,APPROVE - Low fraud risk,0,
influencer_1544,2121984,77211,3636,0.96,3.64,63,0.6,APPROVE - Low fraud risk,0,
influencer_1545,312445,11428,626,-3.95,3.66,1807,0.0,APPROVE - Low fraud risk,0,
influencer_1546,556001,23812,1146,1.28,4.28,886,0.3,APPROVE - Low fraud risk,0,
influencer_1547,326878,9274,545,3.02,2.84,1246,0.0,APPROVE - Low fraud risk,0,
influencer_1548,301862,13931,494,6.44,4.61,943,0.0,APPROVE - Low fraud risk,0,
influencer_1549,187089,7077,321,4.18,3.78,1478,0.3,APPROVE - Low fraud risk,0,
influencer_1550,319967,11822,418,7.91,3.69,1818,0.0,APPROVE - Low fraud risk,0,
influencer_1551,157222,4356,173,7.1,2.77,814,0.1,APPROVE - Low fraud risk,0,
influencer_1552,884117,17485,1028,0.49,1.98,942,0.0,APPROVE - Low fraud risk,0,
influencer_1553,821711,20211,1276,4.65,2.46,1717,0.0,APPROVE - Low fraud risk,0,
influencer_1554,121039,3798,179,-1.02,3.14,221,0.0,APPROVE - Low fraud risk,0,
influencer_1555,201301,6805,204,-3.05,3.38,1873,0.0,APPROVE - Low fraud risk,0,
influencer_1556,1753102,44739,1691,1.68,2.55,71,0.3,APPROVE - Low fraud risk,0,
influencer_1557,401627,8813,265,2.64,2.19,215,0.0,APPROVE - Low fraud risk,0,
influencer_1558,143244,4147,149,5.5,2.89,224,0.1,APPROVE - Low fraud risk,0,
influencer_1559,713124,32648,1524,4.02,4.58,1087,0.0,APPROVE - Low fraud risk,0,
influencer_1560,211972,9608,3185,10.0,4.53,433,96.1,REJECT - High fraud risk,1,
influencer_1561,286213,4533,344,-2.87,1.58,87,0.3,APPROVE - Low fraud risk,0,
influencer_1562,591306,24713,1355,17.23,4.18,432,10.8,APPROVE - Low fraud risk,0,
influencer_1563,79434,2412,157,8.39,3.04,1487,0.3,APPROVE - Low fraud risk,0,
influencer_1564,1107901,51559,1725,-0.12,4.65,761,0.2,APPROVE - Low fraud risk,0,
influencer_1565,349141,15609,609,6.72,4.47,1654,0.0,APPROVE - Low fraud risk,0,
influencer_1566,3522946,119184,2545,1.48,3.38,1580,0.2,APPROVE - Low fraud risk,0,
influencer_1567,248662,8108,373,3.96,3.26,362,0.1,APPROVE - Low fraud risk,0,
influencer_1568,850993,10664,270,5.87,1.25,752,0.8,APPROVE - Low fraud risk,0,
influencer_1569,615799,8585,667,1.9,1.39,79,0.7,APPROVE - Low fraud risk,0,
influencer_1570,526651,15378,715,7.2,2.92,622,0.1,APPROVE - Low fraud risk,0,
influencer_1571,1040846,18698,1187,3.03,1.8,1071,0.0,APPROVE - Low fraud risk,0,
influencer_1572,791106,3956,959,10.62,0.5,461,61.5,MANUAL REVIEW - Audit history,1,
influencer_1573,211450,5165,139,-1.04,2.44,1985,0.0,APPROVE - Low fraud risk,0,
influencer_1574,1726613,40376,1175,0.19,2.34,1388,0.3,APPROVE - Low fraud risk,0,
influencer_1575,834326,23674,1648,2.84,2.84,224,0.3,APPROVE - Low fraud risk,0,
influencer_1576,785909,23843,2035,3.82,3.03,737,0.6,APPROVE - Low fraud risk,0,
influencer_1577,4440769,809,17,38.42,0.02,60,99.3,REJECT - High fraud risk,1,
influencer_1578,129822,2624,84,8.87,2.02,1540,0.3,APPROVE - Low fraud risk,0,
influencer_1579,723118,16013,746,-4.33,2.21,603,0.0,APPROVE - Low fraud risk,0,
influencer_1580,513310,8545,591,0.64,1.66,1757,0.0,APPROVE - Low fraud risk,0,
influencer_1581,294291,9694,156,6.63,3.29,1700,0.0,APPROVE - Low fraud risk,0,
influencer_1582,329561,9873,380,5.92,3.0,789,0.1,APPROVE - Low fraud risk,0,
influencer_1583,807610,9565,675,1.45,1.18,937,0.3,APPROVE - Low fraud risk,0,
influencer_1584,1825067,552,10,10.81,0.03,286,98.8,REJECT - High fraud risk,1,
influencer_1585,457260,20190,1027,-4.34,4.42,312,0.0,APPROVE - Low fraud risk,0,
influencer_1586,634889,12701,548,0.19,2.0,1126,0.0,APPROVE - Low fraud risk,0,
influencer_1587,49519,1241,69,-1.97,2.51,437,0.3,APPROVE - Low fraud risk,0,
influencer_1588,745864,11711,483,2.46,1.57,109,0.0,APPROVE - Low fraud risk,0,
influencer_1589,451456,11513,419,-5.67,2.55,1595,0.3,APPROVE - Low fraud risk,0,
influencer_1590,1283112,3097,157,1.35,0.24,1557,27.3,CAUTION - Monitor 2-4 weeks,0,
influencer_1591,806713,36436,1729,2.41,4.52,1747,0.0,APPROVE - Low fraud risk,0,
influencer_1592,566209,15667,660,-0.54,2.77,1407,0.0,APPROVE - Low fraud risk,0,
influencer_1593,382475,12674,515,10.85,3.31,1791,0.5,APPROVE - Low fraud risk,0,
influencer_1594,2173316,28349,701,3.98,1.3,978,0.3,APPROVE - Low fraud risk,0,
influencer_1595,201684,5664,324,-0.78,2.81,641,0.0,APPROVE - Low fraud risk,0,
influencer_1596,489625,21158,906,2.5,4.32,254,0.1,APPROVE - Low fraud risk,0,
influencer_1597,501382,8999,455,9.95,1.79,614,9.3,APPROVE - Low fraud risk,0,
influencer_1598,694405,23715,1820,6.38,3.42,184,0.8,APPROVE - Low fraud risk,0,
influencer_1599,1491711,38984,2394,0.49,2.61,1653,0.6,APPROVE - Low fraud risk,0,
influencer_1600,1154911,47254,12073,30.5,4.09,899,96.5,REJECT - High fraud risk,1,
influencer_1601,289210,7634,343,-0.88,2.64,276,0.0,APPROVE - Low fraud risk,0,
influencer_1602,533684,6426,196,-0.96,1.2,1760,0.0,APPROVE - Low fraud risk,0,
influencer_1603,1284159,52148,2893,2.93,4.06,1887,0.2,APPROVE - Low fraud risk,0,
influencer_1604,67764,2527,166,9.27,3.73,202,0.4,APPROVE - Low fraud risk,0,
influencer_1605,651114,16372,1254,3.55,2.51,1610,0.0,APPROVE - Low fraud risk,0,
influencer_1606,918706,43997,1921,2.32,4.79,282,0.5,APPROVE - Low fraud risk,0,
influencer_1607,1143262,21843,860,6.93,1.91,158,1.1,APPROVE - Low fraud risk,0,
influencer_1608,261617,7425,343,6.88,2.84,296,0.1,APPROVE - Low fraud risk,0,
influencer_1609,542566,22254,481,-0.24,4.1,704,0.0,APPROVE - Low fraud risk,0,
influencer_1610,327343,11341,368,9.75,3.46,456,0.7,APPROVE - Low fraud risk,0,
influencer_1611,142132,3139,234,2.33,2.21,1837,0.0,APPROVE - Low fraud risk,0,
influencer_1612,845407,22742,998,4.72,2.69,1531,0.0,APPROVE - Low fraud risk,0,
influencer_1613,168138,6335,288,0.97,3.77,618,0.0,APPROVE - Low fraud risk,0,
influencer_1614,1521103,28849,386,2.67,1.9,386,0.0,APPROVE - Low fraud risk,0,
influencer_1615,594205,8308,468,1.75,1.4,1656,0.0,APPROVE - Low fraud risk,0,
influencer_1616,300536,9348,510,3.91,3.11,96,0.1,APPROVE - Low fraud risk,0,
influencer_1617,476729,1522,89,4.1,0.32,1068,33.0,CAUTION - Monitor 2-4 weeks,0,
influencer_1618,98207,5931,284,8.62,6.04,1657,0.3,APPROVE - Low fraud risk,0,
influencer_1619,107348,2728,181,-2.29,2.54,1707,0.0,APPROVE - Low fraud risk,0,
influencer_1620,84284,2708,63,5.36,3.21,862,0.3,APPROVE - Low fraud risk,0,
influencer_1621,560766,24053,1229,1.45,4.29,231,0.1,APPROVE - Low fraud risk,0,
influencer_1622,524905,12256,705,2.77,2.33,188,0.0,APPROVE - Low fraud risk,0,
influencer_1623,1515623,28644,858,2.36,1.89,1306,0.0,APPROVE - Low fraud risk,0,
influencer_1624,494961,1439,73,1.41,0.29,1465,28.2,CAUTION - Monitor 2-4 weeks,0,
influencer_1625,843103,37952,576,-0.58,4.5,234,0.0,APPROVE - Low fraud risk,0,
influencer_1626,741780,27563,1392,3.5,3.72,1788,0.0,APPROVE - Low fraud risk,0,
influencer_1627,234599,11902,662,2.09,5.07,928,0.0,APPROVE - Low fraud risk,0,
influencer_1628,637109,7857,428,4.43,1.23,1583,0.0,APPROVE - Low fraud risk,0,
influencer_1629,299968,2964,141,2.52,0.99,1723,0.0,APPROVE - Low fraud risk,0,
influencer_1630,438087,13688,711,5.54,3.12,1516,0.0,APPROVE - Low fraud risk,0,
influencer_1631,1089677,28480,903,3.31,2.61,1136,0.0,APPROVE - Low fraud risk,0,
influencer_1632,245541,8056,390,3.47,3.28,263,0.1,APPROVE - Low fraud risk,0,
influencer_1633,810995,27814,1669,10.63,3.43,197,4.1,APPROVE - Low fraud risk,0,
influencer_1634,338604,4191,1110,13.26,1.24,834,73.0,MANUAL REVIEW - Audit history,1,
influencer_1635,709178,36721,1746,5.47,5.18,519,0.5,APPROVE - Low fraud risk,0,
influencer_1636,828681,27617,966,5.94,3.33,897,0.7,APPROVE - Low fraud risk,0,
influencer_1637,995766,35115,2034,5.41,3.53,1507,0.1,APPROVE - Low fraud risk,0,
influencer_1638,154427,5269,315,7.72,3.41,367,0.1,APPROVE - Low fraud risk,0,
influencer_1639,397514,16218,616,-1.56,4.08,1121,0.0,APPROVE - Low fraud risk,0,
influencer_1640,239060,4828,374,7.05,2.02,846,0.0,APPROVE - Low fraud risk,0,
influencer_1641,522308,19962,1031,-3.26,3.82,222,0.0,APPROVE - Low fraud risk,0,
influencer_1642,141632,5833,2883,1.0,4.12,745,98.2,REJECT - High fraud risk,1,
influencer_1643,829262,29359,1430,1.32,3.54,1612,0.0,APPROVE - Low fraud risk,0,
influencer_1644,1103652,40146,2540,0.92,3.64,765,0.9,APPROVE - Low fraud risk,0,
influencer_1645,842200,23467,1050,-3.68,2.79,1486,0.0,APPROVE - Low fraud risk,0,
influencer_1646,477783,15115,1247,5.96,3.16,215,0.7,APPROVE - Low fraud risk,0,
influencer_1647,757912,15677,621,6.86,2.07,563,0.0,APPROVE - Low fraud risk,0,
influencer_1648,98230,5390,272,2.17,5.49,1851,0.0,APPROVE - Low fraud risk,0,
influencer_1649,2544634,89169,3152,-2.58,3.5,1840,0.2,APPROVE - Low fraud risk,0,
influencer_1650,55020,879,26,8.72,1.6,1403,2.2,APPROVE - Low fraud risk,0,
influencer_1651,341964,14989,987,8.91,4.38,557,2.1,APPROVE - Low fraud risk,0,
influencer_1652,165416,6792,396,4.08,4.11,372,0.1,APPROVE - Low fraud risk,0,
influencer_1653,171154,5812,272,5.15,3.4,718,0.1,APPROVE - Low fraud risk,0,
influencer_1654,3978454,194095,3962,-0.76,4.88,1425,0.2,APPROVE - Low fraud risk,0,
influencer_1655,634628,17434,348,2.73,2.75,301,0.1,APPROVE - Low fraud risk,0,
influencer_1656,198497,7718,227,-1.37,3.89,1940,0.0,APPROVE - Low fraud risk,0,
influencer_1657,888510,29106,981,7.44,3.28,912,0.3,APPROVE - Low fraud risk,0,
influencer_1658,75926,1903,95,-2.85,2.51,802,0.3,APPROVE - Low fraud risk,0,
influencer_1659,1172951,27758,1094,-3.29,2.37,1189,0.0,APPROVE - Low fraud risk,0,
influencer_1660,1138555,487,12,17.75,0.04,197,100.0,REJECT - High fraud risk,1,
influencer_1661,85259,2260,938,14.49,2.65,1132,89.9,REJECT - High fraud risk,1,
influencer_1662,889939,23182,1515,4.38,2.6,1728,0.4,APPROVE - Low fraud risk,0,
influencer_1663,3588333,54815,2465,-5.79,1.53,1215,0.0,APPROVE - Low fraud risk,0,
influencer_1664,118919,2908,146,10.21,2.45,310,3.0,APPROVE - Low fraud risk,0,
influencer_1665,69771,1441,91,7.23,2.07,1750,0.0,APPROVE - Low fraud risk,0,
influencer_1666,398390,9529,457,4.1,2.39,1436,0.0,APPROVE - Low fraud risk,0,
influencer_1667,449315,12455,782,12.86,2.77,1800,3.7,APPROVE - Low fraud risk,0,
influencer_1668,749201,13480,551,1.2,1.8,1763,0.0,APPROVE - Low fraud risk,0,
influencer_1669,111454,4767,286,5.69,4.28,1762,0.0,APPROVE - Low fraud risk,0,
influencer_1670,1141592,45926,795,4.93,4.02,1701,0.0,APPROVE - Low fraud risk,0,
influencer_1671,353459,11593,825,5.98,3.28,1303,0.0,APPROVE - Low fraud risk,0,
influencer_1672,116646,3950,184,3.93,3.39,1020,0.0,APPROVE - Low fraud risk,0,
influencer_1673,116166,3410,138,5.78,2.94,1598,0.0,APPROVE - Low fraud risk,0,
influencer_1674,323943,7877,300,-3.27,2.43,991,0.0,APPROVE - Low fraud risk,0,
influencer_1675,144361,4851,95,4.04,3.36,1106,0.0,APPROVE - Low fraud risk,0,
influencer_1676,1184896,47808,961,4.55,4.03,1980,0.0,APPROVE - Low fraud risk,0,
influencer_1677,868273,21086,927,-1.34,2.43,1235,0.0,APPROVE - Low fraud risk,0,
influencer_1678,2027051,81139,4467,3.83,4.0,1730,0.2,APPROVE - Low fraud risk,0,
influencer_1679,692449,19006,948,-2.64,2.74,139,0.0,APPROVE - Low fraud risk,0,
influencer_1680,1362935,40619,7992,-3.58,2.98,240,89.4,REJECT - High fraud risk,1,
influencer_1681,493949,3293,167,-1.13,0.67,1156,2.3,APPROVE - Low fraud risk,0,
influencer_1682,1114971,23114,510,6.37,2.07,830,0.0,APPROVE - Low fraud risk,0,
influencer_1683,1374960,727,32,33.53,0.05,163,99.6,REJECT - High fraud risk,1,
influencer_1684,3674566,96341,4799,2.32,2.62,1567,0.2,APPROVE - Low fraud risk,0,
influencer_1685,383471,12702,4770,26.57,3.31,657,99.9,REJECT - High fraud risk,1,
influencer_1686,170687,4274,318,1.05,2.5,1723,0.0,APPROVE - Low fraud risk,0,
influencer_1687,276515,6857,224,2.87,2.48,862,0.0,APPROVE - Low fraud risk,0,
influencer_1688,1322814,29781,720,-2.92,2.25,1787,0.0,APPROVE - Low fraud risk,0,
influencer_1689,552681,9195,321,-0.18,1.66,877,0.0,APPROVE - Low fraud risk,0,
influencer_1690,75617,3505,943,5.74,4.64,630,88.5,REJECT - High fraud risk,1,
influencer_1691,581674,9594,611,7.09,1.65,488,1.8,APPROVE - Low fraud risk,0,
influencer_1692,221399,3949,285,1.1,1.78,1548,0.0,APPROVE - Low fraud risk,0,
influencer_1693,763549,35265,1442,-1.47,4.62,1075,0.0,APPROVE - Low fraud risk,0,
influencer_1694,408062,18324,836,6.96,4.49,978,0.0,APPROVE - Low fraud risk,0,
influencer_1695,1073796,35166,733,5.85,3.27,1404,0.0,APPROVE - Low fraud risk,0,
influencer_1696,817795,18830,1054,3.33,2.3,505,0.0,APPROVE - Low fraud risk,0,
influencer_1697,858748,29890,1083,-3.11,3.48,1254,0.0,APPROVE - Low fraud risk,0,
influencer_1698,34272,1035,17,-5.05,3.02,1860,0.0,APPROVE - Low fraud risk,0,
influencer_1699,538856,15971,579,2.08,2.96,371,0.1,APPROVE - Low fraud risk,0,
influencer_1700,104681,1146,35,-6.81,1.09,1852,0.5,APPROVE - Low fraud risk,0,
influencer_1701,1053679,32953,1616,-0.77,3.13,1552,0.0,APPROVE - Low fraud risk,0,
influencer_1702,603377,25611,735,4.57,4.24,804,0.1,APPROVE - Low fraud risk,0,
influencer_1703,193507,5062,201,1.6,2.62,1363,0.0,APPROVE - Low fraud risk,0,
influencer_1704,1108615,44177,1575,4.23,3.98,1965,0.0,APPROVE - Low fraud risk,0,
influencer_1705,2237242,54050,1215,1.68,2.42,1531,0.0,APPROVE - Low fraud risk,0,
influencer_1706,33564,689,28,11.28,2.05,1310,6.4,APPROVE - Low fraud risk,0,
influencer_1707,424051,11791,644,12.33,2.78,485,9.3,APPROVE - Low fraud risk,0,
influencer_1708,465638,6003,216,4.18,1.29,1048,0.0,APPROVE - Low fraud risk,0,
influencer_1709,255549,8096,585,1.41,3.17,337,0.1,APPROVE - Low fraud risk,0,
influencer_1710,2225829,72523,1589,3.1,3.26,1193,0.0,APPROVE - Low fraud risk,0,
influencer_1711,661874,14839,672,9.5,2.24,934,3.0,APPROVE - Low fraud risk,0,
influencer_1712,96831,2760,175,1.13,2.85,205,0.0,APPROVE - Low fraud risk,0,
influencer_1713,1239279,35040,2236,6.02,2.83,1686,1.0,APPROVE - Low fraud risk,0,
influencer_1714,54963,1570,61,4.58,2.86,1357,0.0,APPROVE - Low fraud risk,0,
influencer_1715,1034120,29319,1126,5.95,2.84,1765,0.0,APPROVE - Low fraud risk,0,
influencer_1716,658760,28003,994,2.0,4.25,1548,0.0,APPROVE - Low fraud risk,0,
influencer_1717,836691,18787,1272,0.88,2.25,1681,0.0,APPROVE - Low fraud risk,0,
influencer_1718,467517,1241,55,32.75,0.27,515,88.6,REJECT - High fraud risk,1,
influencer_1719,3507424,97574,2787,1.4,2.78,778,0.4,APPROVE - Low fraud risk,0,
influencer_1720,548487,23989,1109,2.87,4.37,456,0.5,APPROVE - Low fraud risk,0,
influencer_1721,206140,7164,210,-1.41,3.48,1965,0.0,APPROVE - Low fraud risk,0,
influencer_1722,222635,6450,2652,5.07,2.9,720,99.1,REJECT - High fraud risk,1,
influencer_1723,5000000,149717,9497,4.75,2.99,201,0.8,APPROVE - Low fraud risk,0,
influencer_1724,1980191,22435,1264,4.04,1.13,1661,0.0,APPROVE - Low fraud risk,0,
influencer_1725,50235,1468,76,1.39,2.92,238,0.5,APPROVE - Low fraud risk,0,
influencer_1726,511745,13373,920,3.03,2.61,887,0.3,APPROVE - Low fraud risk,0,
influencer_1727,234612,7339,360,5.77,3.13,1547,0.0,APPROVE - Low fraud risk,0,
influencer_1728,370896,9704,575,2.98,2.62,589,0.1,APPROVE - Low fraud risk,0,
influencer_1729,1320849,14377,841,6.89,1.09,1067,3.0,APPROVE - Low fraud risk,0,
influencer_1730,1773299,222,6,22.68,0.01,879,100.0,REJECT - High fraud risk,1,
influencer_1731,1014948,9339,348,1.7,0.92,1351,0.0,APPROVE - Low fraud risk,0,
influencer_1732,470597,8497,380,3.75,1.81,1398,0.0,APPROVE - Low fraud risk,0,
influencer_1733,3277891,83835,4907,3.41,2.56,1304,0.0,APPROVE - Low fraud risk,0,
influencer_1734,334629,8036,409,7.41,2.4,1707,0.0,APPROVE - Low fraud risk,0,
influencer_1735,642811,15934,783,1.69,2.48,1721,0.0,APPROVE - Low fraud risk,0,
influencer_1736,1299570,55407,2011,2.1,4.26,1435,0.0,APPROVE - Low fraud risk,0,
influencer_1737,272251,5917,397,6.7,2.17,1872,0.3,APPROVE - Low fraud risk,0,
influencer_1738,755776,8667,250,0.86,1.15,1792,0.0,APPROVE - Low fraud risk,0,
influencer_1739,968181,38563,1549,-0.65,3.98,136,0.4,APPROVE - Low fraud risk,0,
influencer_1740,1900564,53445,3930,-0.4,2.81,1198,0.2,APPROVE - Low fraud risk,0,
influencer_1741,924573,29055,1259,8.0,3.14,1393,0.0,APPROVE - Low fraud risk,0,
influencer_1742,186420,5902,327,0.64,3.17,1618,0.0,APPROVE - Low fraud risk,0,
influencer_1743,504100,12009,609,3.07,2.38,1534,0.0,APPROVE - Low fraud risk,0,
influencer_1744,722959,12519,457,-2.86,1.73,1337,0.0,APPROVE - Low fraud risk,0,
influencer_1745,99083,2705,176,1.61,2.73,268,0.1,APPROVE - Low fraud risk,0,
influencer_1746,787285,15403,115,-0.26,1.96,1226,0.0,APPROVE - Low fraud risk,0,
influencer_1747,223774,6691,323,1.93,2.99,528,0.1,APPROVE - Low fraud risk,0,
influencer_1748,349514,8435,508,0.62,2.41,1440,0.0,APPROVE - Low fraud risk,0,
influencer_1749,396825,13648,739,1.54,3.44,944,0.0,APPROVE - Low fraud risk,0,
influencer_1750,60374,533,27,0.2,0.88,1515,0.0,APPROVE - Low fraud risk,0,
influencer_1751,624049,23975,1190,3.32,3.84,704,0.1,APPROVE - Low fraud risk,0,
influencer_1752,3910265,79,3,30.08,0.0,740,100.0,REJECT - High fraud risk,1,
influencer_1753,489598,13773,438,1.26,2.81,913,0.3,APPROVE - Low fraud risk,0,
influencer_1754,1426513,32776,874,5.81,2.3,595,0.0,APPROVE - Low fraud risk,0,
influencer_1755,509214,17429,411,1.57,3.42,1728,0.0,APPROVE - Low fraud risk,0,
influencer_1756,1594129,48934,951,2.2,3.07,1172,0.0,APPROVE - Low fraud risk,0,
influencer_1757,78450,1494,81,0.11,1.9,455,0.0,APPROVE - Low fraud risk,0,
influencer_1758,708340,4856,1,-1.4,0.69,1248,7.7,APPROVE - Low fraud risk,0,
influencer_1759,689933,21007,645,6.31,3.04,1982,0.0,APPROVE - Low fraud risk,0,
influencer_1760,677709,13872,631,0.15,2.05,1400,0.0,APPROVE - Low fraud risk,0,
influencer_1761,40199,1257,38,-0.27,3.13,308,0.3,APPROVE - Low fraud risk,0,
influencer_1762,322432,236,4,18.29,0.07,324,99.3,REJECT - High fraud risk,1,
influencer_1763,1294440,39415,1227,1.38,3.04,248,2.1,APPROVE - Low fraud risk,0,
influencer_1764,58048,2364,114,1.29,4.07,1011,0.0,APPROVE - Low fraud risk,0,
influencer_1765,1296294,116,4,14.82,0.01,800,100.0,REJECT - High fraud risk,1,
influencer_1766,1496209,27787,1451,5.36,1.86,1355,0.0,APPROVE - Low fraud risk,0,
influencer_1767,814854,20878,942,9.5,2.56,726,2.5,APPROVE - Low fraud risk,0,
influencer_1768,383575,12367,204,3.72,3.22,1784,0.0,APPROVE - Low fraud risk,0,
influencer_1769,433932,14109,359,5.88,3.25,146,0.1,APPROVE - Low fraud risk,0,
influencer_1770,41290,1899,114,4.32,4.6,71,1.5,APPROVE - Low fraud risk,0,
influencer_1771,564867,10830,545,4.7,1.92,1980,0.0,APPROVE - Low fraud risk,0,
influencer_1772,619200,28784,5444,10.99,4.65,1194,93.6,REJECT - High fraud risk,1,
influencer_1773,845348,21606,554,6.82,2.56,939,0.0,APPROVE - Low fraud risk,0,
influencer_1774,130908,3812,199,0.78,2.91,717,0.0,APPROVE - Low fraud risk,0,
influencer_1775,358672,13922,588,5.24,3.88,1947,0.0,APPROVE - Low fraud risk,0,
influencer_1776,763183,1879,58,11.26,0.25,174,86.7,REJECT - High fraud risk,1,
influencer_1777,258336,6021,191,5.52,2.33,1683,0.0,APPROVE - Low fraud risk,0,
influencer_1778,1322578,27262,1326,11.3,2.06,1364,2.8,APPROVE - Low fraud risk,0,
influencer_1779,63844,1288,60,2.37,2.02,538,0.0,APPROVE - Low fraud risk,0,
influencer_1780,1135895,45315,1963,2.57,3.99,887,0.4,APPROVE - Low fraud risk,0,
influencer_1781,569439,7954,432,10.39,1.4,964,7.1,APPROVE - Low fraud risk,0,
influencer_1782,364458,13119,908,1.86,3.6,1187,0.0,APPROVE - Low fraud risk,0,
influencer_1783,684852,26392,1743,3.82,3.85,411,0.3,APPROVE - Low fraud risk,0,
influencer_1784,837717,35934,1785,-5.5,4.29,985,0.0,APPROVE - Low fraud risk,0,
influencer_1785,21185,384,16,-1.39,1.81,1923,0.0,APPROVE - Low fraud risk,0,
influencer_1786,165441,3559,107,6.63,2.15,527,0.0,APPROVE - Low fraud risk,0,
influencer_1787,199372,2977,153,4.8,1.49,1442,0.0,APPROVE - Low fraud risk,0,
influencer_1788,191116,7553,291,2.53,3.95,91,0.1,APPROVE - Low fraud risk,0,
influencer_1789,486306,12486,908,2.27,2.57,1750,0.0,APPROVE - Low fraud risk,0,
influencer_1790,80197,3372,222,2.22,4.2,1674,0.0,APPROVE - Low fraud risk,0,
influencer_1791,85372,1367,103,3.2,1.6,1454,0.0,APPROVE - Low fraud risk,0,
influencer_1792,869521,27467,639,0.74,3.16,747,0.0,APPROVE - Low fraud risk,0,
influencer_1793,2147024,68466,2220,3.37,3.19,1504,0.2,APPROVE - Low fraud risk,0,
influencer_1794,537256,32808,1481,-4.92,6.11,1130,0.0,APPROVE - Low fraud risk,0,
influencer_1795,265983,2490,113,-7.99,0.94,477,3.4,APPROVE - Low fraud risk,0,
influencer_1796,416394,8694,576,12.99,2.09,338,19.3,APPROVE - Low fraud risk,0,
influencer_1797,164446,6385,405,12.06,3.88,1012,6.7,APPROVE - Low fraud risk,0,
influencer_1798,455542,12023,644,3.22,2.64,266,0.1,APPROVE - Low fraud risk,0,
influencer_1799,330038,5364,215,1.93,1.63,1346,0.0,APPROVE - Low fraud risk,0,
influencer_1800,631907,20848,952,2.37,3.3,347,0.1,APPROVE - Low fraud risk,0,
influencer_1801,696044,26238,718,8.96,3.77,1686,0.0,APPROVE - Low fraud risk,0,
influencer_1802,227508,9394,191,-0.86,4.13,1380,0.0,APPROVE - Low fraud risk,0,
influencer_1803,410015,9095,239,3.67,2.22,905,0.0,APPROVE - Low fraud risk,0,
influencer_1804,637547,18896,5745,4.92,2.96,851,97.3,REJECT - High fraud risk,1,
influencer_1805,132313,3134,161,9.81,2.37,169,3.1,APPROVE - Low fraud risk,0,
influencer_1806,292502,7534,206,0.05,2.58,692,0.0,APPROVE - Low fraud risk,0,
influencer_1807,537220,16783,456,8.41,3.12,1617,0.0,APPROVE - Low fraud risk,0,
influencer_1808,147587,4437,152,7.57,3.01,875,0.3,APPROVE - Low fraud risk,0,
influencer_1809,717552,19712,616,-2.41,2.75,386,0.0,APPROVE - Low fraud risk,0,
influencer_1810,145821,3176,106,1.95,2.18,580,0.0,APPROVE - Low fraud risk,0,
influencer_1811,2943509,41413,2444,12.74,1.41,1585,8.3,APPROVE - Low fraud risk,0,
influencer_1812,135223,4252,251,-3.32,3.14,193,0.0,APPROVE - Low fraud risk,0,
influencer_1813,678705,11968,352,-1.55,1.76,1732,0.0,APPROVE - Low fraud risk,0,
influencer_1814,172735,2741,225,-0.49,1.59,682,0.0,APPROVE - Low fraud risk,0,
influencer_1815,316499,7745,340,6.55,2.45,328,0.0,APPROVE - Low fraud risk,0,
influencer_1816,164265,7031,165,0.24,4.28,71,0.7,APPROVE - Low fraud risk,0,
influencer_1817,979210,32881,2108,5.29,3.36,1469,0.7,APPROVE - Low fraud risk,0,
influencer_1818,125302,5930,336,7.26,4.73,277,0.5,APPROVE - Low fraud risk,0,
influencer_1819,527143,15396,538,4.24,2.92,1102,0.0,APPROVE - Low fraud risk,0,
influencer_1820,1624619,38607,2288,12.66,2.38,779,16.0,APPROVE - Low fraud risk,0,
influencer_1821,141692,4303,248,7.2,3.04,1626,0.0,APPROVE - Low fraud risk,0,
influencer_1822,57107,476,25,0.71,0.83,1302,0.0,APPROVE - Low fraud risk,0,
influencer_1823,2739028,76321,5616,7.42,2.79,1450,0.7,APPROVE - Low fraud risk,0,
influencer_1824,306344,8772,274,2.84,2.86,266,0.1,APPROVE - Low fraud risk,0,
influencer_1825,982430,27408,5555,-8.93,2.79,680,95.6,REJECT - High fraud risk,1,
influencer_1826,1095388,21443,788,8.4,1.96,1794,0.0,APPROVE - Low fraud risk,0,
influencer_1827,674492,18864,973,-3.43,2.8,1234,0.0,APPROVE - Low fraud risk,0,
influencer_1828,473436,10812,309,1.79,2.28,603,0.0,APPROVE - Low fraud risk,0,
influencer_1829,741401,30351,1548,5.73,4.09,1634,0.0,APPROVE - Low fraud risk,0,
influencer_1830,43545,395,2,-1.8,0.91,1419,3.3,APPROVE - Low fraud risk,0,
influencer_1831,441480,6964,41,2.53,1.58,1611,0.0,APPROVE - Low fraud risk,0,
influencer_1832,317794,10910,481,2.97,3.43,1382,0.0,APPROVE - Low fraud risk,0,
influencer_1833,182746,7163,1175,6.69,3.92,132,91.3,REJECT - High fraud risk,1,
influencer_1834,844065,23200,274,10.83,2.75,252,5.1,APPROVE - Low fraud risk,0,
influencer_1835,299525,10454,360,1.21,3.49,1688,0.0,APPROVE - Low fraud risk,0,
influencer_1836,99789,3866,209,-0.07,3.87,1857,0.0,APPROVE - Low fraud risk,0,
influencer_1837,680928,22066,899,8.13,3.24,1043,0.0,APPROVE - Low fraud risk,0,
influencer_1838,121319,3093,121,5.74,2.55,587,0.0,APPROVE - Low fraud risk,0,
influencer_1839,120126,2284,128,4.05,1.9,1076,0.0,APPROVE - Low fraud risk,0,
influencer_1840,901965,15322,973,-1.58,1.7,381,0.0,APPROVE - Low fraud risk,0,
influencer_1841,1231096,34096,2601,3.13,2.77,1377,1.2,APPROVE - Low fraud risk,0,
influencer_1842,33963,1226,65,-0.04,3.61,732,0.0,APPROVE - Low fraud risk,0,
influencer_1843,1515795,19263,829,4.91,1.27,909,0.2,APPROVE - Low fraud risk,0,
influencer_1844,1003262,13772,828,8.2,1.37,1185,0.6,APPROVE - Low fraud risk,0,
influencer_1845,386936,7542,385,2.89,1.95,126,0.0,APPROVE - Low fraud risk,0,
influencer_1846,402168,7889,450,2.49,1.96,1719,0.0,APPROVE - Low fraud risk,0,
influencer_1847,268169,2889,129,-2.2,1.08,1783,0.0,APPROVE - Low fraud risk,0,
influencer_1848,461237,16653,830,14.25,3.61,882,11.0,APPROVE - Low fraud risk,0,
influencer_1849,1842078,42884,16207,13.02,2.33,164,94.7,REJECT - High fraud risk,1,
influencer_1850,195806,7441,374,-0.64,3.8,1774,0.0,APPROVE - Low fraud risk,0,
influencer_1851,572664,21006,1224,5.79,3.67,764,0.3,APPROVE - Low fraud risk,0,
influencer_1852,443720,10488,3250,11.47,2.36,562,98.2,REJECT - High fraud risk,1,
influencer_1853,838457,37498,2028,5.05,4.47,952,0.2,APPROVE - Low fraud risk,0,
influencer_1854,818025,23666,1593,3.35,2.89,1344,0.0,APPROVE - Low fraud risk,0,
influencer_1855,1450251,62011,2966,-0.44,4.28,893,0.8,APPROVE - Low fraud risk,0,
influencer_1856,1601932,69951,5217,2.35,4.37,594,1.8,APPROVE - Low fraud risk,0,
influencer_1857,140843,5134,219,5.68,3.65,731,0.1,APPROVE - Low fraud risk,0,
influencer_1858,533737,477,17,12.79,0.09,174,99.3,REJECT - High fraud risk,1,
influencer_1859,1764816,56893,3382,-1.95,3.22,467,0.2,APPROVE - Low fraud risk,0,
influencer_1860,128068,4844,187,6.19,3.78,1473,0.0,APPROVE - Low fraud risk,0,
influencer_1861,570818,18009,488,-3.92,3.16,1707,0.0,APPROVE - Low fraud risk,0,
influencer_1862,2135072,47377,2622,2.84,2.22,149,0.0,APPROVE - Low fraud risk,0,
influencer_1863,191344,9015,443,4.17,4.71,1680,0.0,APPROVE - Low fraud risk,0,
influencer_1864,81276,1404,110,7.7,1.73,971,1.0,APPROVE - Low fraud risk,0,
influencer_1865,4437486,108925,4740,1.9,2.45,272,0.5,APPROVE - Low fraud risk,0,
influencer_1866,77169,3915,133,5.01,5.07,1695,0.0,APPROVE - Low fraud risk,0,
influencer_1867,148187,4555,235,1.83,3.07,654,0.1,APPROVE - Low fraud risk,0,
influencer_1868,298973,10714,449,6.01,3.58,359,0.1,APPROVE - Low fraud risk,0,
influencer_1869,119244,467,18,4.86,0.39,1698,10.2,APPROVE - Low fraud risk,0,
influencer_1870,414593,12504,668,7.09,3.02,1045,0.0,APPROVE - Low fraud risk,0,
influencer_1871,270527,4269,132,3.36,1.58,1030,0.0,APPROVE - Low fraud risk,0,
influencer_1872,1182544,32493,1581,3.43,2.75,132,0.8,APPROVE - Low fraud risk,0,
influencer_1873,799049,28055,1243,4.92,3.51,113,0.7,APPROVE - Low fraud risk,0,
influencer_1874,167415,4499,181,-1.61,2.69,79,0.0,APPROVE - Low fraud risk,0,
influencer_1875,1490981,50549,2877,2.39,3.39,1935,0.2,APPROVE - Low fraud risk,0,
influencer_1876,291818,13373,505,0.78,4.58,1513,0.0,APPROVE - Low fraud risk,0,
influencer_1877,522664,8414,163,-0.9,1.61,609,0.0,APPROVE - Low fraud risk,0,
influencer_1878,224893,12062,2812,19.77,5.36,297,91.9,REJECT - High fraud risk,1,
influencer_1879,384624,11103,444,-4.36,2.89,507,0.0,APPROVE - Low fraud risk,0,
influencer_1880,902779,47422,1473,1.39,5.25,343,0.4,APPROVE - Low fraud risk,0,
influencer_1881,254294,804,14,15.41,0.32,67,91.2,REJECT - High fraud risk,1,
influencer_1882,618584,10072,152,0.06,1.63,75,0.7,APPROVE - Low fraud risk,0,
influencer_1883,1637341,52857,1164,3.81,3.23,1887,0.0,APPROVE - Low fraud risk,0,
influencer_1884,3620020,1312,40,4.68,0.04,165,95.9,REJECT - High fraud risk,1,
influencer_1885,1528256,39091,1719,0.69,2.56,271,0.7,APPROVE - Low fraud risk,0,
influencer_1886,292484,8688,301,7.63,2.97,1201,0.0,APPROVE - Low fraud risk,0,
influencer_1887,49608,721,31,-1.9,1.45,1480,0.0,APPROVE - Low fraud risk,0,
influencer_1888,1205180,537,16,25.45,0.04,64,99.3,REJECT - High fraud risk,1,
influencer_1889,292941,10601,407,3.22,3.62,1769,0.0,APPROVE - Low fraud risk,0,
influencer_1890,87641,3335,189,1.94,3.8,401,0.1,APPROVE - Low fraud risk,0,
influencer_1891,216601,9192,545,6.52,4.24,1854,0.0,APPROVE - Low fraud risk,0,
influencer_1892,1020850,34155,1405,5.47,3.35,1541,0.1,APPROVE - Low fraud risk,0,
influencer_1893,142013,5330,1477,14.94,3.75,332,96.9,REJECT - High fraud risk,1,
influencer_1894,217770,6592,376,-0.39,3.03,772,0.0,APPROVE - Low fraud risk,0,
influencer_1895,264856,10513,615,8.59,3.97,1577,0.0,APPROVE - Low fraud risk,0,
influencer_1896,135519,5232,346,1.87,3.86,1414,0.0,APPROVE - Low fraud risk,0,
influencer_1897,597509,20780,1446,-0.43,3.48,1825,0.0,APPROVE - Low fraud risk,0,
influencer_1898,597903,11528,488,2.86,1.93,1801,0.0,APPROVE - Low fraud risk,0,
influencer_1899,274583,3468,190,1.55,1.26,802,0.0,APPROVE - Low fraud risk,0,
influencer_1900,233306,6607,335,6.26,2.83,1536,0.0,APPROVE - Low fraud risk,0,
influencer_1901,237326,12351,534,2.19,5.2,111,0.1,APPROVE - Low fraud risk,0,
influencer_1902,284307,2292,134,11.02,0.81,136,12.3,APPROVE - Low fraud risk,0,
influencer_1903,644132,2940,122,6.25,0.46,1495,8.5,APPROVE - Low fraud risk,0,
influencer_1904,5000000,277,7,9.12,0.01,441,98.3,REJECT - High fraud risk,1,
influencer_1905,423506,22123,341,-0.27,5.22,294,0.0,APPROVE - Low fraud risk,0,
influencer_1906,209384,5979,344,6.12,2.86,109,0.1,APPROVE - Low fraud risk,0,
influencer_1907,1868237,34361,2203,7.29,1.84,835,3.3,APPROVE - Low fraud risk,0,
influencer_1908,503167,8629,390,3.78,1.71,1276,0.0,APPROVE - Low fraud risk,0,
influencer_1909,37023,729,33,6.33,1.97,1789,0.0,APPROVE - Low fraud risk,0,
influencer_1910,114330,2221,79,33.43,1.94,858,36.3,CAUTION - Monitor 2-4 weeks,0,
influencer_1911,119428,2735,200,7.77,2.29,1844,0.7,APPROVE - Low fraud risk,0,
influencer_1912,601490,2657,137,3.12,0.44,1508,4.5,APPROVE - Low fraud risk,0,
influencer_1913,1077457,30799,1532,2.28,2.86,291,0.5,APPROVE - Low fraud risk,0,
influencer_1914,163523,9119,176,3.51,5.58,969,0.0,APPROVE - Low fraud risk,0,
influencer_1915,599623,11118,522,1.27,1.85,193,0.0,APPROVE - Low fraud risk,0,
influencer_1916,426359,10290,565,2.86,2.41,1253,0.0,APPROVE - Low fraud risk,0,
influencer_1917,206312,6392,344,1.23,3.1,1574,0.0,APPROVE - Low fraud risk,0,
influencer_1918,574395,26180,1092,5.29,4.56,599,0.1,APPROVE - Low fraud risk,0,
influencer_1919,217652,4335,247,7.6,1.99,1070,0.6,APPROVE - Low fraud risk,0,
influencer_1920,401996,8386,433,3.72,2.09,1325,0.0,APPROVE - Low fraud risk,0,
influencer_1921,93018,4419,268,3.93,4.75,160,0.5,APPROVE - Low fraud risk,0,
influencer_1922,201812,3313,167,10.65,1.64,393,5.7,APPROVE - Low fraud risk,0,
influencer_1923,271432,8162,185,0.33,3.01,1246,0.0,APPROVE - Low fraud risk,0,
influencer_1924,382168,14246,327,5.83,3.73,1447,0.0,APPROVE - Low fraud risk,0,
influencer_1925,933601,21460,1353,1.69,2.3,1689,0.0,APPROVE - Low fraud risk,0,
influencer_1926,288784,11143,288,-3.92,3.86,438,0.0,APPROVE - Low fraud risk,0,
influencer_1927,1504938,65454,2059,13.05,4.35,1734,3.3,APPROVE - Low fraud risk,0,
influencer_1928,2770882,64243,1281,5.28,2.32,418,0.0,APPROVE - Low fraud risk,0,
influencer_1929,1482295,41881,1067,5.83,2.83,838,0.3,APPROVE - Low fraud risk,0,
influencer_1930,1261050,469,10,8.4,0.04,221,99.9,REJECT - High fraud risk,1,
influencer_1931,902005,25546,1334,6.7,2.83,1867,0.1,APPROVE - Low fraud risk,0,
influencer_1932,293934,2831,162,4.58,0.96,683,0.6,APPROVE - Low fraud risk,0,
influencer_1933,390182,9718,482,1.34,2.49,1835,0.0,APPROVE - Low fraud risk,0,
influencer_1934,175002,744,40,-4.58,0.42,281,27.5,CAUTION - Monitor 2-4 weeks,0,
influencer_1935,421049,10805,642,-0.51,2.57,1716,0.0,APPROVE - Low fraud risk,0,
influencer_1936,2158435,75261,3146,10.73,3.49,417,4.1,APPROVE - Low fraud risk,0,
influencer_1937,101074,1324,40,6.8,1.31,1761,0.0,APPROVE - Low fraud risk,0,
influencer_1938,144846,4323,275,7.74,2.98,1220,0.0,APPROVE - Low fraud risk,0,
influencer_1939,85706,2666,201,6.4,3.11,1848,0.0,APPROVE - Low fraud risk,0,
influencer_1940,277721,7984,202,3.18,2.87,485,0.1,APPROVE - Low fraud risk,0,
influencer_1941,1421207,40636,17578,10.03,2.86,906,97.9,REJECT - High fraud risk,1,
influencer_1942,249082,6450,427,4.2,2.59,113,0.0,APPROVE - Low fraud risk,0,
influencer_1943,144329,5759,304,7.86,3.99,1486,0.0,APPROVE - Low fraud risk,0,
influencer_1944,422237,16405,828,-1.19,3.89,740,0.0,APPROVE - Low fraud risk,0,
influencer_1945,224600,7302,319,4.85,3.25,1414,0.0,APPROVE - Low fraud risk,0,
influencer_1946,116840,2225,69,10.49,1.9,944,4.6,APPROVE - Low fraud risk,0,
influencer_1947,773361,17486,509,-0.29,2.26,1194,0.0,APPROVE - Low fraud risk,0,
influencer_1948,129122,4082,189,-1.8,3.16,918,0.0,APPROVE - Low fraud risk,0,
influencer_1949,247881,6336,1810,27.59,2.56,438,98.9,REJECT - High fraud risk,1,
influencer_1950,274703,6596,94,3.7,2.4,798,0.0,APPROVE - Low fraud risk,0,
influencer_1951,95508,2975,116,3.69,3.12,1764,0.0,APPROVE - Low fraud risk,0,
influencer_1952,426503,16730,944,-1.21,3.92,1232,0.0,APPROVE - Low fraud risk,0,
influencer_1953,188694,4829,297,0.67,2.56,555,0.0,APPROVE - Low fraud risk,0,
influencer_1954,153996,4232,1261,11.41,2.75,378,95.1,REJECT - High fraud risk,1,
influencer_1955,3105422,24018,1014,1.29,0.77,935,0.7,APPROVE - Low fraud risk,0,
influencer_1956,154687,1829,22,5.65,1.18,794,4.0,APPROVE - Low fraud risk,0,
influencer_1957,2271925,15030,780,2.56,0.66,1045,4.5,APPROVE - Low fraud risk,0,
influencer_1958,756752,11634,597,3.78,1.54,820,0.3,APPROVE - Low fraud risk,0,
influencer_1959,844064,13412,348,9.7,1.59,186,5.3,APPROVE - Low fraud risk,0,
influencer_1960,1040875,2756,88,25.01,0.26,264,87.5,REJECT - High fraud risk,1,
influencer_1961,1928042,67508,1764,-2.25,3.5,1513,0.0,APPROVE - Low fraud risk,0,
influencer_1962,230911,8409,223,5.39,3.64,853,0.3,APPROVE - Low fraud risk,0,
influencer_1963,97341,3151,234,-1.39,3.24,1397,0.0,APPROVE - Low fraud risk,0,
influencer_1964,311816,7844,319,0.2,2.52,545,0.0,APPROVE - Low fraud risk,0,
influencer_1965,557557,18319,1260,11.19,3.29,1195,4.4,APPROVE - Low fraud risk,0,
influencer_1966,738796,739,24,17.16,0.1,371,100.0,REJECT - High fraud risk,1,
influencer_1967,335116,4652,192,0.8,1.39,1866,0.0,APPROVE - Low fraud risk,0,
influencer_1968,197239,5560,514,0.45,2.82,1562,0.3,APPROVE - Low fraud risk,0,
influencer_1969,945561,19367,1104,6.36,2.05,117,0.3,APPROVE - Low fraud risk,0,
influencer_1970,1004549,21006,435,-1.7,2.09,628,0.0,APPROVE - Low fraud risk,0,
influencer_1971,376329,6410,289,1.6,1.7,1158,0.0,APPROVE - Low fraud risk,0,
influencer_1972,338737,627,14,36.31,0.19,551,99.3,REJECT - High fraud risk,1,
influencer_1973,286931,6336,461,0.01,2.21,605,0.0,APPROVE - Low fraud risk,0,
influencer_1974,99902,3415,1080,1.01,3.42,120,92.0,REJECT - High fraud risk,1,
influencer_1975,458614,27212,889,0.15,5.93,634,0.0,APPROVE - Low fraud risk,0,
influencer_1976,97309,3155,134,-4.01,3.24,1177,0.0,APPROVE - Low fraud risk,0,
influencer_1977,388286,6639,160,2.27,1.71,126,0.0,APPROVE - Low fraud risk,0,
influencer_1978,1076690,21026,790,6.29,1.95,148,0.9,APPROVE - Low fraud risk,0,
influencer_1979,238881,1394,61,8.0,0.58,748,20.4,APPROVE - Low fraud risk,0,
influencer_1980,1803578,15499,751,9.08,0.86,1701,0.7,APPROVE - Low fraud risk,0,
influencer_1981,349697,9840,390,7.4,2.81,1387,0.0,APPROVE - Low fraud risk,0,
influencer_1982,1163391,36635,1631,0.64,3.15,317,0.4,APPROVE - Low fraud risk,0,
influencer_1983,60539,1460,49,-2.79,2.41,1257,0.0,APPROVE - Low fraud risk,0,
influencer_1984,423325,22520,1217,5.59,5.32,538,0.7,APPROVE - Low fraud risk,0,
influencer_1985,2551529,28443,1033,2.18,1.11,1118,0.0,APPROVE - Low fraud risk,0,
influencer_1986,219635,4292,221,3.39,1.95,214,0.0,APPROVE - Low fraud risk,0,
influencer_1987,2219568,55209,2099,5.79,2.49,451,0.2,APPROVE - Low fraud risk,0,
influencer_1988,300335,3405,140,8.48,1.13,896,4.1,APPROVE - Low fraud risk,0,
influencer_1989,1679104,41242,493,8.86,2.46,1238,0.6,APPROVE - Low fraud risk,0,
influencer_1990,854595,16296,5558,5.66,1.91,36,96.6,REJECT - High fraud risk,1,
influencer_1991,211717,6139,196,7.0,2.9,721,0.1,APPROVE - Low fraud risk,0,
influencer_1992,625651,14490,931,1.14,2.32,1750,0.0,APPROVE - Low fraud risk,0,
influencer_1993,114902,6114,251,7.28,5.32,516,0.1,APPROVE - Low fraud risk,0,
influencer_1994,335168,7396,383,2.06,2.21,606,0.0,APPROVE - Low fraud risk,0,
influencer_1995,136390,4204,142,13.37,3.08,578,11.1,APPROVE - Low fraud risk,0,
influencer_1996,892059,20213,1485,7.51,2.27,590,2.3,APPROVE - Low fraud risk,0,
influencer_1997,144695,2434,99,-1.28,1.68,570,0.0,APPROVE - Low fraud risk,0,
influencer_1998,2221958,47201,1065,-9.75,2.12,96,4.2,APPROVE - Low fraud risk,0,
influencer_1999,478895,14474,540,-2.22,3.02,1375,0.0,APPROVE - Low fraud risk,0,
influencer_2000,242031,8768,354,5.04,3.62,773,0.1,APPROVE - Low fraud risk,0,
influencer_2001,785513,1177,46,-4.29,0.15,662,96.2,REJECT - High fraud risk,1,
influencer_2002,907609,19707,834,3.09,2.17,1935,0.0,APPROVE - Low fraud risk,0,
influencer_2003,5000000,122435,3864,7.81,2.45,614,1.0,APPROVE - Low fraud risk,0,
influencer_2004,1028950,32728,1542,10.18,3.18,521,5.6,APPROVE - Low fraud risk,0,
influencer_2005,1956856,67700,3979,-6.2,3.46,1532,0.4,APPROVE - Low fraud risk,0,
influencer_2006,1491283,32007,935,-0.46,2.15,578,0.0,APPROVE - Low fraud risk,0,
influencer_2007,3293189,93226,3169,1.72,2.83,952,0.2,APPROVE - Low fraud risk,0,
influencer_2008,385560,13914,398,1.63,3.61,1928,0.0,APPROVE - Low fraud risk,0,
influencer_2009,1147215,52543,2206,4.59,4.58,1871,0.2,APPROVE - Low fraud risk,0,
influencer_2010,92056,2960,77,4.95,3.22,1426,0.0,APPROVE - Low fraud risk,0,
influencer_2011,164228,4058,358,1.49,2.47,409,0.0,APPROVE - Low fraud risk,0,
influencer_2012,413694,6071,242,5.29,1.47,1716,0.0,APPROVE - Low fraud risk,0,
influencer_2013,62690,1747,82,1.02,2.79,1532,0.0,APPROVE - Low fraud risk,0,
influencer_2014,595469,7775,3014,19.86,1.31,780,89.9,REJECT - High fraud risk,1,
influencer_2015,776999,390,8,39.11,0.05,171,100.0,REJECT - High fraud risk,1,
influencer_2016,126676,7414,517,3.96,5.85,184,3.8,APPROVE - Low fraud risk,0,
influencer_2017,152988,2464,93,1.61,1.61,481,0.0,APPROVE - Low fraud risk,0,
influencer_2018,895200,25900,1380,4.54,2.89,753,0.2,APPROVE - Low fraud risk,0,
influencer_2019,543954,112,2,18.51,0.02,638,100.0,REJECT - High fraud risk,1,
influencer_2020,68792,1348,90,-2.13,1.96,401,0.0,APPROVE - Low fraud risk,0,
influencer_2021,318987,91,5,21.64,0.03,681,97.9,REJECT - High fraud risk,1,
influencer_2022,2100121,49896,1333,8.38,2.38,1791,0.4,APPROVE - Low fraud risk,0,
influencer_2023,675525,22655,964,8.85,3.35,638,0.4,APPROVE - Low fraud risk,0,
influencer_2024,386576,13385,3242,13.33,3.46,669,99.3,REJECT - High fraud risk,1,
influencer_2025,570410,19019,1102,10.07,3.33,453,2.9,APPROVE - Low fraud risk,0,
influencer_2026,378684,18753,909,-3.1,4.95,1166,0.0,APPROVE - Low fraud risk,0,
influencer_2027,912474,181,6,25.47,0.02,781,100.0,REJECT - High fraud risk,1,
influencer_2028,651434,18661,1186,0.6,2.86,1398,0.0,APPROVE - Low fraud risk,0,
influencer_2029,468277,664,20,40.07,0.14,562,100.0,REJECT - High fraud risk,1,
influencer_2030,88238,2005,961,-6.09,2.27,925,95.0,REJECT - High fraud risk,1,
influencer_2031,87123,1851,85,4.48,2.12,152,0.7,APPROVE - Low fraud risk,0,
influencer_2032,5000000,165698,8154,2.69,3.31,1029,0.2,APPROVE - Low fraud risk,0,
influencer_2033,868349,24406,1058,8.12,2.81,693,1.1,APPROVE - Low fraud risk,0,
influencer_2034,1237520,30422,1161,2.54,2.46,1809,0.0,APPROVE - Low fraud risk,0,
influencer_2035,965719,14637,648,12.21,1.52,213,18.3,APPROVE - Low fraud risk,0,
influencer_2036,660048,13053,211,6.54,1.98,1505,0.0,APPROVE - Low fraud risk,0,
influencer_2037,266721,5937,226,18.82,2.23,51,66.7,MANUAL REVIEW - Audit history,1,
influencer_2038,216117,6417,372,4.37,2.97,1447,0.0,APPROVE - Low fraud risk,0,
influencer_2039,62896,806,33,3.41,1.28,1307,0.0,APPROVE - Low fraud risk,0,
influencer_2040,465661,5458,291,2.14,1.17,729,0.0,APPROVE - Low fraud risk,0,
influencer_2041,3386995,142328,4637,6.44,4.2,799,0.5,APPROVE - Low fraud risk,0,
influencer_2042,508277,21558,935,12.57,4.24,660,5.0,APPROVE - Low fraud risk,0,
influencer_2043,80328,1608,23,5.76,2.0,1056,0.0,APPROVE - Low fraud risk,0,
influencer_2044,448545,14544,671,6.5,3.24,754,0.1,APPROVE - Low fraud risk,0,
influencer_2045,1310569,52583,2475,8.58,4.01,1943,0.0,APPROVE - Low fraud risk,0,
influencer_2046,1284206,702,20,17.85,0.05,793,100.0,REJECT - High fraud risk,1,
influencer_2047,266043,9171,217,10.55,3.45,1739,0.2,APPROVE - Low fraud risk,0,
influencer_2048,3642167,136374,11858,-0.55,3.74,1714,0.9,APPROVE - Low fraud risk,0,
influencer_2049,148714,2551,137,2.59,1.72,1801,0.3,APPROVE - Low fraud risk,0,
influencer_2050,156407,6523,185,3.67,4.17,189,0.1,APPROVE - Low fraud risk,0,
influencer_2051,261824,11733,214,3.74,4.48,1106,0.0,APPROVE - Low fraud risk,0,
influencer_2052,260572,8494,208,1.45,3.26,1751,0.0,APPROVE - Low fraud risk,0,
influencer_2053,986172,20480,993,-4.99,2.08,1637,0.0,APPROVE - Low fraud risk,0,
influencer_2054,2650189,55386,1613,-1.07,2.09,1648,0.0,APPROVE - Low fraud risk,0,
influencer_2055,468371,12289,233,1.62,2.62,706,0.1,APPROVE - Low fraud risk,0,
influencer_2056,62692,1717,95,4.58,2.74,986,0.0,APPROVE - Low fraud risk,0,
influencer_2057,2273823,2632,51,26.49,0.12,95,95.4,REJECT - High fraud risk,1,
influencer_2058,361304,5391,300,3.18,1.49,1600,0.0,APPROVE - Low fraud risk,0,
influencer_2059,161336,2087,63,6.58,1.29,780,1.0,APPROVE - Low fraud risk,0,
influencer_2060,243412,6546,304,4.12,2.69,493,0.1,APPROVE - Low fraud risk,0,
influencer_2061,569283,17503,547,4.66,3.07,724,0.1,APPROVE - Low fraud risk,0,
influencer_2062,1554785,18264,739,1.85,1.17,224,0.0,APPROVE - Low fraud risk,0,
influencer_2063,1477344,52939,1652,7.08,3.58,1070,0.3,APPROVE - Low fraud risk,0,
influencer_2064,1154494,27223,1481,-0.07,2.36,1922,0.0,APPROVE - Low fraud risk,0,
influencer_2065,833260,36379,1153,-0.79,4.37,637,0.3,APPROVE - Low fraud risk,0,
influencer_2066,509652,7789,337,3.54,1.53,372,0.0,APPROVE - Low fraud risk,0,
influencer_2067,720856,19939,1021,6.12,2.77,749,0.1,APPROVE - Low fraud risk,0,
influencer_2068,123845,4748,210,5.83,3.83,1322,0.0,APPROVE - Low fraud risk,0,
influencer_2069,335040,11573,370,5.22,3.45,580,0.1,APPROVE - Low fraud risk,0,
influencer_2070,296749,13906,559,10.72,4.69,1077,1.3,APPROVE - Low fraud risk,0,
influencer_2071,122836,686,19,37.85,0.56,157,71.8,MANUAL REVIEW - Audit history,1,
influencer_2072,58301,1756,26,11.39,3.01,1546,3.6,APPROVE - Low fraud risk,0,
influencer_2073,262633,8415,528,5.02,3.2,1425,0.0,APPROVE - Low fraud risk,0,
influencer_2074,57661,1116,52,-6.05,1.94,1226,1.0,APPROVE - Low fraud risk,0,
influencer_2075,1287364,54903,2808,5.75,4.26,1982,0.2,APPROVE - Low fraud risk,0,
influencer_2076,86804,1695,90,-0.3,1.95,435,0.0,APPROVE - Low fraud risk,0,
influencer_2077,336092,10015,647,2.94,2.98,904,0.3,APPROVE - Low fraud risk,0,
influencer_2078,874157,13544,654,4.96,1.55,402,0.0,APPROVE - Low fraud risk,0,
influencer_2079,1150806,384,8,25.78,0.03,687,100.0,REJECT - High fraud risk,1,
influencer_2080,1097163,16370,1031,10.02,1.49,103,8.0,APPROVE - Low fraud risk,0,
influencer_2081,1044762,17702,902,5.03,1.69,766,0.0,APPROVE - Low fraud risk,0,
influencer_2082,220071,6125,269,-0.69,2.78,1582,0.0,APPROVE - Low fraud risk,0,
influencer_2083,22602,609,26,-3.67,2.69,1083,0.0,APPROVE - Low fraud risk,0,
influencer_2084,305733,5522,278,2.84,1.81,1766,0.0,APPROVE - Low fraud risk,0,
influencer_2085,1983252,71302,3309,3.92,3.6,1640,0.2,APPROVE - Low fraud risk,0,
influencer_2086,148971,3884,179,4.55,2.61,1706,0.0,APPROVE - Low fraud risk,0,
influencer_2087,537663,5814,296,3.68,1.08,297,0.3,APPROVE - Low fraud risk,0,
influencer_2088,368717,15306,783,-3.02,4.15,1540,0.0,APPROVE - Low fraud risk,0,
influencer_2089,200500,8272,173,5.3,4.13,268,0.1,APPROVE - Low fraud risk,0,
influencer_2090,401244,13068,759,-0.72,3.26,1888,0.0,APPROVE - Low fraud risk,0,
influencer_2091,599890,31159,1813,-3.89,5.19,615,0.2,APPROVE - Low fraud risk,0,
influencer_2092,76787,3104,132,-1.31,4.04,691,0.0,APPROVE - Low fraud risk,0,
influencer_2093,1157504,34796,2540,4.11,3.01,556,2.0,APPROVE - Low fraud risk,0,
influencer_2094,675725,12277,359,-2.56,1.82,1555,0.0,APPROVE - Low fraud risk,0,
influencer_2095,74763,1630,610,11.2,2.18,251,86.4,REJECT - High fraud risk,1,
influencer_2096,747331,11485,717,8.39,1.54,694,4.5,APPROVE - Low fraud risk,0,
influencer_2097,674127,19889,461,-1.13,2.95,1549,0.0,APPROVE - Low fraud risk,0,
influencer_2098,243249,6850,218,6.96,2.82,1254,0.0,APPROVE - Low fraud risk,0,
influencer_2099,270109,6367,241,11.69,2.36,145,14.1,APPROVE - Low fraud risk,0,
influencer_2100,344862,10436,416,5.12,3.03,346,0.1,APPROVE - Low fraud risk,0,
influencer_2101,3315270,126238,5995,4.43,3.81,1025,0.2,APPROVE - Low fraud risk,0,
influencer_2102,1204828,734,19,34.54,0.06,81,100.0,REJECT - High fraud risk,1,
influencer_2103,143052,4911,241,6.3,3.43,1175,0.0,APPROVE - Low fraud risk,0,
influencer_2104,1777990,62124,3189,1.49,3.49,757,0.7,APPROVE - Low fraud risk,0,
influencer_2105,787767,34190,1709,-3.01,4.34,1425,0.0,APPROVE - Low fraud risk,0,
influencer_2106,228933,9710,4557,6.2,4.24,223,98.1,REJECT - High fraud risk,1,
influencer_2107,195553,5881,238,6.77,3.01,427,0.1,APPROVE - Low fraud risk,0,
influencer_2108,567343,15979,582,-0.79,2.82,65,0.7,APPROVE - Low fraud risk,0,
influencer_2109,519277,3089,174,4.17,0.59,105,12.1,APPROVE - Low fraud risk,0,
influencer_2110,1708733,53709,2400,2.37,3.14,194,0.6,APPROVE - Low fraud risk,0,
influencer_2111,1688965,1120,27,30.48,0.07,589,100.0,REJECT - High fraud risk,1,
influencer_2112,46155,1349,63,2.14,2.92,1269,0.0,APPROVE - Low fraud risk,0,
influencer_2113,3093219,93467,3708,2.55,3.02,1593,0.2,APPROVE - Low fraud risk,0,
influencer_2114,1124394,41483,2067,1.02,3.69,1910,0.0,APPROVE - Low fraud risk,0,
influencer_2115,115996,572,8,14.63,0.49,115,74.2,MANUAL REVIEW - Audit history,1,
influencer_2116,326319,10695,349,2.8,3.28,368,0.1,APPROVE - Low fraud risk,0,
influencer_2117,232231,2209,65,7.93,0.95,638,2.8,APPROVE - Low fraud risk,0,
influencer_2118,457828,10010,279,-2.93,2.19,1258,0.0,APPROVE - Low fraud risk,0,
influencer_2119,320812,13482,336,4.56,4.2,1516,0.3,APPROVE - Low fraud risk,0,
influencer_2120,445351,12784,625,1.34,2.87,1258,0.0,APPROVE - Low fraud risk,0,
influencer_2121,1397512,4605,213,0.33,0.33,1759,3.3,APPROVE - Low fraud risk,0,
influencer_2122,367390,2071,87,11.9,0.56,1527,27.8,CAUTION - Monitor 2-4 weeks,0,
influencer_2123,81642,3915,204,5.72,4.8,1245,0.0,APPROVE - Low fraud risk,0,
influencer_2124,675601,351,8,-1.72,0.05,339,100.0,REJECT - High fraud risk,1,
influencer_2125,600236,19654,1254,2.83,3.27,1482,0.0,APPROVE - Low fraud risk,0,
influencer_2126,759066,3795,77,3.44,0.5,855,19.9,APPROVE - Low fraud risk,0,
influencer_2127,683029,14610,570,-5.2,2.14,1838,0.0,APPROVE - Low fraud risk,0,
influencer_2128,1998345,258,1,25.5,0.01,548,97.7,REJECT - High fraud risk,1,
influencer_2129,65415,1948,83,6.86,2.98,1275,0.0,APPROVE - Low fraud risk,0,
influencer_2130,1454817,37672,11011,15.52,2.59,1136,91.1,REJECT - High fraud risk,1,
influencer_2131,235382,11635,779,-4.47,4.94,1463,0.0,APPROVE - Low fraud risk,0,
influencer_2132,2486794,410,18,23.85,0.02,765,100.0,REJECT - High fraud risk,1,
influencer_2133,505514,267,5,15.46,0.05,791,100.0,REJECT - High fraud risk,1,
influencer_2134,886627,24661,1206,9.61,2.78,386,3.2,APPROVE - Low fraud risk,0,
influencer_2135,1542326,52627,1851,-0.23,3.41,442,0.4,APPROVE - Low fraud risk,0,
influencer_2136,2379129,80514,1804,-0.51,3.38,823,0.2,APPROVE - Low fraud risk,0,
influencer_2137,1146700,51040,2025,1.59,4.45,655,0.5,APPROVE - Low fraud risk,0,
influencer_2138,87098,4659,2261,3.34,5.35,628,96.1,REJECT - High fraud risk,1,
influencer_2139,82143,2266,96,0.79,2.76,1215,0.0,APPROVE - Low fraud risk,0,
influencer_2140,1027409,41625,2772,6.07,4.05,507,1.0,APPROVE - Low fraud risk,0,
influencer_2141,292943,6202,372,2.58,2.12,1761,0.0,APPROVE - Low fraud risk,0,
influencer_2142,191578,5080,304,0.5,2.65,431,0.0,APPROVE - Low fraud risk,0,
influencer_2143,454473,27015,1204,3.3,5.94,1379,0.3,APPROVE - Low fraud risk,0,
influencer_2144,103162,3854,105,-2.6,3.74,1614,0.0,APPROVE - Low fraud risk,0,
influencer_2145,33942,712,47,5.65,2.1,282,0.0,APPROVE - Low fraud risk,0,
influencer_2146,488853,6954,220,1.49,1.42,847,0.0,APPROVE - Low fraud risk,0,
influencer_2147,3431642,43550,1354,6.37,1.27,393,2.1,APPROVE - Low fraud risk,0,
influencer_2148,743179,16617,945,-3.63,2.24,1715,0.3,APPROVE - Low fraud risk,0,
influencer_2149,63508,835,51,3.15,1.31,526,0.3,APPROVE - Low fraud risk,0,
influencer_2150,480837,15474,648,2.78,3.22,120,0.1,APPROVE - Low fraud risk,0,
influencer_2151,421506,10301,4669,16.48,2.44,115,99.9,REJECT - High fraud risk,1,
influencer_2152,412647,7180,482,0.46,1.74,1380,0.0,APPROVE - Low fraud risk,0,
influencer_2153,132394,2469,99,1.35,1.86,1747,0.0,APPROVE - Low fraud risk,0,
influencer_2154,242388,3546,178,8.54,1.46,600,2.3,APPROVE - Low fraud risk,0,
influencer_2155,142374,4621,181,2.43,3.25,1909,0.0,APPROVE - Low fraud risk,0,
influencer_2156,164720,8497,1955,9.85,5.16,305,88.8,REJECT - High fraud risk,1,
influencer_2157,220188,5611,243,1.15,2.55,1547,0.0,APPROVE - Low fraud risk,0,
influencer_2158,235957,6963,379,5.17,2.95,77,0.5,APPROVE - Low fraud risk,0,
influencer_2159,619172,13723,550,5.27,2.22,1790,0.0,APPROVE - Low fraud risk,0,
influencer_2160,469053,16773,543,2.0,3.58,393,0.1,APPROVE - Low fraud risk,0,
influencer_2161,26338,453,12,-0.43,1.72,298,0.7,APPROVE - Low fraud risk,0,
influencer_2162,629421,150,5,17.91,0.02,345,100.0,REJECT - High fraud risk,1,
influencer_2163,187498,8319,355,0.28,4.44,319,0.0,APPROVE - Low fraud risk,0,
influencer_2164,270552,8295,349,0.53,3.07,1186,0.0,APPROVE - Low fraud risk,0,
influencer_2165,597142,15087,930,-4.07,2.53,1692,0.0,APPROVE - Low fraud risk,0,
influencer_2166,281926,12415,2220,17.47,4.4,346,96.9,REJECT - High fraud risk,1,
influencer_2167,174432,1716,59,4.64,0.98,1010,1.3,APPROVE - Low fraud risk,0,
influencer_2168,173967,2665,175,7.45,1.53,84,1.0,APPROVE - Low fraud risk,0,
influencer_2169,2541353,205,6,31.31,0.01,310,100.0,REJECT - High fraud risk,1,
influencer_2170,318183,5608,163,-1.05,1.76,858,0.0,APPROVE - Low fraud risk,0,
influencer_2171,4030535,412,13,32.29,0.01,175,99.3,REJECT - High fraud risk,1,
influencer_2172,15485,451,18,0.9,2.91,274,1.7,APPROVE - Low fraud risk,0,
influencer_2173,92401,3248,199,4.14,3.52,406,0.1,APPROVE - Low fraud risk,0,
influencer_2174,609142,25581,1417,4.52,4.2,927,0.0,APPROVE - Low fraud risk,0,
influencer_2175,333351,9068,571,1.93,2.72,1740,0.0,APPROVE - Low fraud risk,0,
influencer_2176,269691,7779,507,-2.41,2.88,1795,0.0,APPROVE - Low fraud risk,0,
influencer_2177,206168,4755,229,2.53,2.31,909,0.0,APPROVE - Low fraud risk,0,
influencer_2178,356415,12765,693,7.61,3.58,1670,0.0,APPROVE - Low fraud risk,0,
influencer_2179,381854,10537,457,-0.86,2.76,1095,0.0,APPROVE - Low fraud risk,0,
influencer_2180,1128516,28131,1877,2.93,2.49,1000,0.0,APPROVE - Low fraud risk,0,
influencer_2181,274644,16211,1066,-0.78,5.9,1417,0.7,APPROVE - Low fraud risk,0,
influencer_2182,486580,13526,510,3.46,2.78,1267,0.0,APPROVE - Low fraud risk,0,
influencer_2183,397007,7971,219,-0.36,2.01,753,0.0,APPROVE - Low fraud risk,0,
influencer_2184,401324,4274,146,0.8,1.06,337,0.0,APPROVE - Low fraud risk,0,
influencer_2185,112542,4153,127,-0.0,3.69,486,0.0,APPROVE - Low fraud risk,0,
influencer_2186,5000000,219739,10352,3.96,4.39,975,0.2,APPROVE - Low fraud risk,0,
influencer_2187,415625,13544,613,6.16,3.26,1079,0.0,APPROVE - Low fraud risk,0,
influencer_2188,191653,5451,242,-1.52,2.84,1248,0.0,APPROVE - Low fraud risk,0,
influencer_2189,83511,3351,140,-0.51,4.01,811,0.0,APPROVE - Low fraud risk,0,
influencer_2190,312429,12990,589,1.92,4.16,424,0.1,APPROVE - Low fraud risk,0,
influencer_2191,285018,9202,588,12.51,3.23,1301,2.0,APPROVE - Low fraud risk,0,
influencer_2192,98888,1095,89,6.82,1.11,1298,0.9,APPROVE - Low fraud risk,0,
influencer_2193,309249,10302,144,2.65,3.33,237,0.1,APPROVE - Low fraud risk,0,
influencer_2194,634221,17320,832,-5.71,2.73,690,0.3,APPROVE - Low fraud risk,0,
influencer_2195,533489,15137,565,1.28,2.84,272,0.1,APPROVE - Low fraud risk,0,
influencer_2196,1954583,46824,2921,8.18,2.4,496,3.2,APPROVE - Low fraud risk,0,
influencer_2197,2161981,55861,3001,8.16,2.58,841,3.2,APPROVE - Low fraud risk,0,
influencer_2198,1012729,21960,463,3.96,2.17,1131,0.0,APPROVE - Low fraud risk,0,
influencer_2199,127365,1522,32,-1.01,1.19,364,1.0,APPROVE - Low fraud risk,0,
influencer_2200,806013,32131,1379,0.9,3.99,554,0.0,APPROVE - Low fraud risk,0,
influencer_2201,2628903,92977,1005,-1.31,3.54,678,0.0,APPROVE - Low fraud risk,0,
influencer_2202,149978,4829,166,3.6,3.22,858,0.3,APPROVE - Low fraud risk,0,
influencer_2203,464689,9138,303,-2.07,1.97,320,0.0,APPROVE - Low fraud risk,0,
influencer_2204,1431087,39485,2385,1.6,2.76,545,0.9,APPROVE - Low fraud risk,0,
influencer_2205,567001,12775,397,0.71,2.25,1871,0.0,APPROVE - Low fraud risk,0,
influencer_2206,85911,259,11,23.55,0.3,629,80.5,REJECT - High fraud risk,1,
influencer_2207,405265,14178,532,6.68,3.5,1402,0.0,APPROVE - Low fraud risk,0,
influencer_2208,1181318,32865,757,1.59,2.78,479,0.1,APPROVE - Low fraud risk,0,
influencer_2209,80484,3489,145,5.97,4.34,1959,0.0,APPROVE - Low fraud risk,0,
influencer_2210,1711305,70728,16522,14.52,4.13,222,94.8,REJECT - High fraud risk,1,
influencer_2211,121885,2164,95,2.5,1.78,1613,0.0,APPROVE - Low fraud risk,0,
influencer_2212,382578,12162,308,4.46,3.18,1376,0.0,APPROVE - Low fraud risk,0,
influencer_2213,446572,7697,288,-0.12,1.72,1961,0.0,APPROVE - Low fraud risk,0,
influencer_2214,140855,2768,1245,1.86,1.96,288,91.3,REJECT - High fraud risk,1,
influencer_2215,157120,819,52,1.21,0.52,1436,3.3,APPROVE - Low fraud risk,0,
influencer_2216,99483,3111,93,1.33,3.13,86,0.1,APPROVE - Low fraud risk,0,
influencer_2217,844758,139,5,33.39,0.02,642,100.0,REJECT - High fraud risk,1,
influencer_2218,714907,24234,963,7.53,3.39,1856,0.0,APPROVE - Low fraud risk,0,
influencer_2219,247162,9263,89,4.67,3.75,1581,0.0,APPROVE - Low fraud risk,0,
influencer_2220,141813,7004,55,1.62,4.94,847,0.6,APPROVE - Low fraud risk,0,
influencer_2221,89955,3895,262,0.23,4.33,325,0.0,APPROVE - Low fraud risk,0,
influencer_2222,2146987,95808,5180,1.5,4.46,444,0.4,APPROVE - Low fraud risk,0,
influencer_2223,730021,24225,1318,8.13,3.32,898,0.3,APPROVE - Low fraud risk,0,
influencer_2224,697515,24932,826,-2.31,3.57,336,0.0,APPROVE - Low fraud risk,0,
influencer_2225,1747899,53466,3280,2.17,3.06,1049,0.4,APPROVE - Low fraud risk,0,
influencer_2226,3872518,82494,4020,2.95,2.13,414,0.0,APPROVE - Low fraud risk,0,
influencer_2227,1228282,33569,813,9.58,2.73,421,2.2,APPROVE - Low fraud risk,0,
influencer_2228,383453,10383,635,11.34,2.71,1088,5.2,APPROVE - Low fraud risk,0,
influencer_2229,1304340,49927,2445,1.41,3.83,1293,0.2,APPROVE - Low fraud risk,0,
influencer_2230,381732,15993,4396,11.23,4.19,634,96.9,REJECT - High fraud risk,1,
influencer_2231,356609,7384,399,-0.73,2.07,776,0.0,APPROVE - Low fraud risk,0,
influencer_2232,69142,2455,121,0.98,3.55,1660,0.0,APPROVE - Low fraud risk,0,
influencer_2233,929739,13324,546,3.35,1.43,522,0.0,APPROVE - Low fraud risk,0,
influencer_2234,364396,5672,289,4.0,1.56,1976,0.0,APPROVE - Low fraud risk,0,
influencer_2235,1873329,81275,3564,-2.17,4.34,360,1.2,APPROVE - Low fraud risk,0,
influencer_2236,98596,751,45,1.38,0.76,1288,0.7,APPROVE - Low fraud risk,0,
influencer_2237,368015,207,3,22.58,0.06,452,99.7,REJECT - High fraud risk,1,
influencer_2238,587747,19048,937,-6.79,3.24,1490,0.0,APPROVE - Low fraud risk,0,
influencer_2239,2513032,65276,2252,10.36,2.6,1943,0.7,APPROVE - Low fraud risk,0,
influencer_2240,1292679,21096,735,2.39,1.63,1039,0.3,APPROVE - Low fraud risk,0,
influencer_2241,1052029,20806,1041,-1.82,1.98,132,0.3,APPROVE - Low fraud risk,0,
influencer_2242,621744,11183,3369,15.78,1.8,960,97.1,REJECT - High fraud risk,1,
influencer_2243,590213,18498,1135,9.72,3.13,941,1.5,APPROVE - Low fraud risk,0,
influencer_2244,315928,3495,191,5.48,1.11,759,0.3,APPROVE - Low fraud risk,0,
influencer_2245,806506,21691,1347,4.09,2.69,1901,0.0,APPROVE - Low fraud risk,0,
influencer_2246,53731,1767,62,2.97,3.29,1797,0.0,APPROVE - Low fraud risk,0,
influencer_2247,423877,7665,255,0.95,1.81,737,0.0,APPROVE - Low fraud risk,0,
influencer_2248,2594578,247,11,28.68,0.01,237,100.0,REJECT - High fraud risk,1,
influencer_2249,866251,15512,1243,-1.04,1.79,1128,0.0,APPROVE - Low fraud risk,0,
influencer_2250,98102,2641,396,7.41,2.69,664,49.1,CAUTION - Monitor 2-4 weeks,0,
influencer_2251,118498,3486,157,6.22,2.94,493,0.1,APPROVE - Low fraud risk,0,
influencer_2252,111657,2468,145,-6.47,2.21,1357,0.7,APPROVE - Low fraud risk,0,
influencer_2253,1201957,18985,613,9.12,1.58,1086,3.4,APPROVE - Low fraud risk,0,
influencer_2254,981994,38284,1277,8.1,3.9,607,0.4,APPROVE - Low fraud risk,0,
influencer_2255,448009,7894,359,4.97,1.76,1561,0.0,APPROVE - Low fraud risk,0,
influencer_2256,463654,18709,1158,3.5,4.04,1113,0.3,APPROVE - Low fraud risk,0,
influencer_2257,502884,15791,663,-0.99,3.14,1448,0.0,APPROVE - Low fraud risk,0,
influencer_2258,956270,38232,1820,12.06,4.0,1125,7.4,APPROVE - Low fraud risk,0,
influencer_2259,298382,6974,186,-2.56,2.34,122,0.0,APPROVE - Low fraud risk,0,
influencer_2260,1864880,56422,323,-1.1,3.03,564,1.7,APPROVE - Low fraud risk,0,
influencer_2261,740742,15200,537,-5.45,2.05,1433,0.0,APPROVE - Low fraud risk,0,
influencer_2262,809265,29278,1563,8.39,3.62,1174,0.7,APPROVE - Low fraud risk,0,
influencer_2263,1308384,927,36,2.24,0.07,501,97.2,REJECT - High fraud risk,1,
influencer_2264,328589,4115,157,-0.16,1.25,312,0.0,APPROVE - Low fraud risk,0,
influencer_2265,463276,16802,6269,-0.82,3.63,176,98.2,REJECT - High fraud risk,1,
influencer_2266,742290,20594,506,7.36,2.77,1679,0.3,APPROVE - Low fraud risk,0,
influencer_2267,83971,3488,1124,28.43,4.15,99,97.6,REJECT - High fraud risk,1,
influencer_2268,54234,976,71,0.18,1.8,623,0.0,APPROVE - Low fraud risk,0,
influencer_2269,271925,7582,368,-1.21,2.79,1624,0.0,APPROVE - Low fraud risk,0,
influencer_2270,2061718,59022,4332,-0.11,2.86,1703,0.2,APPROVE - Low fraud risk,0,
influencer_2271,679820,25759,2066,6.56,3.79,1179,0.7,APPROVE - Low fraud risk,0,
influencer_2272,358944,3179,141,-5.24,0.89,1060,2.0,APPROVE - Low fraud risk,0,
influencer_2273,54853,1509,52,0.06,2.75,1596,0.0,APPROVE - Low fraud risk,0,
influencer_2274,239026,5459,241,-1.09,2.28,1227,0.0,APPROVE - Low fraud risk,0,
influencer_2275,1312453,49028,2859,4.95,3.74,1471,0.2,APPROVE - Low fraud risk,0,
influencer_2276,55208,2919,115,0.17,5.29,801,0.0,APPROVE - Low fraud risk,0,
influencer_2277,73803,909,57,9.06,1.23,890,7.8,APPROVE - Low fraud risk,0,
influencer_2278,46982,749,32,2.34,1.59,1304,0.0,APPROVE - Low fraud risk,0,
influencer_2279,2346586,66942,2456,2.04,2.85,1954,0.2,APPROVE - Low fraud risk,0,
influencer_2280,2308785,74498,3247,6.42,3.23,616,0.5,APPROVE - Low fraud risk,0,
influencer_2281,3596840,68269,3596,4.6,1.9,1342,0.0,APPROVE - Low fraud risk,0,
influencer_2282,344214,636,22,31.49,0.18,708,98.9,REJECT - High fraud risk,1,
influencer_2283,123998,2409,117,1.58,1.94,672,0.0,APPROVE - Low fraud risk,0,
influencer_2284,46389,696,23,2.56,1.5,1879,0.0,APPROVE - Low fraud risk,0,
influencer_2285,769390,19904,887,4.56,2.59,341,0.0,APPROVE - Low fraud risk,0,
influencer_2286,2543981,70957,2736,8.68,2.79,1351,0.3,APPROVE - Low fraud risk,0,
influencer_2287,4266601,116980,5924,3.63,2.74,1725,0.4,APPROVE - Low fraud risk,0,
influencer_2288,5000000,148109,10585,6.74,2.96,1131,0.0,APPROVE - Low fraud risk,0,
influencer_2289,754838,10160,520,5.28,1.35,102,0.5,APPROVE - Low fraud risk,0,
influencer_2290,101276,1512,85,6.8,1.49,1837,0.0,APPROVE - Low fraud risk,0,
influencer_2291,4598849,143872,5775,1.26,3.13,1111,0.2,APPROVE - Low fraud risk,0,
influencer_2292,1295402,26393,1394,0.59,2.04,1386,0.0,APPROVE - Low fraud risk,0,
influencer_2293,233892,7412,382,6.07,3.17,1724,0.0,APPROVE - Low fraud risk,0,
influencer_2294,412195,456,15,19.88,0.11,534,100.0,REJECT - High fraud risk,1,
influencer_2295,577122,18561,636,1.61,3.22,1044,0.0,APPROVE - Low fraud risk,0,
influencer_2296,398954,11820,383,5.18,2.96,126,0.5,APPROVE - Low fraud risk,0,
influencer_2297,159231,5410,295,10.15,3.4,297,0.8,APPROVE - Low fraud risk,0,
influencer_2298,145890,4918,189,6.47,3.37,218,0.1,APPROVE - Low fraud risk,0,
influencer_2299,470629,11455,720,1.83,2.43,826,0.0,APPROVE - Low fraud risk,0,
influencer_2300,2569969,224,7,7.37,0.01,414,99.6,REJECT - High fraud risk,1,
influencer_2301,119166,3795,149,2.53,3.18,303,0.1,APPROVE - Low fraud risk,0,
influencer_2302,923024,33586,1304,2.95,3.64,1807,0.0,APPROVE - Low fraud risk,0,
influencer_2303,193447,4357,177,7.39,2.25,1824,0.3,APPROVE - Low fraud risk,0,
influencer_2304,209679,6556,408,-0.57,3.13,694,0.0,APPROVE - Low fraud risk,0,
influencer_2305,698582,13958,664,8.54,2.0,298,1.7,APPROVE - Low fraud risk,0,
influencer_2306,134179,3616,179,7.71,2.69,1479,0.3,APPROVE - Low fraud risk,0,
influencer_2307,85490,3174,119,3.6,3.71,1962,0.0,APPROVE - Low fraud risk,0,
influencer_2308,82905,1422,18,2.4,1.72,1971,0.0,APPROVE - Low fraud risk,0,
influencer_2309,129998,4408,184,-2.02,3.39,1349,0.0,APPROVE - Low fraud risk,0,
influencer_2310,264748,5430,284,-4.87,2.05,936,0.0,APPROVE - Low fraud risk,0,
influencer_2311,1958821,46276,2905,11.58,2.36,237,12.8,APPROVE - Low fraud risk,0,
influencer_2312,557707,19564,1126,3.38,3.51,1876,0.0,APPROVE - Low fraud risk,0,
influencer_2313,1153031,26632,939,3.32,2.31,701,0.0,APPROVE - Low fraud risk,0,
influencer_2314,383662,410,13,34.43,0.11,309,99.7,REJECT - High fraud risk,1,
influencer_2315,172320,6222,362,3.01,3.61,70,0.1,APPROVE - Low fraud risk,0,
influencer_2316,99001,1623,73,10.49,1.64,1991,2.5,APPROVE - Low fraud risk,0,
influencer_2317,1477217,42902,1000,6.15,2.9,1149,0.0,APPROVE - Low fraud risk,0,
influencer_2318,170467,4081,169,6.32,2.39,517,0.0,APPROVE - Low fraud risk,0,
influencer_2319,553340,15989,859,-1.1,2.89,968,0.0,APPROVE - Low fraud risk,0,
influencer_2320,447087,12030,826,-4.33,2.69,1149,0.0,APPROVE - Low fraud risk,0,
influencer_2321,240379,8099,332,9.0,3.37,1917,0.0,APPROVE - Low fraud risk,0,
influencer_2322,554572,9615,474,6.7,1.73,918,0.8,APPROVE - Low fraud risk,0,
influencer_2323,166205,3238,171,-0.61,1.95,620,0.0,APPROVE - Low fraud risk,0,
influencer_2324,593273,14568,929,4.75,2.46,1663,0.0,APPROVE - Low fraud risk,0,
influencer_2325,31085,948,60,9.53,3.05,1094,4.4,APPROVE - Low fraud risk,0,
influencer_2326,141452,1621,111,7.27,1.15,995,2.3,APPROVE - Low fraud risk,0,
influencer_2327,183222,7431,3750,0.53,4.06,1159,92.2,REJECT - High fraud risk,1,
influencer_2328,182594,8294,588,2.7,4.54,739,0.1,APPROVE - Low fraud risk,0,
influencer_2329,296893,15669,927,-3.17,5.28,1211,0.3,APPROVE - Low fraud risk,0,
influencer_2330,3138795,115228,4424,2.73,3.67,101,0.6,APPROVE - Low fraud risk,0,
influencer_2331,492852,792,26,23.8,0.16,494,100.0,REJECT - High fraud risk,1,
influencer_2332,191062,4575,1918,11.76,2.39,520,96.0,REJECT - High fraud risk,1,
influencer_2333,309005,4279,207,-4.19,1.38,1473,0.0,APPROVE - Low fraud risk,0,
influencer_2334,234382,4617,202,5.95,1.97,1640,0.0,APPROVE - Low fraud risk,0,
influencer_2335,65215,1017,56,10.62,1.56,1374,3.8,APPROVE - Low fraud risk,0,
influencer_2336,133011,1943,69,4.41,1.46,1043,0.0,APPROVE - Low fraud risk,0,
influencer_2337,167818,5096,231,0.47,3.04,1379,0.0,APPROVE - Low fraud risk,0,
influencer_2338,4416402,95693,4386,2.19,2.17,1920,0.2,APPROVE - Low fraud risk,0,
influencer_2339,810351,12027,508,6.58,1.48,1978,0.0,APPROVE - Low fraud risk,0,
influencer_2340,183640,3332,131,1.27,1.81,1857,0.0,APPROVE - Low fraud risk,0,
influencer_2341,519211,8019,233,2.41,1.54,1614,0.0,APPROVE - Low fraud risk,0,
influencer_2342,294260,10117,547,5.32,3.44,1662,0.0,APPROVE - Low fraud risk,0,
influencer_2343,356263,7600,315,7.88,2.13,1906,0.0,APPROVE - Low fraud risk,0,
influencer_2344,613299,16364,1117,-0.1,2.67,812,0.0,APPROVE - Low fraud risk,0,
influencer_2345,106051,2491,587,0.19,2.35,149,86.0,REJECT - High fraud risk,1,
influencer_2346,1061743,37447,1945,2.65,3.53,1679,0.0,APPROVE - Low fraud risk,0,
influencer_2347,1323043,49291,1254,4.19,3.73,459,0.1,APPROVE - Low fraud risk,0,
influencer_2348,377396,10762,2785,10.29,2.85,93,98.3,REJECT - High fraud risk,1,
influencer_2349,563286,21966,395,-0.17,3.9,1542,0.0,APPROVE - Low fraud risk,0,
influencer_2350,139602,3088,180,-3.5,2.21,448,0.0,APPROVE - Low fraud risk,0,
influencer_2351,874731,20428,554,11.97,2.34,1468,4.5,APPROVE - Low fraud risk,0,
influencer_2352,409033,20543,1142,7.53,5.02,1416,0.3,APPROVE - Low fraud risk,0,
influencer_2353,610618,11379,296,7.32,1.86,637,0.5,APPROVE - Low fraud risk,0,
influencer_2354,304619,7366,378,4.31,2.42,497,0.0,APPROVE - Low fraud risk,0,
influencer_2355,134460,3471,170,1.22,2.58,808,0.0,APPROVE - Low fraud risk,0,
influencer_2356,1794382,42028,3055,10.11,2.34,726,8.8,APPROVE - Low fraud risk,0,
influencer_2357,216520,5871,478,2.78,2.71,1094,0.0,APPROVE - Low fraud risk,0,
influencer_2358,703308,3986,97,2.03,0.57,32,18.3,APPROVE - Low fraud risk,0,
influencer_2359,70627,1900,81,4.36,2.69,714,0.5,APPROVE - Low fraud risk,0,
influencer_2360,47345,895,42,-4.25,1.89,1736,0.0,APPROVE - Low fraud risk,0,
influencer_2361,642929,16297,579,3.24,2.53,1273,0.0,APPROVE - Low fraud risk,0,
influencer_2362,75675,294,16,5.5,0.39,1240,20.9,APPROVE - Low fraud risk,0,
influencer_2363,37347,890,40,-2.4,2.38,1193,0.0,APPROVE - Low fraud risk,0,
influencer_2364,648893,26595,1527,8.77,4.1,1780,0.1,APPROVE - Low fraud risk,0,
influencer_2365,477885,15711,849,11.51,3.29,1994,3.2,APPROVE - Low fraud risk,0,
influencer_2366,282762,5392,346,1.95,1.91,1465,0.0,APPROVE - Low fraud risk,0,
influencer_2367,2930473,91840,5606,7.52,3.13,1219,0.7,APPROVE - Low fraud risk,0,
influencer_2368,505496,20493,1906,-1.78,4.05,1547,0.0,APPROVE - Low fraud risk,0,
influencer_2369,912257,24927,1,-1.16,2.73,1684,3.0,APPROVE - Low fraud risk,0,
influencer_2370,178287,4819,263,0.6,2.7,71,0.0,APPROVE - Low fraud risk,0,
influencer_2371,1734372,59478,3696,6.37,3.43,293,1.0,APPROVE - Low fraud risk,0,
influencer_2372,208056,7327,478,8.14,3.52,791,0.1,APPROVE - Low fraud risk,0,
influencer_2373,540135,24308,966,-2.0,4.5,962,0.0,APPROVE - Low fraud risk,0,
influencer_2374,476542,10748,478,2.22,2.26,119,0.0,APPROVE - Low fraud risk,0,
influencer_2375,1458684,38968,1637,1.78,2.67,352,0.5,APPROVE - Low fraud risk,0,
influencer_2376,162511,5050,2458,4.51,3.11,1100,95.0,REJECT - High fraud risk,1,
influencer_2377,1283506,32101,1185,0.02,2.5,994,0.0,APPROVE - Low fraud risk,0,
influencer_2378,1551750,44089,2948,2.11,2.84,572,0.6,APPROVE - Low fraud risk,0,
influencer_2379,210028,5437,159,-2.34,2.59,1585,0.0,APPROVE - Low fraud risk,0,
influencer_2380,180338,5673,201,-3.09,3.15,717,0.0,APPROVE - Low fraud risk,0,
influencer_2381,67116,1809,271,4.52,2.7,375,48.1,CAUTION - Monitor 2-4 weeks,0,
influencer_2382,232061,2632,118,-0.49,1.13,1137,0.0,APPROVE - Low fraud risk,0,
influencer_2383,542758,20374,1081,2.99,3.75,1097,0.0,APPROVE - Low fraud risk,0,
influencer_2384,696749,14140,701,2.21,2.03,498,0.0,APPROVE - Low fraud risk,0,
influencer_2385,2013751,88319,4247,6.61,4.39,855,1.0,APPROVE - Low fraud risk,0,
influencer_2386,558366,7992,381,1.83,1.43,1842,0.0,APPROVE - Low fraud risk,0,
influencer_2387,578462,25483,953,5.48,4.41,876,0.3,APPROVE - Low fraud risk,0,
influencer_2388,115046,1574,58,9.38,1.37,412,7.7,APPROVE - Low fraud risk,0,
influencer_2389,1550721,28517,1758,3.3,1.84,647,0.2,APPROVE - Low fraud risk,0,
influencer_2390,1040051,46444,2185,-0.67,4.47,1944,0.6,APPROVE - Low fraud risk,0,
influencer_2391,1594769,47422,2301,2.78,2.97,174,0.6,APPROVE - Low fraud risk,0,
influencer_2392,48581,2078,1322,19.55,4.28,799,96.2,REJECT - High fraud risk,1,
influencer_2393,409717,10841,360,2.16,2.65,1963,0.0,APPROVE - Low fraud risk,0,
influencer_2394,180667,823,40,10.78,0.46,110,50.1,MANUAL REVIEW - Audit history,1,
influencer_2395,364137,14544,439,0.28,3.99,85,0.0,APPROVE - Low fraud risk,0,
influencer_2396,72218,2470,141,0.46,3.42,927,0.0,APPROVE - Low fraud risk,0,
influencer_2397,5000000,106615,4560,-0.48,2.13,983,0.2,APPROVE - Low fraud risk,0,
influencer_2398,130854,5016,1397,21.1,3.83,951,97.9,REJECT - High fraud risk,1,
influencer_2399,990208,30639,1928,1.41,3.09,1065,0.0,APPROVE - Low fraud risk,0,
influencer_2400,126480,3370,212,5.1,2.66,944,0.0,APPROVE - Low fraud risk,0,
influencer_2401,440199,519,16,25.38,0.12,308,100.0,REJECT - High fraud risk,1,
influencer_2402,233581,5875,419,4.42,2.52,1968,0.0,APPROVE - Low fraud risk,0,
influencer_2403,293388,14494,1034,4.9,4.94,78,1.1,APPROVE - Low fraud risk,0,
influencer_2404,153276,3545,267,0.06,2.31,1622,0.0,APPROVE - Low fraud risk,0,
influencer_2405,361279,8248,563,4.98,2.28,1963,0.0,APPROVE - Low fraud risk,0,
influencer_2406,36859,822,22,6.77,2.23,444,0.3,APPROVE - Low fraud risk,0,
influencer_2407,226384,4413,140,-0.49,1.95,1093,0.0,APPROVE - Low fraud risk,0,
influencer_2408,128853,2878,120,6.55,2.23,71,1.3,APPROVE - Low fraud risk,0,
influencer_2409,304502,6730,267,1.76,2.21,1218,0.0,APPROVE - Low fraud risk,0,
influencer_2410,239534,9393,561,7.57,3.92,1765,0.0,APPROVE - Low fraud risk,0,
influencer_2411,1139920,295,7,26.13,0.03,98,100.0,REJECT - High fraud risk,1,
influencer_2412,637427,24574,1121,6.47,3.86,1947,0.0,APPROVE - Low fraud risk,0,
influencer_2413,717044,25879,741,10.19,3.61,1391,0.2,APPROVE - Low fraud risk,0,
influencer_2414,448961,6909,478,8.53,1.54,1268,0.2,APPROVE - Low fraud risk,0,
influencer_2415,5000000,110651,4816,-0.5,2.21,333,0.2,APPROVE - Low fraud risk,0,
influencer_2416,1308968,31799,1509,0.34,2.43,1098,0.0,APPROVE - Low fraud risk,0,
influencer_2417,195195,7532,318,-4.74,3.86,1450,0.0,APPROVE - Low fraud risk,0,
influencer_2418,100708,5080,291,-3.25,5.04,559,0.0,APPROVE - Low fraud risk,0,
influencer_2419,1482308,39178,2492,9.98,2.64,1627,1.1,APPROVE - Low fraud risk,0,
influencer_2420,2617109,27011,1606,1.02,1.03,1496,0.1,APPROVE - Low fraud risk,0,
influencer_2421,245935,6824,569,-1.32,2.77,1924,0.0,APPROVE - Low fraud risk,0,
influencer_2422,681842,21090,841,3.01,3.09,1924,0.0,APPROVE - Low fraud risk,0,
influencer_2423,629383,18894,790,-1.39,3.0,310,0.0,APPROVE - Low fraud risk,0,
influencer_2424,355189,9875,610,-0.02,2.78,255,0.0,APPROVE - Low fraud risk,0,
influencer_2425,2071570,57259,1712,4.83,2.76,906,0.7,APPROVE - Low fraud risk,0,
influencer_2426,43568,2077,68,2.35,4.77,743,0.1,APPROVE - Low fraud risk,0,
influencer_2427,1531702,48519,2927,1.93,3.17,1630,0.2,APPROVE - Low fraud risk,0,
influencer_2428,1507633,21119,628,3.85,1.4,175,0.7,APPROVE - Low fraud risk,0,
influencer_2429,349675,9032,495,5.25,2.58,1266,0.0,APPROVE - Low fraud risk,0,
influencer_2430,1455103,31488,788,8.59,2.16,1308,1.0,APPROVE - Low fraud risk,0,
influencer_2431,1404922,52925,23758,24.31,3.77,446,98.3,REJECT - High fraud risk,1,
influencer_2432,269836,10469,722,5.11,3.88,1086,0.0,APPROVE - Low fraud risk,0,
influencer_2433,674504,9967,462,-0.32,1.48,1994,0.0,APPROVE - Low fraud risk,0,
influencer_2434,146882,3556,133,-0.96,2.42,1289,0.0,APPROVE - Low fraud risk,0,
influencer_2435,369006,10265,620,7.27,2.78,861,0.3,APPROVE - Low fraud risk,0,
influencer_2436,258448,3269,150,4.56,1.27,1713,0.0,APPROVE - Low fraud risk,0,
influencer_2437,856882,28523,839,-0.19,3.33,806,0.0,APPROVE - Low fraud risk,0,
influencer_2438,1006510,24571,1535,-1.56,2.44,145,0.2,APPROVE - Low fraud risk,0,
influencer_2439,5000000,220972,10594,-1.47,4.42,74,0.9,APPROVE - Low fraud risk,0,"Possible novel fraud pattern (high anomaly, not matched by labeled examples)"
influencer_2440,1697718,40907,534,0.5,2.41,504,0.0,APPROVE - Low fraud risk,0,
influencer_2441,1278254,33076,1312,0.1,2.59,484,0.3,APPROVE - Low fraud risk,0,
influencer_2442,289470,10793,252,-5.0,3.73,1545,0.0,APPROVE - Low fraud risk,0,
influencer_2443,2086875,84211,3594,-2.64,4.04,1820,0.2,APPROVE - Low fraud risk,0,
influencer_2444,462928,5979,235,-1.43,1.29,1877,0.0,APPROVE - Low fraud risk,0,
influencer_2445,199866,5537,286,2.36,2.77,1841,0.0,APPROVE - Low fraud risk,0,
influencer_2446,4969017,108173,7662,1.63,2.18,752,0.2,APPROVE - Low fraud risk,0,
influencer_2447,781033,23765,1603,1.81,3.04,558,0.3,APPROVE - Low fraud risk,0,
influencer_2448,624870,17101,533,2.41,2.74,1776,0.0,APPROVE - Low fraud risk,0,
influencer_2449,729800,16466,772,0.49,2.26,428,0.0,APPROVE - Low fraud risk,0,
influencer_2450,448536,18906,959,1.69,4.22,549,0.1,APPROVE - Low fraud risk,0,
influencer_2451,328397,7198,223,-4.02,2.19,196,0.0,APPROVE - Low fraud risk,0,
influencer_2452,251450,11686,769,5.67,4.65,541,0.1,APPROVE - Low fraud risk,0,
influencer_2453,1227122,31282,2036,6.18,2.55,1168,0.0,APPROVE - Low fraud risk,0,
influencer_2454,76993,2022,107,6.97,2.63,797,0.8,APPROVE - Low fraud risk,0,
influencer_2455,457574,10347,215,2.83,2.26,356,0.0,APPROVE - Low fraud risk,0,
influencer_2456,1715238,57241,2139,2.09,3.34,1520,0.0,APPROVE - Low fraud risk,0,
influencer_2457,1741397,37181,1102,-1.24,2.14,935,0.0,APPROVE - Low fraud risk,0,
influencer_2458,198394,7955,430,4.13,4.01,1316,0.0,APPROVE - Low fraud risk,0,
influencer_2459,1282726,30832,2025,5.86,2.4,1923,0.1,APPROVE - Low fraud risk,0,
influencer_2460,1081502,28488,996,10.28,2.63,149,6.8,APPROVE - Low fraud risk,0,
influencer_2461,5000000,201,7,19.08,0.0,293,98.0,REJECT - High fraud risk,1,
influencer_2462,141458,6613,406,-3.92,4.67,1305,0.0,APPROVE - Low fraud risk,0,
influencer_2463,266251,10922,409,0.73,4.1,649,0.0,APPROVE - Low fraud risk,0,
influencer_2464,599982,8012,440,2.81,1.34,501,0.0,APPROVE - Low fraud risk,0,
influencer_2465,163953,3596,144,4.2,2.19,1372,0.0,APPROVE - Low fraud risk,0,
influencer_2466,85979,3641,965,22.47,4.24,46,95.6,REJECT - High fraud risk,1,
influencer_2467,659548,26368,794,3.92,4.0,1185,0.0,APPROVE - Low fraud risk,0,
influencer_2468,670089,21829,3288,23.82,3.26,58,95.8,REJECT - High fraud risk,1,
influencer_2469,120734,5933,283,-0.08,4.91,1132,0.3,APPROVE - Low fraud risk,0,
influencer_2470,753812,18842,917,11.58,2.5,1242,4.1,APPROVE - Low fraud risk,0,
influencer_2471,90419,2150,139,4.88,2.38,1999,0.0,APPROVE - Low fraud risk,0,
influencer_2472,105565,2853,145,-2.51,2.7,581,0.0,APPROVE - Low fraud risk,0,
influencer_2473,444945,8545,573,-1.38,1.92,1519,0.0,APPROVE - Low fraud risk,0,
influencer_2474,672604,25227,385,5.91,3.75,733,0.2,APPROVE - Low fraud risk,0,
influencer_2475,588641,24560,1499,1.65,4.17,1583,0.0,APPROVE - Low fraud risk,0,
influencer_2476,105666,1665,18,4.22,1.58,1121,0.0,APPROVE - Low fraud risk,0,
influencer_2477,198711,7826,1174,-0.75,3.94,979,83.0,REJECT - High fraud risk,1,
influencer_2478,261186,7327,269,7.18,2.81,327,0.1,APPROVE - Low fraud risk,0,
influencer_2479,119703,2842,60,-0.73,2.37,736,0.0,APPROVE - Low fraud risk,0,
influencer_2480,1055034,40824,1745,0.99,3.87,1728,0.0,APPROVE - Low fraud risk,0,
influencer_2481,108317,3540,187,1.65,3.27,1833,0.0,APPROVE - Low fraud risk,0,
influencer_2482,135220,4115,186,3.37,3.04,1250,0.0,APPROVE - Low fraud risk,0,
influencer_2483,1953605,72283,3632,4.76,3.7,1020,0.9,APPROVE - Low fraud risk,0,
influencer_2484,218448,8281,302,6.82,3.79,344,0.5,APPROVE - Low fraud risk,0,
influencer_2485,710221,20437,1309,12.88,2.88,1257,5.2,APPROVE - Low fraud risk,0,
influencer_2486,378687,18049,572,4.39,4.77,307,0.1,APPROVE - Low fraud risk,0,
influencer_2487,754334,23784,1883,6.74,3.15,1960,0.4,APPROVE - Low fraud risk,0,
influencer_2488,257942,6606,434,4.87,2.56,590,0.0,APPROVE - Low fraud risk,0,
influencer_2489,701805,13510,622,4.42,1.93,147,0.0,APPROVE - Low fraud risk,0,
influencer_2490,3195702,42902,1805,-1.33,1.34,449,0.2,APPROVE - Low fraud risk,0,
influencer_2491,166631,4755,205,10.98,2.85,910,4.3,APPROVE - Low fraud risk,0,
influencer_2492,1922934,88796,5569,6.98,4.62,1372,0.7,APPROVE - Low fraud risk,0,
influencer_2493,570198,20239,704,3.01,3.55,1508,0.0,APPROVE - Low fraud risk,0,
influencer_2494,3155242,713,11,12.69,0.02,558,99.3,REJECT - High fraud risk,1,
influencer_2495,217808,12449,624,0.86,5.72,1921,0.0,APPROVE - Low fraud risk,0,
influencer_2496,715990,10817,271,5.5,1.51,1220,0.0,APPROVE - Low fraud risk,0,
influencer_2497,346243,12840,743,-0.89,3.71,132,0.0,APPROVE - Low fraud risk,0,
influencer_2498,1379443,14166,742,3.91,1.03,817,0.2,APPROVE - Low fraud risk,0,
influencer_2499,66978,2552,88,1.2,3.81,1145,0.0,APPROVE - Low fraud risk,0,
influencer_2500,930592,29831,1239,2.53,3.21,1142,0.0,APPROVE - Low fraud risk,0,
influencer_2501,808504,15674,489,5.26,1.94,436,0.0,APPROVE - Low fraud risk,0,
influencer_2502,267670,9655,497,3.15,3.61,983,0.0,APPROVE - Low fraud risk,0,
influencer_2503,365277,11582,273,-5.12,3.17,1823,0.0,APPROVE - Low fraud risk,0,
influencer_2504,515491,16315,7431,13.71,3.16,255,99.1,REJECT - High fraud risk,1,
influencer_2505,1285105,43150,2460,6.2,3.36,576,0.9,APPROVE - Low fraud risk,0,
influencer_2506,1119983,42820,2359,12.46,3.82,1721,3.0,APPROVE - Low fraud risk,0,
influencer_2507,225626,8981,4230,11.89,3.98,453,98.9,REJECT - High fraud risk,1,
influencer_2508,2576537,98392,6333,0.42,3.82,1759,0.6,APPROVE - Low fraud risk,0,
influencer_2509,75593,1169,41,2.06,1.55,601,0.0,APPROVE - Low fraud risk,0,
influencer_2510,1469954,46336,1836,2.95,3.15,1062,0.0,APPROVE - Low fraud risk,0,
influencer_2511,447936,19266,1315,1.75,4.3,1581,0.4,APPROVE - Low fraud risk,0,
influencer_2512,373459,11964,258,-3.37,3.2,824,0.0,APPROVE - Low fraud risk,0,
influencer_2513,482366,15482,513,2.76,3.21,885,0.3,APPROVE - Low fraud risk,0,
influencer_2514,162771,1332,36,-1.55,0.82,1720,0.0,APPROVE - Low fraud risk,0,
influencer_2515,146887,4145,161,-1.46,2.82,447,0.0,APPROVE - Low fraud risk,0,
influencer_2516,228295,8881,344,1.19,3.89,94,0.0,APPROVE - Low fraud risk,0,
influencer_2517,4675242,113711,7563,10.73,2.43,1400,0.6,APPROVE - Low fraud risk,0,
influencer_2518,142298,3775,221,2.66,2.65,1213,0.0,APPROVE - Low fraud risk,0,
influencer_2519,259554,4317,112,0.5,1.66,326,0.0,APPROVE - Low fraud risk,0,
influencer_2520,114410,3684,205,0.01,3.22,960,0.0,APPROVE - Low fraud risk,0,
influencer_2521,1967825,65205,4096,3.61,3.31,1127,0.6,APPROVE - Low fraud risk,0,
influencer_2522,225663,709,27,23.87,0.31,473,87.5,REJECT - High fraud risk,1,
influencer_2523,553924,26791,1216,6.77,4.84,542,0.3,APPROVE - Low fraud risk,0,
influencer_2524,450930,24659,1070,-3.12,5.47,1835,0.0,APPROVE - Low fraud risk,0,
influencer_2525,514299,9644,330,-1.93,1.88,352,0.0,APPROVE - Low fraud risk,0,
influencer_2526,1324056,15927,1101,9.64,1.2,893,6.9,APPROVE - Low fraud risk,0,
influencer_2527,294587,5737,356,6.23,1.95,678,0.0,APPROVE - Low fraud risk,0,
influencer_2528,585801,13647,1076,2.68,2.33,686,0.0,APPROVE - Low fraud risk,0,
influencer_2529,472841,13868,572,-4.56,2.93,210,0.0,APPROVE - Low fraud risk,0,
influencer_2530,900633,835,41,-2.89,0.09,893,96.9,REJECT - High fraud risk,1,
influencer_2531,3000000,67741,21221,6.51,2.26,158,96.9,REJECT - High fraud risk,1,
influencer_2532,1992097,23384,195,7.46,1.17,1746,1.3,APPROVE - Low fraud risk,0,
influencer_2533,633941,29267,2205,3.15,4.62,1146,1.9,APPROVE - Low fraud risk,0,
influencer_2534,171411,6494,322,5.03,3.79,547,0.1,APPROVE - Low fraud risk,0,
influencer_2535,227408,8499,61,5.18,3.74,1113,0.0,APPROVE - Low fraud risk,0,
influencer_2536,344496,10126,409,2.48,2.94,1412,0.0,APPROVE - Low fraud risk,0,
influencer_2537,2257122,111394,2712,14.69,4.94,613,6.3,APPROVE - Low fraud risk,0,
influencer_2538,5000000,74498,2487,2.25,1.49,1079,0.0,APPROVE - Low fraud risk,0,
influencer_2539,231011,6882,199,3.74,2.98,1053,0.0,APPROVE - Low fraud risk,0,
influencer_2540,644940,18547,471,4.42,2.88,1422,0.0,APPROVE - Low fraud risk,0,
influencer_2541,374638,11278,921,6.49,3.01,724,0.1,APPROVE - Low fraud risk,0,
influencer_2542,109836,1142,77,-2.99,1.04,297,0.3,APPROVE - Low fraud risk,0,
influencer_2543,1101817,35625,1821,-1.17,3.23,890,0.2,APPROVE - Low fraud risk,0,
influencer_2544,548320,10779,681,-2.01,1.97,320,0.0,APPROVE - Low fraud risk,0,
influencer_2545,263988,9931,337,7.49,3.76,459,0.1,APPROVE - Low fraud risk,0,
influencer_2546,511020,17207,329,1.72,3.37,1707,0.0,APPROVE - Low fraud risk,0,
influencer_2547,552966,18976,1011,7.21,3.43,908,0.3,APPROVE - Low fraud risk,0,
influencer_2548,2502784,140493,2646,7.46,5.61,540,0.9,APPROVE - Low fraud risk,0,
influencer_2549,457173,22618,561,2.49,4.95,1758,0.3,APPROVE - Low fraud risk,0,
influencer_2550,475719,10844,604,14.04,2.28,991,22.0,APPROVE - Low fraud risk,0,
influencer_2551,138416,4641,103,1.82,3.35,632,0.1,APPROVE - Low fraud risk,0,
influencer_2552,362967,3624,99,4.06,1.0,708,1.0,APPROVE - Low fraud risk,0,
influencer_2553,449272,9281,428,-2.37,2.07,1281,0.0,APPROVE - Low fraud risk,0,
influencer_2554,880416,48795,2213,6.66,5.54,1386,0.6,APPROVE - Low fraud risk,0,
influencer_2555,195031,855,55,4.94,0.44,1551,6.9,APPROVE - Low fraud risk,0,
influencer_2556,260318,404,13,11.05,0.16,410,97.1,REJECT - High fraud risk,1,
influencer_2557,342444,8661,490,12.94,2.53,580,9.0,APPROVE - Low fraud risk,0,
influencer_2558,2191222,48068,3134,2.16,2.19,1922,0.2,APPROVE - Low fraud risk,0,
influencer_2559,153045,4983,229,8.17,3.26,1099,0.3,APPROVE - Low fraud risk,0,
influencer_2560,49883,1462,35,0.84,2.93,788,0.0,APPROVE - Low fraud risk,0,
influencer_2561,53898,965,40,5.63,1.79,1487,0.0,APPROVE - Low fraud risk,0,
influencer_2562,730594,25670,605,3.63,3.51,405,0.1,APPROVE - Low fraud risk,0,
influencer_2563,451031,15483,917,7.12,3.43,534,0.1,APPROVE - Low fraud risk,0,
influencer_2564,3488039,87490,3156,1.51,2.51,790,0.2,APPROVE - Low fraud risk,0,
influencer_2565,750978,36431,1431,4.48,4.85,596,0.2,APPROVE - Low fraud risk,0,
influencer_2566,166550,844,54,2.52,0.51,1709,5.5,APPROVE - Low fraud risk,0,
influencer_2567,263299,5737,235,7.09,2.18,987,0.0,APPROVE - Low fraud risk,0,
influencer_2568,153923,3534,1401,8.5,2.3,816,95.9,REJECT - High fraud risk,1,
influencer_2569,103310,2540,103,14.93,2.46,1558,10.6,APPROVE - Low fraud risk,0,
influencer_2570,158422,4656,112,1.83,2.94,1731,0.0,APPROVE - Low fraud risk,0,
influencer_2571,857765,42892,3076,11.94,5.0,191,10.9,APPROVE - Low fraud risk,0,
influencer_2572,273118,205,4,13.72,0.07,382,99.0,REJECT - High fraud risk,1,
influencer_2573,169679,5476,355,3.36,3.23,1079,0.0,APPROVE - Low fraud risk,0,
influencer_2574,655433,13407,553,6.49,2.05,845,0.0,APPROVE - Low fraud risk,0,
influencer_2575,2699918,29194,1382,6.44,1.08,1466,1.0,APPROVE - Low fraud risk,0,
influencer_2576,150226,6150,170,-2.91,4.09,1769,0.0,APPROVE - Low fraud risk,0,
influencer_2577,687173,6777,284,3.82,0.99,1342,0.3,APPROVE - Low fraud risk,0,
influencer_2578,211600,7582,3455,25.98,3.58,1067,99.6,REJECT - High fraud risk,1,
influencer_2579,1247987,28705,1892,9.92,2.3,528,7.6,APPROVE - Low fraud risk,0,
influencer_2580,444515,13343,289,1.55,3.0,970,0.0,APPROVE - Low fraud risk,0,
influencer_2581,427660,6221,279,5.71,1.45,672,1.0,APPROVE - Low fraud risk,0,
influencer_2582,752166,22836,8073,24.7,3.04,929,98.4,REJECT - High fraud risk,1,
influencer_2583,207258,8378,271,11.5,4.04,644,3.4,APPROVE - Low fraud risk,0,
influencer_2584,820521,10363,321,3.28,1.26,611,0.0,APPROVE - Low fraud risk,0,
influencer_2585,438583,13605,736,5.31,3.1,139,0.1,APPROVE - Low fraud risk,0,
influencer_2586,39931,1221,44,2.45,3.06,783,0.1,APPROVE - Low fraud risk,0,
influencer_2587,108871,3002,110,4.48,2.76,1830,0.0,APPROVE - Low fraud risk,0,
influencer_2588,142359,7567,277,3.67,5.32,311,0.1,APPROVE - Low fraud risk,0,
influencer_2589,151937,1241,16,9.11,0.82,1562,7.6,APPROVE - Low fraud risk,0,
influencer_2590,39224,1406,77,1.52,3.58,174,0.5,APPROVE - Low fraud risk,0,
influencer_2591,59009,1699,43,-2.27,2.88,117,1.0,APPROVE - Low fraud risk,0,
influencer_2592,129428,1605,58,8.03,1.24,1526,0.5,APPROVE - Low fraud risk,0,
influencer_2593,372112,17068,1131,1.14,4.59,1501,0.3,APPROVE - Low fraud risk,0,
influencer_2594,1360956,12861,198,2.9,0.95,772,2.0,APPROVE - Low fraud risk,0,
influencer_2595,268208,11124,348,13.71,4.15,1712,6.3,APPROVE - Low fraud risk,0,
influencer_2596,915127,20323,8102,14.55,2.22,1149,86.6,REJECT - High fraud risk,1,
influencer_2597,307343,11719,4290,13.51,3.81,582,99.3,REJECT - High fraud risk,1,
influencer_2598,750328,12830,534,0.33,1.71,684,0.0,APPROVE - Low fraud risk,0,
influencer_2599,636393,23818,719,6.61,3.74,1685,0.0,APPROVE - Low fraud risk,0,
influencer_2600,4219199,224,5,3.86,0.01,375,100.0,REJECT - High fraud risk,1,
influencer_2601,32370,1038,35,-1.28,3.21,1723,0.0,APPROVE - Low fraud risk,0,
influencer_2602,1205448,28284,1283,5.77,2.35,562,0.0,APPROVE - Low fraud risk,0,
influencer_2603,679193,20199,1188,5.12,2.97,1274,0.0,APPROVE - Low fraud risk,0,
influencer_2604,5000000,141631,9981,5.82,2.83,163,0.8,APPROVE - Low fraud risk,0,
influencer_2605,408541,13299,482,0.42,3.26,1456,0.0,APPROVE - Low fraud risk,0,
influencer_2606,1633928,42908,768,7.39,2.63,1067,0.0,APPROVE - Low fraud risk,0,
influencer_2607,276713,9646,334,3.45,3.49,1773,0.0,APPROVE - Low fraud risk,0,
influencer_2608,802305,17158,722,5.19,2.14,355,0.0,APPROVE - Low fraud risk,0,
influencer_2609,2400274,37111,1797,-2.11,1.55,1231,0.1,APPROVE - Low fraud risk,0,
influencer_2610,286299,12056,646,4.61,4.21,1450,0.0,APPROVE - Low fraud risk,0,
influencer_2611,202082,1491,60,-3.85,0.74,1655,2.9,APPROVE - Low fraud risk,0,
influencer_2612,737918,25021,643,8.32,3.39,186,0.1,APPROVE - Low fraud risk,0,
influencer_2613,208353,6348,510,-0.81,3.05,1013,0.0,APPROVE - Low fraud risk,0,
influencer_2614,1157422,32655,346,7.54,2.82,579,0.2,APPROVE - Low fraud risk,0,
influencer_2615,515064,10771,823,4.49,2.09,1397,0.0,APPROVE - Low fraud risk,0,
influencer_2616,683553,18465,783,2.35,2.7,404,0.1,APPROVE - Low fraud risk,0,
influencer_2617,615005,351,11,19.39,0.06,875,100.0,REJECT - High fraud risk,1,
influencer_2618,488884,11591,536,2.66,2.37,893,0.0,APPROVE - Low fraud risk,0,
influencer_2619,552097,12069,393,2.88,2.19,1944,0.0,APPROVE - Low fraud risk,0,
influencer_2620,33735,1233,34,3.41,3.65,278,0.8,APPROVE - Low fraud risk,0,
influencer_2621,97046,1123,28,0.79,1.16,1865,0.3,APPROVE - Low fraud risk,0,
influencer_2622,239951,7399,230,8.43,3.08,1408,0.0,APPROVE - Low fraud risk,0,
influencer_2623,308418,10237,4221,-0.04,3.32,806,94.9,REJECT - High fraud risk,1,
influencer_2624,211025,5510,338,1.41,2.61,684,0.1,APPROVE - Low fraud risk,0,
influencer_2625,176110,5784,358,6.48,3.28,1159,0.0,APPROVE - Low fraud risk,0,
influencer_2626,1973080,22246,547,7.17,1.13,1341,0.7,APPROVE - Low fraud risk,0,
influencer_2627,795382,26632,938,0.47,3.35,1501,0.0,APPROVE - Low fraud risk,0,
influencer_2628,180147,8136,198,4.68,4.52,708,0.1,APPROVE - Low fraud risk,0,
influencer_2629,126327,2368,50,-1.51,1.87,1885,0.0,APPROVE - Low fraud risk,0,
influencer_2630,257604,11321,719,4.51,4.39,98,0.5,APPROVE - Low fraud risk,0,
influencer_2631,312018,9304,623,-3.52,2.98,272,0.0,APPROVE - Low fraud risk,0,
influencer_2632,296317,11862,629,9.7,4.0,507,0.6,APPROVE - Low fraud risk,0,
influencer_2633,110346,4407,254,9.75,3.99,929,0.8,APPROVE - Low fraud risk,0,
influencer_2634,446462,14443,584,10.34,3.23,740,3.0,APPROVE - Low fraud risk,0,
influencer_2635,309196,12351,560,1.99,3.99,450,0.1,APPROVE - Low fraud risk,0,
influencer_2636,693064,23332,8860,14.34,3.37,846,97.1,REJECT - High fraud risk,1,
influencer_2637,203793,3813,166,-3.52,1.87,784,0.0,APPROVE - Low fraud risk,0,
influencer_2638,1098052,30495,1271,7.26,2.78,1578,0.0,APPROVE - Low fraud risk,0,
influencer_2639,130325,2852,125,3.1,2.19,1135,0.0,APPROVE - Low fraud risk,0,
influencer_2640,276063,4924,2385,-2.22,1.78,876,96.3,REJECT - High fraud risk,1,
influencer_2641,482376,9062,412,4.36,1.88,948,0.0,APPROVE - Low fraud risk,0,
influencer_2642,106823,1567,108,-4.49,1.47,925,0.0,APPROVE - Low fraud risk,0,
influencer_2643,177252,2213,177,1.28,1.25,275,0.0,APPROVE - Low fraud risk,0,
influencer_2644,589884,1761,45,24.96,0.3,749,96.3,REJECT - High fraud risk,1,
influencer_2645,492772,16653,948,-0.97,3.38,1163,0.0,APPROVE - Low fraud risk,0,
influencer_2646,569452,16571,738,2.8,2.91,677,0.1,APPROVE - Low fraud risk,0,
influencer_2647,1445353,33518,1173,5.24,2.32,300,0.0,APPROVE - Low fraud risk,0,
influencer_2648,197416,9400,386,3.96,4.76,1891,0.0,APPROVE - Low fraud risk,0,
influencer_2649,2145386,45192,2508,0.36,2.11,832,0.2,APPROVE - Low fraud risk,0,
influencer_2650,470736,11765,597,4.29,2.5,1338,0.0,APPROVE - Low fraud risk,0,
influencer_2651,428675,17359,840,2.43,4.05,1449,0.0,APPROVE - Low fraud risk,0,
influencer_2652,277271,7064,326,-0.56,2.55,325,0.0,APPROVE - Low fraud risk,0,
influencer_2653,3282976,124439,4992,2.05,3.79,250,0.6,APPROVE - Low fraud risk,0,
influencer_2654,954666,24523,1429,4.74,2.57,857,0.2,APPROVE - Low fraud risk,0,
influencer_2655,71262,1811,89,-0.43,2.54,731,0.3,APPROVE - Low fraud risk,0,
influencer_2656,215484,3040,78,0.8,1.41,110,0.0,APPROVE - Low fraud risk,0,
influencer_2657,368261,15395,1038,-4.82,4.18,100,0.3,APPROVE - Low fraud risk,0,
influencer_2658,579860,21340,1447,-4.12,3.68,704,0.0,APPROVE - Low fraud risk,0,
influencer_2659,789237,40688,1234,2.43,5.16,478,0.1,APPROVE - Low fraud risk,0,
influencer_2660,337221,9464,664,1.66,2.81,1150,0.0,APPROVE - Low fraud risk,0,
influencer_2661,514920,17974,3017,18.02,3.49,804,98.4,REJECT - High fraud risk,1,
influencer_2662,334141,11725,426,6.5,3.51,1576,0.0,APPROVE - Low fraud risk,0,
influencer_2663,48597,1226,34,-0.13,2.52,531,0.3,APPROVE - Low fraud risk,0,
influencer_2664,93523,2032,55,4.85,2.17,1078,0.3,APPROVE - Low fraud risk,0,
influencer_2665,1468462,28099,1326,7.8,1.91,1530,0.7,APPROVE - Low fraud risk,0,
influencer_2666,105661,3291,201,1.54,3.11,1613,0.0,APPROVE - Low fraud risk,0,
influencer_2667,124982,5206,180,-0.81,4.17,674,0.0,APPROVE - Low fraud risk,0,
influencer_2668,661339,10366,448,8.68,1.57,479,2.9,APPROVE - Low fraud risk,0,
influencer_2669,580957,11648,830,3.56,2.0,1590,0.0,APPROVE - Low fraud risk,0,
influencer_2670,396990,9636,658,-5.2,2.43,610,0.0,APPROVE - Low fraud risk,0,
influencer_2671,199099,3446,161,-2.64,1.73,1386,0.0,APPROVE - Low fraud risk,0,
influencer_2672,757316,4821,159,-0.67,0.64,687,2.3,APPROVE - Low fraud risk,0,
influencer_2673,278575,7304,319,1.64,2.62,1455,0.0,APPROVE - Low fraud risk,0,
influencer_2674,481973,25839,1935,-1.56,5.36,197,1.8,APPROVE - Low fraud risk,0,
influencer_2675,1360475,49317,1388,0.95,3.62,469,0.3,APPROVE - Low fraud risk,0,
influencer_2676,243730,10328,578,1.37,4.24,742,0.1,APPROVE - Low fraud risk,0,
influencer_2677,1312422,39313,2364,3.83,3.0,1251,0.2,APPROVE - Low fraud risk,0,
influencer_2678,154633,5909,324,5.6,3.82,1477,0.3,APPROVE - Low fraud risk,0,
influencer_2679,530064,21647,1064,5.08,4.08,119,0.1,APPROVE - Low fraud risk,0,
influencer_2680,1564508,52768,3140,9.25,3.37,1675,0.0,APPROVE - Low fraud risk,0,
influencer_2681,316344,10203,615,-0.44,3.23,1366,0.0,APPROVE - Low fraud risk,0,
influencer_2682,369929,10924,419,1.48,2.95,1298,0.0,APPROVE - Low fraud risk,0,
influencer_2683,214887,5302,253,5.86,2.47,1707,0.0,APPROVE - Low fraud risk,0,
influencer_2684,488190,18026,850,4.23,3.69,747,0.1,APPROVE - Low fraud risk,0,
influencer_2685,2022568,130125,7498,1.14,6.43,630,0.2,APPROVE - Low fraud risk,0,
influencer_2686,53476,1888,116,4.51,3.53,748,0.1,APPROVE - Low fraud risk,0,
influencer_2687,243704,6576,113,1.74,2.7,323,0.1,APPROVE - Low fraud risk,0,
influencer_2688,179239,8545,473,14.29,4.77,1551,6.7,APPROVE - Low fraud risk,0,
influencer_2689,324417,6146,296,0.15,1.89,398,0.0,APPROVE - Low fraud risk,0,
influencer_2690,336690,11470,5103,16.96,3.41,201,99.3,REJECT - High fraud risk,1,
influencer_2691,1740524,94,2,45.25,0.01,560,100.0,REJECT - High fraud risk,1,
influencer_2692,978081,40050,2372,0.63,4.09,1821,0.2,APPROVE - Low fraud risk,0,
influencer_2693,279262,3970,172,5.02,1.42,1680,0.0,APPROVE - Low fraud risk,0,
influencer_2694,366372,12511,1,4.55,3.41,523,5.5,APPROVE - Low fraud risk,0,
influencer_2695,2254634,50770,2307,5.95,2.25,1162,0.4,APPROVE - Low fraud risk,0,
influencer_2696,50452,1687,99,-3.73,3.34,1647,0.0,APPROVE - Low fraud risk,0,
influencer_2697,468278,9770,346,0.42,2.09,841,0.0,APPROVE - Low fraud risk,0,
influencer_2698,473126,15236,671,6.66,3.22,1055,0.0,APPROVE - Low fraud risk,0,
influencer_2699,909023,39415,1761,8.34,4.34,711,1.5,APPROVE - Low fraud risk,0,
influencer_2700,265723,11538,338,3.08,4.34,364,0.1,APPROVE - Low fraud risk,0,
influencer_2701,211790,7758,409,5.88,3.66,324,0.1,APPROVE - Low fraud risk,0,
influencer_2702,163691,4327,199,-6.2,2.64,661,0.7,APPROVE - Low fraud risk,0,
influencer_2703,2540148,101,3,26.01,0.0,801,100.0,REJECT - High fraud risk,1,
influencer_2704,874862,940,26,-4.16,0.11,223,100.0,REJECT - High fraud risk,1,
influencer_2705,81242,2290,129,-1.04,2.82,1274,0.0,APPROVE - Low fraud risk,0,
influencer_2706,394058,13999,708,11.74,3.55,1951,3.7,APPROVE - Low fraud risk,0,
influencer_2707,71902,1773,42,-3.71,2.47,907,0.0,APPROVE - Low fraud risk,0,
influencer_2708,804093,9130,321,-0.99,1.14,1482,0.0,APPROVE - Low fraud risk,0,
influencer_2709,409320,6438,272,1.93,1.57,831,0.0,APPROVE - Low fraud risk,0,
influencer_2710,292169,3583,124,4.93,1.23,427,0.6,APPROVE - Low fraud risk,0,
influencer_2711,754367,17149,452,5.06,2.27,1046,0.0,APPROVE - Low fraud risk,0,
influencer_2712,88102,3882,219,4.47,4.41,1268,0.0,APPROVE - Low fraud risk,0,
influencer_2713,349694,13001,410,0.3,3.72,150,0.0,APPROVE - Low fraud risk,0,
influencer_2714,2315086,56247,4339,0.17,2.43,1087,0.2,APPROVE - Low fraud risk,0,
influencer_2715,199674,7237,326,2.57,3.62,1102,0.0,APPROVE - Low fraud risk,0,
influencer_2716,418781,8542,434,3.89,2.04,1077,0.0,APPROVE - Low fraud risk,0,
influencer_2717,95822,4040,187,8.67,4.22,1610,0.3,APPROVE - Low fraud risk,0,
influencer_2718,330042,9861,519,5.57,2.99,1318,0.0,APPROVE - Low fraud risk,0,
influencer_2719,243725,5365,391,8.75,2.2,813,2.5,APPROVE - Low fraud risk,0,
influencer_2720,1155868,28381,955,1.85,2.46,1352,0.0,APPROVE - Low fraud risk,0,
influencer_2721,492556,15778,1098,-4.01,3.2,890,0.0,APPROVE - Low fraud risk,0,
influencer_2722,121516,5262,1242,-1.92,4.33,261,91.3,REJECT - High fraud risk,1,
influencer_2723,193265,6758,291,-1.34,3.5,1336,0.0,APPROVE - Low fraud risk,0,
influencer_2724,351535,7911,286,3.69,2.25,985,0.3,APPROVE - Low fraud risk,0,
influencer_2725,386817,15210,499,5.68,3.93,627,0.1,APPROVE - Low fraud risk,0,
influencer_2726,110085,3185,103,4.37,2.89,368,0.1,APPROVE - Low fraud risk,0,
influencer_2727,35582,940,48,3.77,2.64,130,0.5,APPROVE - Low fraud risk,0,
influencer_2728,564774,14786,449,8.12,2.62,182,1.3,APPROVE - Low fraud risk,0,
influencer_2729,1537947,54856,3759,9.85,3.57,83,1.2,APPROVE - Low fraud risk,0,
influencer_2730,688261,18602,584,4.64,2.7,1827,0.3,APPROVE - Low fraud risk,0,
influencer_2731,479838,145,2,7.91,0.03,262,99.6,REJECT - High fraud risk,1,
influencer_2732,565456,17256,448,0.87,3.05,1129,0.0,APPROVE - Low fraud risk,0,
influencer_2733,389300,9969,435,5.08,2.56,1607,0.0,APPROVE - Low fraud risk,0,
influencer_2734,63049,1136,49,1.33,1.8,433,0.0,APPROVE - Low fraud risk,0,
influencer_2735,537538,26582,1378,5.63,4.95,194,0.4,APPROVE - Low fraud risk,0,
influencer_2736,966083,466,14,0.27,0.05,582,99.6,REJECT - High fraud risk,1,
influencer_2737,754517,28164,1171,3.05,3.73,1469,0.0,APPROVE - Low fraud risk,0,
influencer_2738,604276,10399,420,3.97,1.72,513,0.0,APPROVE - Low fraud risk,0,
influencer_2739,116031,4039,181,2.01,3.48,444,0.1,APPROVE - Low fraud risk,0,
influencer_2740,432622,113,2,8.35,0.03,597,99.9,REJECT - High fraud risk,1,
influencer_2741,178021,2845,81,-1.94,1.6,594,0.0,APPROVE - Low fraud risk,0,
influencer_2742,245018,3311,198,0.98,1.35,346,0.0,APPROVE - Low fraud risk,0,
influencer_2743,197756,1944,92,-0.98,0.98,1531,0.0,APPROVE - Low fraud risk,0,
influencer_2744,2325839,67372,4592,0.58,2.9,1573,0.2,APPROVE - Low fraud risk,0,
influencer_2745,710481,618,22,21.04,0.09,558,100.0,REJECT - High fraud risk,1,
influencer_2746,482936,10835,239,-2.42,2.24,936,0.0,APPROVE - Low fraud risk,0,
influencer_2747,2178788,67434,4153,2.32,3.1,1694,0.2,APPROVE - Low fraud risk,0,
influencer_2748,66311,3205,165,0.46,4.83,1571,0.0,APPROVE - Low fraud risk,0,
influencer_2749,1313304,258,7,43.08,0.02,274,100.0,REJECT - High fraud risk,1,
influencer_2750,3298012,127953,6374,1.54,3.88,351,0.4,APPROVE - Low fraud risk,0,
influencer_2751,1201228,558,13,9.33,0.05,299,99.9,REJECT - High fraud risk,1,
influencer_2752,847458,17918,1327,5.37,2.11,316,0.0,APPROVE - Low fraud risk,0,
influencer_2753,2078750,61466,2395,-5.49,2.96,497,0.0,APPROVE - Low fraud risk,0,
influencer_2754,3771205,923,43,21.24,0.02,532,97.6,REJECT - High fraud risk,1,
influencer_2755,1906867,50578,3625,4.6,2.65,235,0.2,APPROVE - Low fraud risk,0,
influencer_2756,527051,647,22,2.06,0.12,193,99.6,REJECT - High fraud risk,1,
influencer_2757,2066372,51178,2845,5.83,2.48,930,0.4,APPROVE - Low fraud risk,0,
influencer_2758,170084,7259,237,8.58,4.27,138,0.1,APPROVE - Low fraud risk,0,
influencer_2759,201753,6160,478,6.78,3.05,612,0.1,APPROVE - Low fraud risk,0,
influencer_2760,283284,4501,131,2.27,1.59,754,0.0,APPROVE - Low fraud risk,0,
influencer_2761,398947,5928,283,2.08,1.49,1822,0.7,APPROVE - Low fraud risk,0,
influencer_2762,191340,7581,453,0.76,3.96,131,0.0,APPROVE - Low fraud risk,0,
influencer_2763,504174,11316,777,2.88,2.24,1755,0.0,APPROVE - Low fraud risk,0,
influencer_2764,390684,11413,349,1.27,2.92,347,0.1,APPROVE - Low fraud risk,0,
influencer_2765,275841,8322,109,-0.72,3.02,1743,0.0,APPROVE - Low fraud risk,0,
influencer_2766,959739,30594,1887,7.38,3.19,143,0.9,APPROVE - Low fraud risk,0,
influencer_2767,1907543,43938,2443,1.62,2.3,166,0.2,APPROVE - Low fraud risk,0,
influencer_2768,683301,16658,364,-0.11,2.44,577,0.0,APPROVE - Low fraud risk,0,
influencer_2769,812917,12200,842,2.58,1.5,438,0.0,APPROVE - Low fraud risk,0,
influencer_2770,462445,20907,573,6.8,4.52,417,0.1,APPROVE - Low fraud risk,0,
influencer_2771,147966,6156,254,7.64,4.16,963,0.3,APPROVE - Low fraud risk,0,
influencer_2772,247102,5516,388,2.82,2.23,530,0.0,APPROVE - Low fraud risk,0,
influencer_2773,1031124,39262,2400,-0.22,3.81,1470,0.6,APPROVE - Low fraud risk,0,
influencer_2774,299846,8942,436,5.57,2.98,1330,0.0,APPROVE - Low fraud risk,0,
influencer_2775,1300436,39228,1849,0.91,3.02,1100,0.0,APPROVE - Low fraud risk,0,
influencer_2776,120266,3394,164,2.2,2.82,1410,0.0,APPROVE - Low fraud risk,0,
influencer_2777,204824,9979,473,5.84,4.87,1125,0.0,APPROVE - Low fraud risk,0,
influencer_2778,823595,16953,82,2.36,2.06,1617,0.0,APPROVE - Low fraud risk,0,
influencer_2779,135289,315,16,9.19,0.23,414,79.9,REJECT - High fraud risk,1,
influencer_2780,238558,3851,118,5.33,1.61,398,0.0,APPROVE - Low fraud risk,0,
influencer_2781,1147393,31503,886,6.13,2.75,311,0.2,APPROVE - Low fraud risk,0,
influencer_2782,2290854,97140,5291,-0.62,4.24,1328,0.2,APPROVE - Low fraud risk,0,
influencer_2783,300485,10685,447,7.25,3.56,907,0.3,APPROVE - Low fraud risk,0,
influencer_2784,383297,11454,636,7.19,2.99,1880,0.0,APPROVE - Low fraud risk,0,
influencer_2785,96377,5562,1867,4.07,5.77,253,91.3,REJECT - High fraud risk,1,
influencer_2786,1209946,55125,2735,-2.92,4.56,1994,0.6,APPROVE - Low fraud risk,0,
influencer_2787,362820,12712,745,3.93,3.5,621,0.1,APPROVE - Low fraud risk,0,
influencer_2788,67880,1704,28,4.5,2.51,1553,0.0,APPROVE - Low fraud risk,0,
influencer_2789,460528,8248,436,-1.81,1.79,1302,0.0,APPROVE - Low fraud risk,0,
influencer_2790,1539434,61677,2203,4.16,4.01,1634,0.2,APPROVE - Low fraud risk,0,
influencer_2791,89082,2254,89,0.76,2.53,1342,0.0,APPROVE - Low fraud risk,0,
influencer_2792,199380,7679,396,6.95,3.85,528,0.5,APPROVE - Low fraud risk,0,
influencer_2793,648701,40267,1191,0.91,6.21,1917,0.0,APPROVE - Low fraud risk,0,
influencer_2794,817825,2586,145,2.93,0.32,1282,14.7,APPROVE - Low fraud risk,0,
influencer_2795,2082946,38574,1149,2.79,1.85,1487,0.0,APPROVE - Low fraud risk,0,
influencer_2796,539501,12782,786,5.18,2.37,497,0.0,APPROVE - Low fraud risk,0,
influencer_2797,31544,1161,304,27.57,3.68,663,93.3,REJECT - High fraud risk,1,
influencer_2798,815603,25973,819,0.09,3.18,1502,0.0,APPROVE - Low fraud risk,0,
influencer_2799,761470,36081,20808,21.91,4.74,441,94.7,REJECT - High fraud risk,1,
influencer_2800,160910,5011,173,3.2,3.11,1846,0.0,APPROVE - Low fraud risk,0,
influencer_2801,53442,891,56,3.65,1.67,680,0.3,APPROVE - Low fraud risk,0,
influencer_2802,461965,10852,513,0.74,2.35,188,0.0,APPROVE - Low fraud risk,0,
influencer_2803,139097,6527,312,4.34,4.69,1343,0.0,APPROVE - Low fraud risk,0,
influencer_2804,57193,2722,116,5.59,4.76,1135,0.0,APPROVE - Low fraud risk,0,
influencer_2805,155990,2548,215,4.86,1.63,1661,0.3,APPROVE - Low fraud risk,0,
influencer_2806,643213,17160,702,4.14,2.67,1561,0.0,APPROVE - Low fraud risk,0,
influencer_2807,432833,10335,433,1.08,2.39,1776,0.0,APPROVE - Low fraud risk,0,
influencer_2808,2385589,77815,3011,2.83,3.26,1950,0.2,APPROVE - Low fraud risk,0,
influencer_2809,1584900,369,15,13.19,0.02,734,100.0,REJECT - High fraud risk,1,
influencer_2810,2089528,50533,3559,-3.42,2.42,1046,0.0,APPROVE - Low fraud risk,0,
influencer_2811,328677,10327,216,5.44,3.14,1269,0.0,APPROVE - Low fraud risk,0,
influencer_2812,147058,2224,66,5.54,1.51,1131,0.0,APPROVE - Low fraud risk,0,
influencer_2813,2287442,244,5,0.39,0.01,695,100.0,REJECT - High fraud risk,1,
influencer_2814,1354435,32263,1833,4.29,2.38,1520,0.1,APPROVE - Low fraud risk,0,
influencer_2815,474670,18965,1000,1.82,4.0,1326,0.0,APPROVE - Low fraud risk,0,
influencer_2816,510855,14330,689,6.09,2.81,1299,0.0,APPROVE - Low fraud risk,0,
influencer_2817,431160,9509,525,0.47,2.21,1235,0.0,APPROVE - Low fraud risk,0,
influencer_2818,86328,2001,130,5.01,2.32,1426,0.0,APPROVE - Low fraud risk,0,
influencer_2819,1371834,21684,980,1.34,1.58,1733,0.0,APPROVE - Low fraud risk,0,
influencer_2820,282177,11088,3323,-2.52,3.93,848,97.2,REJECT - High fraud risk,1,
influencer_2821,1140050,39783,2269,-1.49,3.49,306,0.8,APPROVE - Low fraud risk,0,
influencer_2822,256729,4436,295,3.51,1.73,1547,0.0,APPROVE - Low fraud risk,0,
influencer_2823,380184,16597,5565,-5.5,4.37,290,97.9,REJECT - High fraud risk,1,
influencer_2824,1240810,38194,1523,4.59,3.08,1255,0.1,APPROVE - Low fraud risk,0,
influencer_2825,359271,11239,362,3.2,3.13,1559,0.0,APPROVE - Low fraud risk,0,
influencer_2826,49689,988,259,-5.97,1.99,1197,75.3,REJECT - High fraud risk,1,
influencer_2827,1533571,67753,2921,1.09,4.42,1106,0.6,APPROVE - Low fraud risk,0,
influencer_2828,658527,21961,1206,2.1,3.33,1784,0.0,APPROVE - Low fraud risk,0,
influencer_2829,211286,5689,383,6.78,2.69,595,0.1,APPROVE - Low fraud risk,0,
influencer_2830,287935,11066,444,11.4,3.84,1586,3.8,APPROVE - Low fraud risk,0,
influencer_2831,62392,2955,112,-2.64,4.74,1862,0.0,APPROVE - Low fraud risk,0,
influencer_2832,97632,2738,1270,31.08,2.8,352,98.6,REJECT - High fraud risk,1,
influencer_2833,974323,35366,2230,2.66,3.63,1994,1.9,APPROVE - Low fraud risk,0,
influencer_2834,150362,2605,126,11.44,1.73,1049,12.0,APPROVE - Low fraud risk,0,
influencer_2835,192264,4286,222,6.28,2.23,611,0.0,APPROVE - Low fraud risk,0,
influencer_2836,2602624,91693,3772,7.53,3.52,1812,0.0,APPROVE - Low fraud risk,0,
influencer_2837,201741,4881,241,4.94,2.42,89,0.3,APPROVE - Low fraud risk,0,
influencer_2838,79593,4494,137,7.66,5.65,1838,0.0,APPROVE - Low fraud risk,0,
influencer_2839,489271,10355,466,4.46,2.12,497,0.0,APPROVE - Low fraud risk,0,
influencer_2840,387975,9264,414,7.73,2.39,606,0.3,APPROVE - Low fraud risk,0,
influencer_2841,1784031,30950,1642,3.51,1.73,1607,0.1,APPROVE - Low fraud risk,0,
influencer_2842,517830,227,7,30.46,0.04,211,100.0,REJECT - High fraud risk,1,
influencer_2843,176604,7286,259,5.49,4.13,1308,0.0,APPROVE - Low fraud risk,0,
influencer_2844,172969,5469,174,5.55,3.16,1212,0.3,APPROVE - Low fraud risk,0,
influencer_2845,192703,6955,373,0.36,3.61,1910,0.0,APPROVE - Low fraud risk,0,
influencer_2846,221830,9098,610,4.03,4.1,1402,0.0,APPROVE - Low fraud risk,0,
influencer_2847,1781444,53712,2381,-2.58,3.02,390,0.2,APPROVE - Low fraud risk,0,
influencer_2848,194148,6401,431,3.12,3.3,437,0.1,APPROVE - Low fraud risk,0,
influencer_2849,476554,15300,978,-1.53,3.21,514,0.0,APPROVE - Low fraud risk,0,
influencer_2850,697482,16664,903,7.28,2.39,1838,0.0,APPROVE - Low fraud risk,0,
influencer_2851,87984,5622,265,4.98,6.39,1081,0.0,APPROVE - Low fraud risk,0,
influencer_2852,52540,679,25,6.08,1.29,582,1.3,APPROVE - Low fraud risk,0,
influencer_2853,343787,14735,460,-4.01,4.29,309,0.0,APPROVE - Low fraud risk,0,
influencer_2854,143701,3931,193,1.75,2.74,1563,0.0,APPROVE - Low fraud risk,0,
influencer_2855,721752,24573,788,4.55,3.4,1068,0.0,APPROVE - Low fraud risk,0,
influencer_2856,149513,3853,139,8.38,2.58,855,0.6,APPROVE - Low fraud risk,0,
influencer_2857,417305,16649,7226,18.67,3.99,769,99.2,REJECT - High fraud risk,1,
influencer_2858,5000000,141661,7272,2.58,2.83,845,0.5,APPROVE - Low fraud risk,0,
influencer_2859,678284,28100,1667,3.81,4.14,608,0.3,APPROVE - Low fraud risk,0,
influencer_2860,1539808,36333,1964,1.64,2.36,1662,0.0,APPROVE - Low fraud risk,0,
influencer_2861,160733,4673,205,1.91,2.91,418,0.1,APPROVE - Low fraud risk,0,
influencer_2862,1197097,25950,859,6.86,2.17,535,0.0,APPROVE - Low fraud risk,0,
influencer_2863,210948,6471,2956,-10.0,3.07,171,99.3,REJECT - High fraud risk,1,
influencer_2864,271497,10599,549,-1.11,3.9,67,0.0,APPROVE - Low fraud risk,0,
influencer_2865,1445622,148,6,31.29,0.01,464,100.0,REJECT - High fraud risk,1,
influencer_2866,780394,25016,926,1.34,3.21,935,0.0,APPROVE - Low fraud risk,0,
influencer_2867,3000000,120897,34111,0.91,4.03,984,89.9,REJECT - High fraud risk,1,
influencer_2868,1343878,43568,1312,-1.06,3.24,1539,0.0,APPROVE - Low fraud risk,0,
influencer_2869,148430,1264,73,7.18,0.85,1558,0.9,APPROVE - Low fraud risk,0,
influencer_2870,490706,23709,1220,6.83,4.83,919,0.2,APPROVE - Low fraud risk,0,
influencer_2871,603191,11821,520,2.94,1.96,1083,0.0,APPROVE - Low fraud risk,0,
influencer_2872,93826,1658,90,1.76,1.77,950,0.0,APPROVE - Low fraud risk,0,
influencer_2873,3822950,94605,3058,1.57,2.47,631,0.2,APPROVE - Low fraud risk,0,
influencer_2874,438154,8539,219,8.13,1.95,360,1.5,APPROVE - Low fraud risk,0,
influencer_2875,308057,3663,148,7.82,1.19,246,3.7,APPROVE - Low fraud risk,0,
influencer_2876,238037,11604,436,8.81,4.87,1487,0.0,APPROVE - Low fraud risk,0,
influencer_2877,369875,3987,39,5.91,1.08,628,8.2,APPROVE - Low fraud risk,0,
influencer_2878,1153067,28167,14775,30.05,2.44,558,98.4,REJECT - High fraud risk,1,
influencer_2879,1531670,39922,2244,2.64,2.61,862,0.8,APPROVE - Low fraud risk,0,
influencer_2880,651611,27045,1046,6.78,4.15,128,0.2,APPROVE - Low fraud risk,0,
influencer_2881,152241,3426,173,12.69,2.25,379,15.9,APPROVE - Low fraud risk,0,
influencer_2882,828648,74,1,9.46,0.01,742,99.6,REJECT - High fraud risk,1,
influencer_2883,2491684,97475,4981,9.96,3.91,1193,3.0,APPROVE - Low fraud risk,0,
influencer_2884,267862,4097,214,2.32,1.53,983,0.0,APPROVE - Low fraud risk,0,
influencer_2885,722704,16358,1310,-2.02,2.26,309,0.0,APPROVE - Low fraud risk,0,
influencer_2886,102844,3265,224,0.44,3.17,1563,0.0,APPROVE - Low fraud risk,0,
influencer_2887,2243492,55166,1660,7.02,2.46,210,1.1,APPROVE - Low fraud risk,0,
influencer_2888,1122349,52607,2393,3.44,4.69,1032,0.2,APPROVE - Low fraud risk,0,
influencer_2889,142168,2903,95,2.88,2.04,1583,0.0,APPROVE - Low fraud risk,0,
influencer_2890,775439,419,14,24.51,0.05,210,100.0,REJECT - High fraud risk,1,
influencer_2891,140244,3681,197,12.03,2.62,1338,3.2,APPROVE - Low fraud risk,0,
influencer_2892,143207,2346,150,4.04,1.64,638,0.0,APPROVE - Low fraud risk,0,
influencer_2893,187137,9303,3017,7.2,4.97,533,98.3,REJECT - High fraud risk,1,
influencer_2894,2153438,67988,3201,-6.95,3.16,918,0.0,APPROVE - Low fraud risk,0,
influencer_2895,587758,6739,253,4.14,1.15,676,0.3,APPROVE - Low fraud risk,0,
influencer_2896,76278,1858,92,2.1,2.44,597,0.3,APPROVE - Low fraud risk,0,
influencer_2897,835654,11541,344,0.1,1.38,1408,0.0,APPROVE - Low fraud risk,0,
influencer_2898,700269,10659,294,-1.49,1.52,766,0.0,APPROVE - Low fraud risk,0,
influencer_2899,831261,31127,1430,4.95,3.74,1577,0.0,APPROVE - Low fraud risk,0,
influencer_2900,96747,2486,153,-4.09,2.57,984,0.0,APPROVE - Low fraud risk,0,
influencer_2901,191788,3146,32,5.63,1.64,1982,1.0,APPROVE - Low fraud risk,0,
influencer_2902,1135375,27334,1720,2.19,2.41,70,0.1,APPROVE - Low fraud risk,0,
influencer_2903,899527,26708,1238,-1.8,2.97,128,0.0,APPROVE - Low fraud risk,0,
influencer_2904,224661,4313,124,-1.67,1.92,140,0.0,APPROVE - Low fraud risk,0,
influencer_2905,253263,5849,310,6.56,2.31,66,1.3,APPROVE - Low fraud risk,0,
influencer_2906,928359,21090,1329,-0.75,2.27,120,0.0,APPROVE - Low fraud risk,0,
influencer_2907,464461,18183,944,4.4,3.91,1975,0.0,APPROVE - Low fraud risk,0,
influencer_2908,153537,5542,334,0.9,3.61,314,0.0,APPROVE - Low fraud risk,0,
influencer_2909,697913,25913,513,8.34,3.71,907,0.3,APPROVE - Low fraud risk,0,
influencer_2910,134501,5787,210,4.21,4.3,1268,0.0,APPROVE - Low fraud risk,0,
influencer_2911,1010500,39542,1650,2.33,3.91,852,0.4,APPROVE - Low fraud risk,0,
influencer_2912,608062,28808,1526,7.72,4.74,1988,0.1,APPROVE - Low fraud risk,0,
influencer_2913,350895,5508,226,1.29,1.57,300,0.3,APPROVE - Low fraud risk,0,
influencer_2914,229839,5799,2532,29.4,2.52,333,99.9,REJECT - High fraud risk,1,
influencer_2915,367816,5589,308,8.31,1.52,663,2.4,APPROVE - Low fraud risk,0,
influencer_2916,292519,2331,58,4.39,0.8,1992,1.5,APPROVE - Low fraud risk,0,
influencer_2917,255089,5696,2266,1.7,2.23,514,97.9,REJECT - High fraud risk,1,
influencer_2918,2845112,1637,47,22.98,0.06,574,97.9,REJECT - High fraud risk,1,
influencer_2919,956459,908,21,38.37,0.09,332,100.0,REJECT - High fraud risk,1,
influencer_2920,237190,12539,421,-2.49,5.29,1424,0.0,APPROVE - Low fraud risk,0,
influencer_2921,285072,8012,280,1.28,2.81,1780,0.0,APPROVE - Low fraud risk,0,
influencer_2922,388755,7200,395,1.83,1.85,1031,0.0,APPROVE - Low fraud risk,0,
influencer_2923,395990,6332,125,10.81,1.6,1273,3.3,APPROVE - Low fraud risk,0,
influencer_2924,443872,9465,583,2.18,2.13,1328,0.0,APPROVE - Low fraud risk,0,
influencer_2925,463650,19234,777,-1.34,4.15,361,0.0,APPROVE - Low fraud risk,0,
influencer_2926,176957,7203,331,3.23,4.07,1335,0.0,APPROVE - Low fraud risk,0,
influencer_2927,2503613,60828,2476,8.29,2.43,1255,0.6,APPROVE - Low fraud risk,0,
influencer_2928,258894,7433,210,9.83,2.87,1433,0.4,APPROVE - Low fraud risk,0,
influencer_2929,237830,8512,3926,2.2,3.58,606,97.7,REJECT - High fraud risk,1,
influencer_2930,51178,1687,88,2.18,3.3,1207,0.0,APPROVE - Low fraud risk,0,
influencer_2931,502173,6979,366,6.22,1.39,1176,0.3,APPROVE - Low fraud risk,0,
influencer_2932,212764,1921,116,-1.96,0.9,119,1.0,APPROVE - Low fraud risk,0,
influencer_2933,161660,6426,179,6.39,3.98,530,0.1,APPROVE - Low fraud risk,0,
influencer_2934,182670,4041,209,1.61,2.21,553,0.0,APPROVE - Low fraud risk,0,
influencer_2935,308236,8812,399,-0.36,2.86,1747,0.0,APPROVE - Low fraud risk,0,
influencer_2936,3872704,1861,15,12.62,0.05,75,95.6,REJECT - High fraud risk,1,
influencer_2937,1190638,30975,2115,8.65,2.6,1758,1.7,APPROVE - Low fraud risk,0,
influencer_2938,404438,15304,385,2.85,3.78,1778,0.0,APPROVE - Low fraud risk,0,
influencer_2939,520992,10542,506,7.95,2.02,726,0.8,APPROVE - Low fraud risk,0,
influencer_2940,2476502,68015,4803,-5.6,2.75,1248,0.0,APPROVE - Low fraud risk,0,
influencer_2941,162753,6699,471,0.55,4.12,934,0.0,APPROVE - Low fraud risk,0,
influencer_2942,581755,25321,543,9.51,4.35,226,0.6,APPROVE - Low fraud risk,0,
influencer_2943,36811,454,27,-1.26,1.23,329,1.0,APPROVE - Low fraud risk,0,
influencer_2944,1869242,41818,947,2.62,2.24,236,0.0,APPROVE - Low fraud risk,0,
influencer_2945,198768,4094,103,7.38,2.06,1457,0.0,APPROVE - Low fraud risk,0,
influencer_2946,291897,6031,429,-2.46,2.07,180,0.0,APPROVE - Low fraud risk,0,
influencer_2947,40206,1044,58,5.01,2.6,1582,0.0,APPROVE - Low fraud risk,0,
influencer_2948,511003,15967,501,3.77,3.12,655,0.1,APPROVE - Low fraud risk,0,
influencer_2949,306911,17518,1004,-1.14,5.71,774,0.3,APPROVE - Low fraud risk,0,
influencer_2950,247915,5795,178,-0.78,2.34,205,0.0,APPROVE - Low fraud risk,0,
influencer_2951,880498,10083,433,1.04,1.15,1584,0.0,APPROVE - Low fraud risk,0,
influencer_2952,508947,11920,534,-3.56,2.34,1710,0.0,APPROVE - Low fraud risk,0,
influencer_2953,1042063,27825,1595,2.6,2.67,1325,0.0,APPROVE - Low fraud risk,0,
influencer_2954,1403456,44648,797,7.43,3.18,1282,0.0,APPROVE - Low fraud risk,0,
influencer_2955,331600,5282,156,-5.96,1.59,77,2.3,APPROVE - Low fraud risk,0,
influencer_2956,413554,18349,656,2.11,4.44,850,0.3,APPROVE - Low fraud risk,0,
influencer_2957,212971,11328,570,5.89,5.32,891,0.3,APPROVE - Low fraud risk,0,
influencer_2958,631010,24183,1425,3.98,3.83,815,0.2,APPROVE - Low fraud risk,0,
influencer_2959,1821643,41017,1383,5.98,2.25,817,1.0,APPROVE - Low fraud risk,0,
influencer_2960,37530,1235,61,6.37,3.29,1212,0.0,APPROVE - Low fraud risk,0,
influencer_2961,2147751,65664,3297,0.27,3.06,184,0.2,APPROVE - Low fraud risk,0,
influencer_2962,93087,2000,50,-0.21,2.15,1556,0.0,APPROVE - Low fraud risk,0,
influencer_2963,951746,43872,2752,3.11,4.61,1746,0.2,APPROVE - Low fraud risk,0,
influencer_2964,338148,9747,424,-1.36,2.88,288,0.0,APPROVE - Low fraud risk,0,
influencer_2965,546704,11794,384,7.27,2.16,1108,0.0,APPROVE - Low fraud risk,0,
influencer_2966,380084,7288,1,-2.47,1.92,1358,2.3,APPROVE - Low fraud risk,0,
influencer_2967,2151239,43292,1016,0.22,2.01,688,0.0,APPROVE - Low fraud risk,0,
influencer_2968,339960,13158,581,1.91,3.87,1823,0.0,APPROVE - Low fraud risk,0,
influencer_2969,3628211,90574,2156,1.41,2.5,1130,0.0,APPROVE - Low fraud risk,0,
influencer_2970,2419309,500,6,12.9,0.02,35,98.6,REJECT - High fraud risk,1,
influencer_2971,297148,7923,147,1.32,2.67,762,0.1,APPROVE - Low fraud risk,0,
influencer_2972,414484,23056,940,5.36,5.56,1880,0.0,APPROVE - Low fraud risk,0,
influencer_2973,325415,10550,505,1.67,3.24,437,0.1,APPROVE - Low fraud risk,0,
influencer_2974,1162746,23035,774,11.95,1.98,1950,5.2,APPROVE - Low fraud risk,0,
influencer_2975,1291353,28872,1589,7.51,2.24,1735,0.4,APPROVE - Low fraud risk,0,
influencer_2976,443387,10280,617,2.42,2.32,1351,0.0,APPROVE - Low fraud risk,0,
influencer_2977,728951,26998,1403,1.68,3.7,441,0.2,APPROVE - Low fraud risk,0,
influencer_2978,197696,11090,575,5.85,5.61,68,0.5,APPROVE - Low fraud risk,0,
influencer_2979,887012,11021,478,12.83,1.24,458,16.0,APPROVE - Low fraud risk,0,
influencer_2980,139480,5096,1912,7.69,3.65,816,92.8,REJECT - High fraud risk,1,
influencer_2981,57642,1230,67,-1.26,2.13,688,0.0,APPROVE - Low fraud risk,0,
influencer_2982,1176766,39894,1813,7.26,3.39,384,0.5,APPROVE - Low fraud risk,0,
influencer_2983,2299522,71502,4403,3.27,3.11,1332,0.2,APPROVE - Low fraud risk,0,
influencer_2984,956930,32869,1911,5.46,3.43,1421,0.1,APPROVE - Low fraud risk,0,
influencer_2985,348205,7035,242,-6.33,2.02,1926,0.3,APPROVE - Low fraud risk,0,
influencer_2986,1367929,24594,1320,9.02,1.8,1930,0.3,APPROVE - Low fraud risk,0,
influencer_2987,201924,5664,326,9.64,2.81,1696,0.3,APPROVE - Low fraud risk,0,
influencer_2988,671136,29659,681,5.7,4.42,1421,0.0,APPROVE - Low fraud risk,0,
influencer_2989,32552,558,43,7.29,1.72,1566,0.3,APPROVE - Low fraud risk,0,
influencer_2990,1060685,22989,1051,-0.17,2.17,1624,0.0,APPROVE - Low fraud risk,0,
influencer_2991,77050,1958,136,9.14,2.54,1507,0.6,APPROVE - Low fraud risk,0,
influencer_2992,660649,12208,691,2.05,1.85,1745,0.0,APPROVE - Low fraud risk,0,
influencer_2993,5000000,107881,4233,1.25,2.16,1274,0.2,APPROVE - Low fraud risk,0,
influencer_2994,120813,3998,85,4.27,3.31,211,0.1,APPROVE - Low fraud risk,0,
influencer_2995,168683,5308,349,2.36,3.15,629,0.1,APPROVE - Low fraud risk,0,
influencer_2996,190244,5471,251,1.59,2.88,654,0.1,APPROVE - Low fraud risk,0,
influencer_2997,1990988,34959,1954,7.52,1.76,567,1.6,APPROVE - Low fraud risk,0,
influencer_2998,2617763,29042,1472,-4.54,1.11,134,1.5,APPROVE - Low fraud risk,0,
influencer_2999,2282397,56,2,35.63,0.0,441,100.0,REJECT - High fraud risk,1,
influencer_3000,94401,3341,156,2.89,3.54,1921,0.0,APPROVE - Low fraud risk,0,
influencer_3001,593812,177,5,12.7,0.03,336,99.3,REJECT - High fraud risk,1,
influencer_3002,527026,6474,428,3.69,1.23,464,0.0,APPROVE - Low fraud risk,0,
influencer_3003,1248404,136,3,20.37,0.01,199,100.0,REJECT - High fraud risk,1,
influencer_3004,597586,12791,598,5.15,2.14,445,0.0,APPROVE - Low fraud risk,0,
influencer_3005,212869,7381,120,2.22,3.47,1034,0.0,APPROVE - Low fraud risk,0,
influencer_3006,1932413,42964,2555,4.05,2.22,1949,0.0,APPROVE - Low fraud risk,0,
influencer_3007,48938,1095,93,5.34,2.24,1250,0.0,APPROVE - Low fraud risk,0,
influencer_3008,1673104,72445,1874,4.53,4.33,1509,0.0,APPROVE - Low fraud risk,0,
influencer_3009,2265737,94110,6378,11.59,4.15,1762,6.0,APPROVE - Low fraud risk,0,
influencer_3010,755904,13552,408,4.71,1.79,1961,0.0,APPROVE - Low fraud risk,0,
influencer_3011,312797,6956,359,-3.55,2.22,1757,0.0,APPROVE - Low fraud risk,0,
influencer_3012,922792,27270,1191,3.45,2.96,993,0.0,APPROVE - Low fraud risk,0,
influencer_3013,18887,582,32,4.05,3.08,1767,0.0,APPROVE - Low fraud risk,0,
influencer_3014,502036,16170,853,3.77,3.22,617,0.1,APPROVE - Low fraud risk,0,
influencer_3015,263576,6551,183,5.08,2.49,1664,0.0,APPROVE - Low fraud risk,0,
influencer_3016,140148,3962,109,0.46,2.83,1247,0.0,APPROVE - Low fraud risk,0,
influencer_3017,218879,4187,67,1.16,1.91,1289,0.0,APPROVE - Low fraud risk,0,
influencer_3018,291369,7070,273,1.65,2.43,699,0.0,APPROVE - Low fraud risk,0,
influencer_3019,1407439,39430,2135,4.14,2.8,1041,0.0,APPROVE - Low fraud risk,0,
influencer_3020,43974,388,84,17.99,0.88,952,65.8,MANUAL REVIEW - Audit history,1,
influencer_3021,239545,5720,384,1.88,2.39,1400,0.0,APPROVE - Low fraud risk,0,
influencer_3022,250715,7729,364,5.12,3.08,1676,0.0,APPROVE - Low fraud risk,0,
influencer_3023,405709,13922,551,0.86,3.43,87,0.0,APPROVE - Low fraud risk,0,
influencer_3024,334583,5378,422,5.86,1.61,1367,0.0,APPROVE - Low fraud risk,0,
influencer_3025,1848803,48599,2825,6.28,2.63,268,0.2,APPROVE - Low fraud risk,0,
influencer_3026,131907,1894,132,-0.11,1.44,754,0.0,APPROVE - Low fraud risk,0,
influencer_3027,1370024,35263,1619,1.81,2.57,254,1.4,APPROVE - Low fraud risk,0,
influencer_3028,684289,15378,336,2.93,2.25,180,0.0,APPROVE - Low fraud risk,0,
influencer_3029,669073,8427,411,2.44,1.26,303,0.0,APPROVE - Low fraud risk,0,
influencer_3030,229992,5955,383,5.29,2.59,791,0.0,APPROVE - Low fraud risk,0,
influencer_3031,163019,8403,479,7.82,5.15,118,0.5,APPROVE - Low fraud risk,0,
influencer_3032,310956,6560,329,0.42,2.11,767,0.0,APPROVE - Low fraud risk,0,
influencer_3033,281148,8333,257,8.51,2.96,299,0.1,APPROVE - Low fraud risk,0,
influencer_3034,5000000,16492,506,9.16,0.33,1176,14.7,APPROVE - Low fraud risk,0,
influencer_3035,799648,15284,574,6.5,1.91,202,0.3,APPROVE - Low fraud risk,0,
influencer_3036,170712,9207,387,-0.26,5.39,1499,0.0,APPROVE - Low fraud risk,0,
influencer_3037,5000000,113497,1742,3.19,2.27,773,0.2,APPROVE - Low fraud risk,0,
influencer_3038,2438926,43813,2454,6.16,1.8,1135,0.0,APPROVE - Low fraud risk,0,
influencer_3039,77779,1276,27,2.84,1.64,903,0.3,APPROVE - Low fraud risk,0,
influencer_3040,173125,4394,245,1.62,2.54,208,0.0,APPROVE - Low fraud risk,0,
influencer_3041,676326,17828,1157,-2.11,2.64,61,1.7,APPROVE - Low fraud risk,0,
influencer_3042,920014,42482,2025,3.75,4.62,1745,0.0,APPROVE - Low fraud risk,0,
influencer_3043,441736,16325,926,7.15,3.7,1689,0.0,APPROVE - Low fraud risk,0,
influencer_3044,824726,21039,882,-3.09,2.55,164,0.0,APPROVE - Low fraud risk,0,
influencer_3045,1118860,635,19,11.43,0.06,299,98.5,REJECT - High fraud risk,1,
influencer_3046,1016497,15180,520,-1.5,1.49,1691,0.0,APPROVE - Low fraud risk,0,
influencer_3047,639462,2381,63,26.76,0.37,266,72.4,MANUAL REVIEW - Audit history,1,
influencer_3048,217900,6042,274,0.57,2.77,1816,0.0,APPROVE - Low fraud risk,0,
influencer_3049,202145,6244,240,9.46,3.09,1468,0.0,APPROVE - Low fraud risk,0,
influencer_3050,579053,6897,206,-1.79,1.19,1641,0.0,APPROVE - Low fraud risk,0,
influencer_3051,769900,13612,660,4.01,1.77,1735,0.0,APPROVE - Low fraud risk,0,
influencer_3052,503925,13365,393,-1.02,2.65,1575,0.0,APPROVE - Low fraud risk,0,
influencer_3053,5000000,133690,8917,4.17,2.67,194,0.4,APPROVE - Low fraud risk,0,
influencer_3054,619949,310,11,10.39,0.05,459,99.4,REJECT - High fraud risk,1,
influencer_3055,64923,2404,83,-1.91,3.7,589,0.0,APPROVE - Low fraud risk,0,
influencer_3056,2797549,40888,2459,-2.26,1.46,1039,0.0,APPROVE - Low fraud risk,0,
influencer_3057,353898,19884,1411,-3.37,5.62,1032,1.7,APPROVE - Low fraud risk,0,
influencer_3058,890018,25802,5575,19.29,2.9,71,97.1,REJECT - High fraud risk,1,
influencer_3059,1222971,36803,586,2.76,3.01,452,0.1,APPROVE - Low fraud risk,0,
influencer_3060,422122,13173,336,-1.92,3.12,1600,0.0,APPROVE - Low fraud risk,0,
influencer_3061,631209,22963,1524,3.17,3.64,141,0.3,APPROVE - Low fraud risk,0,
influencer_3062,168777,5224,175,1.56,3.1,271,0.1,APPROVE - Low fraud risk,0,
influencer_3063,911184,33187,1025,4.19,3.64,1426,0.0,APPROVE - Low fraud risk,0,
influencer_3064,2183188,63381,1785,3.24,2.9,1884,0.0,APPROVE - Low fraud risk,0,
influencer_3065,586717,11629,669,3.34,1.98,1207,0.0,APPROVE - Low fraud risk,0,
influencer_3066,772387,22731,1371,9.23,2.94,1070,1.8,APPROVE - Low fraud risk,0,
influencer_3067,211271,6544,339,4.07,3.1,464,0.1,APPROVE - Low fraud risk,0,
influencer_3068,1176853,28539,1282,4.38,2.43,511,0.0,APPROVE - Low fraud risk,0,
influencer_3069,129297,2629,116,0.14,2.03,1645,0.0,APPROVE - Low fraud risk,0,
influencer_3070,647128,17435,1157,6.15,2.69,1356,0.0,APPROVE - Low fraud risk,0,
influencer_3071,78913,4193,272,4.2,5.31,1500,0.0,APPROVE - Low fraud risk,0,
influencer_3072,424652,20744,1038,6.39,4.88,1688,0.0,APPROVE - Low fraud risk,0,
influencer_3073,1831883,46234,2479,10.37,2.52,1233,3.2,APPROVE - Low fraud risk,0,
influencer_3074,449616,13320,570,-2.49,2.96,752,0.0,APPROVE - Low fraud risk,0,
influencer_3075,203374,4123,1817,2.4,2.03,1125,89.7,REJECT - High fraud risk,1,
influencer_3076,1201245,35815,2587,-3.07,2.98,826,1.6,APPROVE - Low fraud risk,0,
influencer_3077,1717177,31191,1600,4.35,1.82,1203,0.1,APPROVE - Low fraud risk,0,
influencer_3078,583640,14180,766,5.16,2.43,763,0.0,APPROVE - Low fraud risk,0,
influencer_3079,519198,380,9,2.37,0.07,444,100.0,REJECT - High fraud risk,1,
influencer_3080,89295,4247,235,-2.62,4.76,92,0.7,APPROVE - Low fraud risk,0,
influencer_3081,1014704,44551,1933,3.99,4.39,1459,0.0,APPROVE - Low fraud risk,0,
influencer_3082,5000000,176229,8277,-6.35,3.52,1708,0.7,APPROVE - Low fraud risk,0,
influencer_3083,962140,476,16,41.32,0.05,804,100.0,REJECT - High fraud risk,1,
influencer_3084,268664,9882,392,0.81,3.68,695,0.0,APPROVE - Low fraud risk,0,
influencer_3085,67559,235,11,5.56,0.35,1306,29.5,CAUTION - Monitor 2-4 weeks,0,
influencer_3086,80835,3871,95,2.31,4.79,1022,0.3,APPROVE - Low fraud risk,0,
influencer_3087,1644555,52760,2584,-2.05,3.21,562,0.4,APPROVE - Low fraud risk,0,
influencer_3088,90533,3508,37,8.58,3.87,1284,0.3,APPROVE - Low fraud risk,0,
influencer_3089,58388,1969,52,-1.16,3.37,920,0.0,APPROVE - Low fraud risk,0,
influencer_3090,719779,17707,1194,6.32,2.46,1132,0.0,APPROVE - Low fraud risk,0,
influencer_3091,668351,27490,930,11.13,4.11,129,5.1,APPROVE - Low fraud risk,0,
influencer_3092,1279126,47065,1807,-2.83,3.68,392,0.4,APPROVE - Low fraud risk,0,
influencer_3093,232418,7203,341,-2.66,3.1,397,0.0,APPROVE - Low fraud risk,0,
influencer_3094,442454,11266,390,7.15,2.55,401,0.0,APPROVE - Low fraud risk,0,
influencer_3095,31130,1292,56,-1.47,4.15,1108,0.0,APPROVE - Low fraud risk,0,
influencer_3096,130655,4084,105,5.52,3.13,1085,0.3,APPROVE - Low fraud risk,0,
influencer_3097,257637,11683,539,2.5,4.53,1190,0.0,APPROVE - Low fraud risk,0,
influencer_3098,2086288,37594,809,5.07,1.8,842,0.0,APPROVE - Low fraud risk,0,
influencer_3099,2958181,84557,2050,4.13,2.86,1346,0.0,APPROVE - Low fraud risk,0,
influencer_3100,430004,17253,1044,-2.39,4.01,519,0.0,APPROVE - Low fraud risk,0,
influencer_3101,2345676,42673,1598,5.04,1.82,68,1.4,APPROVE - Low fraud risk,0,
influencer_3102,435932,10543,420,2.27,2.42,590,0.0,APPROVE - Low fraud risk,0,
influencer_3103,914824,21161,1459,0.94,2.31,326,0.0,APPROVE - Low fraud risk,0,
influencer_3104,212095,6815,172,3.6,3.21,1884,0.0,APPROVE - Low fraud risk,0,
influencer_3105,411865,11827,911,8.34,2.87,1068,0.6,APPROVE - Low fraud risk,0,
influencer_3106,550420,16009,735,0.04,2.91,1863,0.0,APPROVE - Low fraud risk,0,
influencer_3107,661317,19891,1244,-0.85,3.01,639,0.0,APPROVE - Low fraud risk,0,
influencer_3108,367124,15062,677,0.87,4.1,1578,0.0,APPROVE - Low fraud risk,0,
influencer_3109,3015640,1589,51,29.66,0.05,585,97.3,REJECT - High fraud risk,1,
influencer_3110,2127023,38038,1208,1.21,1.79,594,0.0,APPROVE - Low fraud risk,0,
influencer_3111,1132189,21189,1702,2.25,1.87,678,0.2,APPROVE - Low fraud risk,0,
influencer_3112,1635833,62681,2896,1.87,3.83,1750,0.2,APPROVE - Low fraud risk,0,
influencer_3113,166319,4876,2455,-3.19,2.93,246,98.2,REJECT - High fraud risk,1,
influencer_3114,84732,1564,65,3.59,1.85,1117,0.0,APPROVE - Low fraud risk,0,
influencer_3115,749873,7849,512,-2.11,1.05,64,1.7,APPROVE - Low fraud risk,0,
influencer_3116,447428,12920,788,3.25,2.89,318,0.1,APPROVE - Low fraud risk,0,
influencer_3117,498156,8171,468,1.0,1.64,893,0.0,APPROVE - Low fraud risk,0,
influencer_3118,570581,24893,1261,4.12,4.36,1225,0.0,APPROVE - Low fraud risk,0,
influencer_3119,1449555,24219,1564,-0.03,1.67,696,0.2,APPROVE - Low fraud risk,0,
influencer_3120,2253757,26639,2020,4.65,1.18,195,1.0,APPROVE - Low fraud risk,0,
influencer_3121,3968391,125567,7168,4.49,3.16,1529,0.4,APPROVE - Low fraud risk,0,
influencer_3122,163753,4136,227,-5.88,2.53,880,0.3,APPROVE - Low fraud risk,0,
influencer_3123,441481,10945,512,-3.1,2.48,385,0.0,APPROVE - Low fraud risk,0,
influencer_3124,2252178,63287,4997,3.52,2.81,503,0.6,APPROVE - Low fraud risk,0,
influencer_3125,813847,30160,1052,2.97,3.71,1475,0.0,APPROVE - Low fraud risk,0,
influencer_3126,497919,17326,1079,-2.41,3.48,594,0.0,APPROVE - Low fraud risk,0,
influencer_3127,1055341,34962,1267,0.91,3.31,1513,0.0,APPROVE - Low fraud risk,0,
influencer_3128,32343,413,27,4.62,1.28,1588,0.3,APPROVE - Low fraud risk,0,
influencer_3129,1146891,48740,332,-0.04,4.25,1753,0.0,APPROVE - Low fraud risk,0,
influencer_3130,46866,2747,178,14.15,5.86,795,3.6,APPROVE - Low fraud risk,0,
influencer_3131,618199,15371,533,-0.21,2.49,66,0.0,APPROVE - Low fraud risk,0,
influencer_3132,217963,2195,77,10.33,1.01,1607,3.8,APPROVE - Low fraud risk,0,
influencer_3133,1239509,44676,1942,-6.78,3.6,1372,0.0,APPROVE - Low fraud risk,0,
influencer_3134,541272,11696,669,5.74,2.16,901,0.3,APPROVE - Low fraud risk,0,
influencer_3135,860327,910,30,24.11,0.11,183,100.0,REJECT - High fraud risk,1,
influencer_3136,1673575,50311,1989,0.68,3.01,883,0.4,APPROVE - Low fraud risk,0,
influencer_3137,793147,35860,1725,-1.12,4.52,990,0.0,APPROVE - Low fraud risk,0,
influencer_3138,2473612,66191,4625,1.7,2.68,475,1.6,APPROVE - Low fraud risk,0,
influencer_3139,660917,772,22,27.83,0.12,899,99.3,REJECT - High fraud risk,1,
influencer_3140,359002,7808,384,-0.0,2.17,978,0.0,APPROVE - Low fraud risk,0,
influencer_3141,849931,37425,1544,5.82,4.4,501,0.7,APPROVE - Low fraud risk,0,
influencer_3142,2396049,98818,4462,1.63,4.12,903,0.8,APPROVE - Low fraud risk,0,
influencer_3143,783098,19473,968,-1.12,2.49,129,0.3,APPROVE - Low fraud risk,0,
influencer_3144,672008,26266,1004,3.1,3.91,1237,0.0,APPROVE - Low fraud risk,0,
influencer_3145,2208842,67255,3053,7.09,3.04,1920,0.0,APPROVE - Low fraud risk,0,
influencer_3146,375916,12583,456,0.56,3.35,805,0.0,APPROVE - Low fraud risk,0,
influencer_3147,5000000,15660,1011,6.63,0.31,1821,20.3,APPROVE - Low fraud risk,0,
influencer_3148,657796,16478,1069,-4.26,2.5,992,0.0,APPROVE - Low fraud risk,0,
influencer_3149,788278,28218,816,5.08,3.58,1409,0.0,APPROVE - Low fraud risk,0,
influencer_3150,884420,28607,9354,15.75,3.23,1047,97.8,REJECT - High fraud risk,1,
influencer_3151,153988,6649,386,1.12,4.32,1757,0.0,APPROVE - Low fraud risk,0,
influencer_3152,293377,3957,247,1.03,1.35,280,0.0,APPROVE - Low fraud risk,0,
influencer_3153,666875,18538,928,-0.78,2.78,1265,0.0,APPROVE - Low fraud risk,0,
influencer_3154,1895048,31161,1095,3.03,1.64,1355,0.0,APPROVE - Low fraud risk,0,
influencer_3155,724263,32112,2077,1.75,4.43,1213,1.3,APPROVE - Low fraud risk,0,
influencer_3156,1444531,47172,2529,6.31,3.27,1776,0.0,APPROVE - Low fraud risk,0,
influencer_3157,895457,33063,1573,3.26,3.69,865,0.4,APPROVE - Low fraud risk,0,
influencer_3158,180822,3507,89,5.52,1.94,1826,0.0,APPROVE - Low fraud risk,0,
influencer_3159,1997876,48527,2720,3.28,2.43,494,0.0,APPROVE - Low fraud risk,0,
influencer_3160,2001839,26065,1816,-1.3,1.3,281,0.2,APPROVE - Low fraud risk,0,
influencer_3161,3172367,55902,3086,3.87,1.76,1012,0.0,APPROVE - Low fraud risk,0,
influencer_3162,359508,102,3,5.1,0.03,209,99.6,REJECT - High fraud risk,1,
influencer_3163,567188,6933,491,-1.87,1.22,1552,0.0,APPROVE - Low fraud risk,0,
influencer_3164,593951,16311,701,3.55,2.75,1912,0.0,APPROVE - Low fraud risk,0,
influencer_3165,286899,8411,312,1.37,2.93,636,0.1,APPROVE - Low fraud risk,0,
influencer_3166,94126,1535,38,6.49,1.63,62,5.6,APPROVE - Low fraud risk,0,
influencer_3167,1860619,60034,13527,15.97,3.23,227,96.5,REJECT - High fraud risk,1,
influencer_3168,561856,11595,764,-5.75,2.06,520,0.3,APPROVE - Low fraud risk,0,
influencer_3169,255448,5664,231,7.21,2.22,1504,0.0,APPROVE - Low fraud risk,0,
influencer_3170,257578,11185,441,7.99,4.34,373,0.5,APPROVE - Low fraud risk,0,
influencer_3171,804732,30931,1039,13.77,3.84,1356,5.6,APPROVE - Low fraud risk,0,
influencer_3172,742944,28921,1344,5.71,3.89,192,0.6,APPROVE - Low fraud risk,0,
influencer_3173,376176,6434,393,-3.47,1.71,1880,0.0,APPROVE - Low fraud risk,0,
influencer_3174,236088,8254,103,2.37,3.5,1450,0.0,APPROVE - Low fraud risk,0,
influencer_3175,241710,8396,389,3.12,3.47,849,0.3,APPROVE - Low fraud risk,0,
influencer_3176,1152840,1604,38,23.11,0.14,322,98.6,REJECT - High fraud risk,1,
influencer_3177,398530,1212,19,3.71,0.3,1706,43.2,CAUTION - Monitor 2-4 weeks,0,
influencer_3178,303439,11921,785,2.73,3.93,1437,0.0,APPROVE - Low fraud risk,0,
influencer_3179,330772,12879,5735,12.26,3.89,504,97.9,REJECT - High fraud risk,1,
influencer_3180,3152433,171804,10345,2.68,5.45,1856,0.2,APPROVE - Low fraud risk,0,
influencer_3181,359148,13462,531,5.65,3.75,118,0.1,APPROVE - Low fraud risk,0,
influencer_3182,417219,10452,609,8.44,2.51,997,1.2,APPROVE - Low fraud risk,0,
influencer_3183,110923,2523,819,7.88,2.27,46,88.7,REJECT - High fraud risk,1,
influencer_3184,199947,5370,288,7.32,2.69,1940,0.3,APPROVE - Low fraud risk,0,
influencer_3185,717118,2088,120,5.71,0.29,362,62.1,MANUAL REVIEW - Audit history,1,
influencer_3186,962736,37903,1704,-0.63,3.94,1521,0.0,APPROVE - Low fraud risk,0,
influencer_3187,686261,15609,841,11.2,2.27,625,7.2,APPROVE - Low fraud risk,0,
influencer_3188,290049,13700,6103,13.56,4.72,824,96.6,REJECT - High fraud risk,1,
influencer_3189,99085,2425,129,0.26,2.45,105,0.0,APPROVE - Low fraud risk,0,
influencer_3190,306232,11259,283,7.48,3.68,275,0.1,APPROVE - Low fraud risk,0,
influencer_3191,485594,19049,1385,3.19,3.92,1745,0.0,APPROVE - Low fraud risk,0,
influencer_3192,178193,4149,253,3.33,2.33,778,0.0,APPROVE - Low fraud risk,0,
influencer_3193,521826,8145,289,3.21,1.56,1734,0.0,APPROVE - Low fraud risk,0,
influencer_3194,144503,2979,115,-3.14,2.06,334,0.0,APPROVE - Low fraud risk,0,
influencer_3195,274046,9869,487,2.77,3.6,1207,0.0,APPROVE - Low fraud risk,0,
influencer_3196,165637,5265,199,9.84,3.18,811,0.3,APPROVE - Low fraud risk,0,
influencer_3197,175989,4003,200,-0.7,2.27,1380,0.0,APPROVE - Low fraud risk,0,
influencer_3198,176370,6233,261,4.92,3.53,514,0.1,APPROVE - Low fraud risk,0,
influencer_3199,1342454,23417,1539,0.28,1.74,1560,0.0,APPROVE - Low fraud risk,0,
influencer_3200,391061,14071,923,-0.9,3.6,132,0.0,APPROVE - Low fraud risk,0,
influencer_3201,400530,514,17,12.71,0.13,134,99.3,REJECT - High fraud risk,1,
influencer_3202,182315,7052,150,4.57,3.87,1333,0.0,APPROVE - Low fraud risk,0,
influencer_3203,249034,8023,452,5.22,3.22,813,0.1,APPROVE - Low fraud risk,0,
influencer_3204,550819,13961,777,2.03,2.53,1988,0.0,APPROVE - Low fraud risk,0,
influencer_3205,448902,13055,324,2.79,2.91,363,0.5,APPROVE - Low fraud risk,0,
influencer_3206,324138,3285,96,2.91,1.01,547,0.3,APPROVE - Low fraud risk,0,
influencer_3207,1528757,29228,2455,1.62,1.91,1202,1.6,APPROVE - Low fraud risk,0,
influencer_3208,474161,14789,567,5.52,3.12,1725,0.3,APPROVE - Low fraud risk,0,
influencer_3209,311446,7822,575,3.4,2.51,543,0.0,APPROVE - Low fraud risk,0,
influencer_3210,1365775,38540,1459,5.18,2.82,583,0.6,APPROVE - Low fraud risk,0,
influencer_3211,1055882,46306,2152,-2.84,4.39,1733,0.0,APPROVE - Low fraud risk,0,
influencer_3212,491140,236,6,12.59,0.05,329,99.3,REJECT - High fraud risk,1,
influencer_3213,106285,4652,294,2.04,4.38,384,0.1,APPROVE - Low fraud risk,0,
influencer_3214,761294,22241,1141,2.96,2.92,1853,0.0,APPROVE - Low fraud risk,0,
influencer_3215,404652,14631,1051,8.22,3.62,144,0.8,APPROVE - Low fraud risk,0,
influencer_3216,115764,6469,336,1.61,5.59,482,0.1,APPROVE - Low fraud risk,0,
influencer_3217,402654,8700,281,0.87,2.16,1396,0.0,APPROVE - Low fraud risk,0,
influencer_3218,638181,23413,1130,2.61,3.67,1297,0.0,APPROVE - Low fraud risk,0,
influencer_3219,316943,4649,353,11.43,1.47,1157,7.0,APPROVE - Low fraud risk,0,
influencer_3220,82916,2430,46,0.64,2.93,1950,0.0,APPROVE - Low fraud risk,0,
influencer_3221,3638122,92681,6014,3.96,2.55,1047,0.4,APPROVE - Low fraud risk,0,
influencer_3222,713449,14867,422,-3.74,2.08,773,0.0,APPROVE - Low fraud risk,0,
influencer_3223,1061144,176,7,15.3,0.02,471,100.0,REJECT - High fraud risk,1,
influencer_3224,153446,6129,399,-0.01,3.99,426,0.0,APPROVE - Low fraud risk,0,
influencer_3225,494643,13528,545,3.25,2.73,584,0.1,APPROVE - Low fraud risk,0,
influencer_3226,390629,12235,648,0.32,3.13,1310,0.0,APPROVE - Low fraud risk,0,
influencer_3227,221496,6058,319,0.14,2.73,1599,0.0,APPROVE - Low fraud risk,0,
influencer_3228,256844,7208,543,-1.51,2.81,420,0.0,APPROVE - Low fraud risk,0,
influencer_3229,612963,26009,1633,-1.73,4.24,1129,0.0,APPROVE - Low fraud risk,0,
influencer_3230,1518031,46407,2778,5.83,3.06,259,1.0,APPROVE - Low fraud risk,0,
influencer_3231,699419,17625,693,1.71,2.52,411,0.0,APPROVE - Low fraud risk,0,
influencer_3232,285628,9019,63,-5.29,3.16,1428,0.0,APPROVE - Low fraud risk,0,
influencer_3233,614651,10384,414,4.18,1.69,572,0.0,APPROVE - Low fraud risk,0,
influencer_3234,176921,8616,2255,-0.86,4.87,726,94.7,REJECT - High fraud risk,1,
influencer_3235,119177,3110,157,5.38,2.61,1604,0.0,APPROVE - Low fraud risk,0,
influencer_3236,314415,8620,247,-1.34,2.74,931,0.0,APPROVE - Low fraud risk,0,
influencer_3237,400006,8253,1281,-9.54,2.06,725,61.9,MANUAL REVIEW - Audit history,1,
influencer_3238,476013,14706,863,8.58,3.09,851,0.9,APPROVE - Low fraud risk,0,
influencer_3239,747995,13295,757,2.35,1.78,1048,0.0,APPROVE - Low fraud risk,0,
influencer_3240,787142,606,8,-5.0,0.08,147,99.6,REJECT - High fraud risk,1,
influencer_3241,386084,5616,296,3.13,1.45,543,0.0,APPROVE - Low fraud risk,0,
influencer_3242,2936846,95936,5391,1.65,3.27,1205,0.9,APPROVE - Low fraud risk,0,
influencer_3243,1159177,34733,534,-0.05,3.0,1560,0.0,APPROVE - Low fraud risk,0,
influencer_3244,352928,9808,292,-2.83,2.78,1553,0.0,APPROVE - Low fraud risk,0,
influencer_3245,388120,20443,612,3.5,5.27,1686,0.0,APPROVE - Low fraud risk,0,
influencer_3246,42393,1592,81,1.56,3.75,1693,0.0,APPROVE - Low fraud risk,0,
influencer_3247,224629,6818,310,4.83,3.04,1009,0.0,APPROVE - Low fraud risk,0,
influencer_3248,344365,8520,515,-2.53,2.47,1650,0.0,APPROVE - Low fraud risk,0,
influencer_3249,723014,18484,621,1.69,2.56,1467,0.0,APPROVE - Low fraud risk,0,
influencer_3250,144100,6512,269,2.47,4.52,367,0.1,APPROVE - Low fraud risk,0,
influencer_3251,999899,36042,2071,5.9,3.6,1392,0.4,APPROVE - Low fraud risk,0,
influencer_3252,182300,3400,212,-4.87,1.87,80,0.3,APPROVE - Low fraud risk,0,
influencer_3253,1039748,15168,889,1.75,1.46,159,0.3,APPROVE - Low fraud risk,0,
influencer_3254,510094,22828,1590,1.11,4.48,1069,0.0,APPROVE - Low fraud risk,0,
influencer_3255,888033,13344,1083,-2.14,1.5,1904,0.3,APPROVE - Low fraud risk,0,
influencer_3256,308004,6824,426,6.07,2.22,990,0.0,APPROVE - Low fraud risk,0,
influencer_3257,3997019,138598,5858,-0.21,3.47,1171,0.2,APPROVE - Low fraud risk,0,
influencer_3258,161211,2154,144,1.43,1.34,841,0.0,APPROVE - Low fraud risk,0,
influencer_3259,272109,9394,518,1.61,3.45,394,0.1,APPROVE - Low fraud risk,0,
influencer_3260,885938,21371,1172,-5.96,2.41,386,0.7,APPROVE - Low fraud risk,0,
influencer_3261,140930,2327,92,4.42,1.65,313,0.0,APPROVE - Low fraud risk,0,
influencer_3262,239693,6569,221,13.88,2.74,1395,7.7,APPROVE - Low fraud risk,0,
influencer_3263,82348,3199,999,24.43,3.88,24,99.2,REJECT - High fraud risk,1,
influencer_3264,579493,13056,667,6.22,2.25,1997,0.0,APPROVE - Low fraud risk,0,
influencer_3265,846192,25687,1271,6.28,3.04,197,0.2,APPROVE - Low fraud risk,0,
influencer_3266,331849,6280,166,1.68,1.89,1281,0.0,APPROVE - Low fraud risk,0,
influencer_3267,536741,12730,588,2.78,2.37,1983,0.0,APPROVE - Low fraud risk,0,
influencer_3268,111804,1228,71,-2.38,1.1,160,1.3,APPROVE - Low fraud risk,0,
influencer_3269,1114863,44529,1696,1.71,3.99,1229,0.0,APPROVE - Low fraud risk,0,
influencer_3270,1868186,48778,1692,-4.31,2.61,68,0.2,APPROVE - Low fraud risk,0,
influencer_3271,581834,12774,639,3.62,2.2,1530,0.0,APPROVE - Low fraud risk,0,
influencer_3272,694698,24573,1049,4.35,3.54,1521,0.0,APPROVE - Low fraud risk,0,
influencer_3273,77696,3447,158,4.16,4.44,970,0.0,APPROVE - Low fraud risk,0,
influencer_3274,63344,1787,45,-8.89,2.82,1490,0.3,APPROVE - Low fraud risk,0,
influencer_3275,2040114,44031,2324,2.6,2.16,1241,0.0,APPROVE - Low fraud risk,0,
influencer_3276,47825,1304,30,10.05,2.73,1701,2.3,APPROVE - Low fraud risk,0,
influencer_3277,456967,9425,430,5.95,2.06,1111,0.0,APPROVE - Low fraud risk,0,
influencer_3278,455230,20774,1074,2.84,4.56,250,0.1,APPROVE - Low fraud risk,0,
influencer_3279,259734,6140,132,4.25,2.36,1736,0.0,APPROVE - Low fraud risk,0,
influencer_3280,472798,12201,150,5.59,2.58,1075,0.0,APPROVE - Low fraud risk,0,
influencer_3281,173273,7625,296,-0.68,4.4,535,0.0,APPROVE - Low fraud risk,0,
influencer_3282,61982,1956,85,10.16,3.16,1521,1.0,APPROVE - Low fraud risk,0,
influencer_3283,191036,7374,384,0.69,3.86,1835,0.0,APPROVE - Low fraud risk,0,
influencer_3284,1050545,37215,1285,3.32,3.54,1309,0.0,APPROVE - Low fraud risk,0,
influencer_3285,640807,278,14,-5.0,0.04,326,100.0,REJECT - High fraud risk,1,
influencer_3286,2711258,134601,7761,5.14,4.96,1322,0.2,APPROVE - Low fraud risk,0,
influencer_3287,337712,7489,499,7.15,2.22,94,0.6,APPROVE - Low fraud risk,0,
influencer_3288,528747,24107,1013,1.62,4.56,1136,0.0,APPROVE - Low fraud risk,0,
influencer_3289,163862,7505,450,6.52,4.58,1041,0.0,APPROVE - Low fraud risk,0,
influencer_3290,720263,31724,19244,4.97,4.4,41,95.5,REJECT - High fraud risk,1,
influencer_3291,682870,11590,617,-1.92,1.7,1323,0.0,APPROVE - Low fraud risk,0,
influencer_3292,429131,10615,1592,27.1,2.47,332,85.5,REJECT - High fraud risk,1,
influencer_3293,247858,11638,577,-1.88,4.7,154,0.0,APPROVE - Low fraud risk,0,
influencer_3294,437479,21975,920,5.61,5.02,256,0.1,APPROVE - Low fraud risk,0,
influencer_3295,4423692,121283,7825,-1.27,2.74,449,0.5,APPROVE - Low fraud risk,0,
influencer_3296,127183,3423,164,4.87,2.69,770,0.1,APPROVE - Low fraud risk,0,
influencer_3297,280698,13462,651,4.33,4.8,969,0.0,APPROVE - Low fraud risk,0,
influencer_3298,80984,3107,153,5.52,3.84,1671,0.0,APPROVE - Low fraud risk,0,
influencer_3299,957565,15637,834,-1.72,1.63,1961,0.0,APPROVE - Low fraud risk,0,
influencer_3300,136033,2463,106,0.19,1.81,412,0.0,APPROVE - Low fraud risk,0,
influencer_3301,1907863,54529,3385,4.08,2.86,1089,0.0,APPROVE - Low fraud risk,0,
influencer_3302,244256,4820,723,-1.64,1.97,142,47.7,CAUTION - Monitor 2-4 weeks,0,
influencer_3303,272271,4315,270,6.53,1.58,143,1.9,APPROVE - Low fraud risk,0,
influencer_3304,65613,2020,31,0.43,3.08,763,0.0,APPROVE - Low fraud risk,0,
influencer_3305,71639,2697,93,-6.38,3.76,515,0.3,APPROVE - Low fraud risk,0,
influencer_3306,945503,24379,4875,16.81,2.58,321,97.1,REJECT - High fraud risk,1,
influencer_3307,80610,2676,138,1.86,3.32,1027,0.0,APPROVE - Low fraud risk,0,
influencer_3308,232063,5921,2293,3.73,2.55,381,97.3,REJECT - High fraud risk,1,
influencer_3309,435418,165,4,13.17,0.04,585,100.0,REJECT - High fraud risk,1,
influencer_3310,1863002,56475,2351,4.67,3.03,1639,0.0,APPROVE - Low fraud risk,0,
influencer_3311,138293,3263,200,8.58,2.36,1571,0.6,APPROVE - Low fraud risk,0,
influencer_3312,59205,2434,106,1.38,4.11,1635,0.0,APPROVE - Low fraud risk,0,
influencer_3313,260288,4313,193,3.81,1.66,986,0.0,APPROVE - Low fraud risk,0,
influencer_3314,1986138,276,11,31.01,0.01,582,100.0,REJECT - High fraud risk,1,
influencer_3315,32228,972,55,5.07,3.02,877,0.3,APPROVE - Low fraud risk,0,
influencer_3316,213806,5484,206,2.92,2.56,113,0.0,APPROVE - Low fraud risk,0,
influencer_3317,3207780,143046,8106,8.4,4.46,1644,0.0,APPROVE - Low fraud risk,0,
influencer_3318,2192494,74758,4738,-4.02,3.41,224,0.5,APPROVE - Low fraud risk,0,
influencer_3319,1149173,40260,2136,5.96,3.5,570,1.0,APPROVE - Low fraud risk,0,
influencer_3320,2571634,67506,3909,6.97,2.63,763,0.5,APPROVE - Low fraud risk,0,
influencer_3321,48831,2607,207,-1.51,5.34,1470,8.7,APPROVE - Low fraud risk,0,
influencer_3322,376852,8713,520,4.91,2.31,794,0.0,APPROVE - Low fraud risk,0,
influencer_3323,1270203,7341,318,6.08,0.58,1069,8.5,APPROVE - Low fraud risk,0,
influencer_3324,341211,12266,87,-1.49,3.59,1830,0.0,APPROVE - Low fraud risk,0,
influencer_3325,294334,11352,3906,17.52,3.86,590,99.6,REJECT - High fraud risk,1,
influencer_3326,77672,2075,69,-0.64,2.67,1423,0.0,APPROVE - Low fraud risk,0,
influencer_3327,338784,9524,681,10.43,2.81,700,3.0,APPROVE - Low fraud risk,0,
influencer_3328,77623,2174,118,6.1,2.8,1258,0.0,APPROVE - Low fraud risk,0,
influencer_3329,126582,2701,153,4.6,2.13,119,0.0,APPROVE - Low fraud risk,0,
influencer_3330,369406,8724,321,2.04,2.36,765,0.0,APPROVE - Low fraud risk,0,
influencer_3331,112879,4345,220,6.81,3.85,1061,0.0,APPROVE - Low fraud risk,0,
influencer_3332,115311,3502,110,7.5,3.04,1142,0.0,APPROVE - Low fraud risk,0,
influencer_3333,2654669,27059,1328,-2.82,1.02,1044,0.4,APPROVE - Low fraud risk,0,
influencer_3334,47984,974,357,35.86,2.03,292,90.8,REJECT - High fraud risk,1,
influencer_3335,640416,13363,935,2.63,2.09,1111,0.0,APPROVE - Low fraud risk,0,
influencer_3336,558430,17411,1162,7.07,3.12,1588,0.0,APPROVE - Low fraud risk,0,
influencer_3337,473595,16692,639,3.52,3.52,1997,0.0,APPROVE - Low fraud risk,0,
influencer_3338,183575,2309,122,0.72,1.26,1542,0.0,APPROVE - Low fraud risk,0,
influencer_3339,83171,2139,321,6.18,2.57,162,48.0,CAUTION - Monitor 2-4 weeks,0,
influencer_3340,1053553,87,3,19.61,0.01,775,100.0,REJECT - High fraud risk,1,
influencer_3341,587367,27052,1323,-4.28,4.61,342,0.0,APPROVE - Low fraud risk,0,
influencer_3342,1272899,41204,3270,8.06,3.24,499,1.4,APPROVE - Low fraud risk,0,
influencer_3343,111821,2751,175,1.19,2.46,1597,0.0,APPROVE - Low fraud risk,0,
influencer_3344,776339,11347,689,0.01,1.46,1441,0.0,APPROVE - Low fraud risk,0,
influencer_3345,181772,1065,26,2.57,0.59,976,14.9,APPROVE - Low fraud risk,0,
influencer_3346,206669,3970,56,9.11,1.92,919,3.0,APPROVE - Low fraud risk,0,
influencer_3347,328175,13354,6581,6.52,4.07,930,96.3,REJECT - High fraud risk,1,
influencer_3348,533753,4585,208,1.73,0.86,953,0.0,APPROVE - Low fraud risk,0,
influencer_3349,1151686,9696,606,10.05,0.84,168,11.9,APPROVE - Low fraud risk,0,
influencer_3350,140834,2899,211,7.6,2.06,1628,0.3,APPROVE - Low fraud risk,0,
influencer_3351,151141,6231,935,16.23,4.12,546,90.0,REJECT - High fraud risk,1,
influencer_3352,210821,8738,402,2.82,4.14,1941,0.0,APPROVE - Low fraud risk,0,
influencer_3353,814962,23975,1429,4.17,2.94,332,0.2,APPROVE - Low fraud risk,0,
influencer_3354,279084,10015,460,-4.47,3.59,1503,0.0,APPROVE - Low fraud risk,0,
influencer_3355,480342,9035,361,-3.58,1.88,1188,0.0,APPROVE - Low fraud risk,0,
influencer_3356,468341,257,11,29.08,0.05,779,100.0,REJECT - High fraud risk,1,
influencer_3357,290712,7914,496,-2.35,2.72,593,0.0,APPROVE - Low fraud risk,0,
influencer_3358,232498,13811,612,0.56,5.94,1966,0.0,APPROVE - Low fraud risk,0,
influencer_3359,905909,24672,1454,2.2,2.72,806,0.2,APPROVE - Low fraud risk,0,
influencer_3360,361007,12786,897,4.75,3.54,1206,0.0,APPROVE - Low fraud risk,0,
influencer_3361,5000000,161253,9508,3.61,3.23,1349,0.2,APPROVE - Low fraud risk,0,
influencer_3362,930212,14745,495,5.08,1.59,112,0.9,APPROVE - Low fraud risk,0,
influencer_3363,3792019,248,10,8.16,0.01,581,99.9,REJECT - High fraud risk,1,
influencer_3364,180190,3941,161,7.11,2.19,1579,0.3,APPROVE - Low fraud risk,0,
influencer_3365,186735,9230,288,-3.16,4.94,897,0.0,APPROVE - Low fraud risk,0,
influencer_3366,188316,5071,239,5.86,2.69,124,0.1,APPROVE - Low fraud risk,0,
influencer_3367,871957,17528,1056,1.73,2.01,73,0.0,APPROVE - Low fraud risk,0,
influencer_3368,233502,7724,332,-1.99,3.31,617,0.0,APPROVE - Low fraud risk,0,
influencer_3369,1590956,41291,1077,8.33,2.6,893,1.8,APPROVE - Low fraud risk,0,
influencer_3370,231221,5698,142,3.65,2.46,982,0.3,APPROVE - Low fraud risk,0,
influencer_3371,51213,1935,899,22.05,3.78,874,95.6,REJECT - High fraud risk,1,
influencer_3372,1291132,33370,1125,5.55,2.58,1556,0.0,APPROVE - Low fraud risk,0,
influencer_3373,102670,3046,141,-1.22,2.97,989,0.0,APPROVE - Low fraud risk,0,
influencer_3374,212980,8385,310,-2.3,3.94,1030,0.0,APPROVE - Low fraud risk,0,
influencer_3375,1740081,45730,2352,0.44,2.63,979,0.4,APPROVE - Low fraud risk,0,
influencer_3376,232185,9179,2073,13.21,3.95,565,98.9,REJECT - High fraud risk,1,
influencer_3377,207808,7315,220,6.73,3.52,707,0.1,APPROVE - Low fraud risk,0,
influencer_3378,863853,735,28,33.39,0.09,672,100.0,REJECT - High fraud risk,1,
influencer_3379,973919,26698,1291,4.3,2.74,468,0.2,APPROVE - Low fraud risk,0,
influencer_3380,1010821,95,3,10.62,0.01,165,98.8,REJECT - High fraud risk,1,
influencer_3381,646359,25857,688,1.89,4.0,1037,0.0,APPROVE - Low fraud risk,0,
influencer_3382,5000000,844,25,35.67,0.02,785,98.3,REJECT - High fraud risk,1,
influencer_3383,1074869,42763,2776,12.68,3.98,1410,5.3,APPROVE - Low fraud risk,0,
influencer_3384,286425,6500,282,-2.36,2.27,1612,0.0,APPROVE - Low fraud risk,0,
influencer_3385,563173,17604,529,-2.12,3.13,1982,0.0,APPROVE - Low fraud risk,0,
influencer_3386,437978,17441,5245,32.63,3.98,100,99.9,REJECT - High fraud risk,1,
influencer_3387,2359288,39934,757,0.67,1.69,1513,0.0,APPROVE - Low fraud risk,0,
influencer_3388,259384,8757,388,-4.48,3.38,200,0.0,APPROVE - Low fraud risk,0,
influencer_3389,5000000,142180,6252,4.2,2.84,1746,0.4,APPROVE - Low fraud risk,0,
influencer_3390,1067458,31081,1714,1.01,2.91,326,0.4,APPROVE - Low fraud risk,0,
influencer_3391,239497,9167,3477,4.66,3.83,146,98.7,REJECT - High fraud risk,1,
influencer_3392,345250,10349,638,3.7,3.0,1070,0.0,APPROVE - Low fraud risk,0,
influencer_3393,287116,10693,352,2.14,3.72,1183,0.0,APPROVE - Low fraud risk,0,
influencer_3394,1633765,39161,1901,-0.28,2.4,1920,0.0,APPROVE - Low fraud risk,0,
influencer_3395,656499,18144,745,3.25,2.76,1016,0.0,APPROVE - Low fraud risk,0,
influencer_3396,434295,17449,735,6.21,4.02,311,0.1,APPROVE - Low fraud risk,0,
influencer_3397,17612,89,3,7.64,0.5,464,37.2,CAUTION - Monitor 2-4 weeks,0,
influencer_3398,177205,8526,325,0.98,4.81,276,0.0,APPROVE - Low fraud risk,0,
influencer_3399,232607,4151,1089,20.15,1.78,848,93.9,REJECT - High fraud risk,1,
influencer_3400,116136,3094,155,-4.37,2.66,1779,0.0,APPROVE - Low fraud risk,0,
influencer_3401,668842,22127,592,4.09,3.31,1985,0.0,APPROVE - Low fraud risk,0,
influencer_3402,1055877,28795,653,3.16,2.73,289,0.1,APPROVE - Low fraud risk,0,
influencer_3403,415547,11035,666,8.46,2.66,1902,0.0,APPROVE - Low fraud risk,0,
influencer_3404,1025331,8805,301,3.47,0.86,885,1.0,APPROVE - Low fraud risk,0,
influencer_3405,549801,14222,716,3.17,2.59,1743,0.0,APPROVE - Low fraud risk,0,
influencer_3406,580330,18518,234,2.58,3.19,876,0.3,APPROVE - Low fraud risk,0,
influencer_3407,120192,3744,230,5.81,3.12,175,0.1,APPROVE - Low fraud risk,0,
influencer_3408,542454,14822,454,4.76,2.73,466,0.1,APPROVE - Low fraud risk,0,
influencer_3409,209186,5657,208,8.16,2.7,281,1.1,APPROVE - Low fraud risk,0,
influencer_3410,74535,3211,172,3.76,4.31,457,0.1,APPROVE - Low fraud risk,0,
influencer_3411,607926,16060,612,1.37,2.64,1214,0.0,APPROVE - Low fraud risk,0,
influencer_3412,1030817,38703,2764,4.03,3.75,860,2.2,APPROVE - Low fraud risk,0,
influencer_3413,792030,10922,528,3.62,1.38,1003,0.0,APPROVE - Low fraud risk,0,
influencer_3414,109203,3766,130,-2.77,3.45,1337,0.0,APPROVE - Low fraud risk,0,
influencer_3415,220798,7307,462,6.6,3.31,957,0.0,APPROVE - Low fraud risk,0,
influencer_3416,316326,3164,133,4.92,1.0,1252,0.0,APPROVE - Low fraud risk,0,
influencer_3417,486309,4859,184,9.95,1.0,610,9.7,APPROVE - Low fraud risk,0,
influencer_3418,857007,32960,2015,5.76,3.85,1026,0.3,APPROVE - Low fraud risk,0,
influencer_3419,389629,15109,423,-0.01,3.88,167,0.0,APPROVE - Low fraud risk,0,
influencer_3420,838068,30491,543,2.13,3.64,130,0.1,APPROVE - Low fraud risk,0,
influencer_3421,263547,8159,437,4.63,3.1,1049,0.0,APPROVE - Low fraud risk,0,
influencer_3422,196831,3824,222,-4.31,1.94,770,0.0,APPROVE - Low fraud risk,0,
influencer_3423,1900165,57326,3045,4.99,3.02,1875,0.0,APPROVE - Low fraud risk,0,
influencer_3424,130138,2308,177,13.72,1.77,979,22.5,APPROVE - Low fraud risk,0,
influencer_3425,317146,7349,385,-1.64,2.32,1993,0.0,APPROVE - Low fraud risk,0,
influencer_3426,1362250,45780,1250,6.5,3.36,165,0.4,APPROVE - Low fraud risk,0,
influencer_3427,476768,9992,546,5.72,2.1,912,0.0,APPROVE - Low fraud risk,0,
influencer_3428,81949,1816,85,4.87,2.22,71,1.0,APPROVE - Low fraud risk,0,
influencer_3429,410537,14822,640,-0.84,3.61,1388,0.0,APPROVE - Low fraud risk,0,
influencer_3430,403611,11619,250,6.09,2.88,1148,0.0,APPROVE - Low fraud risk,0,
influencer_3431,1879072,71691,4246,-7.22,3.82,483,0.0,APPROVE - Low fraud risk,0,
influencer_3432,138428,5678,254,-2.01,4.1,1579,0.0,APPROVE - Low fraud risk,0,
influencer_3433,1298152,38261,618,8.43,2.95,664,0.1,APPROVE - Low fraud risk,0,
influencer_3434,3980931,109283,2660,2.87,2.75,423,0.4,APPROVE - Low fraud risk,0,
influencer_3435,163141,3643,60,7.59,2.23,962,0.0,APPROVE - Low fraud risk,0,
influencer_3436,506923,10704,727,-4.69,2.11,539,0.0,APPROVE - Low fraud risk,0,
influencer_3437,392362,5899,328,8.33,1.5,1038,2.2,APPROVE - Low fraud risk,0,
influencer_3438,292926,6691,409,2.47,2.28,1322,0.0,APPROVE - Low fraud risk,0,
influencer_3439,1109465,22731,487,-0.3,2.05,911,0.0,APPROVE - Low fraud risk,0,
influencer_3440,67978,1529,61,7.2,2.25,1113,0.0,APPROVE - Low fraud risk,0,
influencer_3441,245044,7050,397,4.81,2.88,1303,0.0,APPROVE - Low fraud risk,0,
influencer_3442,307233,5519,340,3.64,1.8,563,0.0,APPROVE - Low fraud risk,0,
influencer_3443,2135495,68096,2190,2.28,3.19,1264,0.2,APPROVE - Low fraud risk,0,
influencer_3444,684699,26309,971,7.64,3.84,898,0.3,APPROVE - Low fraud risk,0,
influencer_3445,187342,8372,278,2.19,4.47,1029,0.0,APPROVE - Low fraud risk,0,
influencer_3446,376141,7956,274,-1.41,2.12,1490,0.0,APPROVE - Low fraud risk,0,
influencer_3447,314920,11630,860,2.95,3.69,939,0.0,APPROVE - Low fraud risk,0,
influencer_3448,194516,464,17,25.26,0.24,732,91.3,REJECT - High fraud risk,1,
influencer_3449,593798,15187,724,13.72,2.56,312,17.6,APPROVE - Low fraud risk,0,
influencer_3450,245661,9284,85,7.14,3.78,1540,0.0,APPROVE - Low fraud risk,0,
influencer_3451,1396628,22851,647,1.87,1.64,1907,0.0,APPROVE - Low fraud risk,0,
influencer_3452,811233,17675,861,7.2,2.18,1500,0.0,APPROVE - Low fraud risk,0,
influencer_3453,60569,1592,96,-4.25,2.63,474,0.3,APPROVE - Low fraud risk,0,
influencer_3454,321623,3483,61,5.77,1.08,1930,0.5,APPROVE - Low fraud risk,0,
influencer_3455,340941,7927,531,8.89,2.32,1127,1.4,APPROVE - Low fraud risk,0,
influencer_3456,182853,3302,134,6.13,1.81,1456,0.0,APPROVE - Low fraud risk,0,
influencer_3457,913170,20862,1385,3.52,2.28,941,0.0,APPROVE - Low fraud risk,0,
influencer_3458,573202,18750,806,6.79,3.27,1377,0.0,APPROVE - Low fraud risk,0,
influencer_3459,331907,9170,444,8.18,2.76,730,0.8,APPROVE - Low fraud risk,0,
influencer_3460,205394,3208,218,5.51,1.56,864,0.3,APPROVE - Low fraud risk,0,
influencer_3461,1433040,4871,223,5.01,0.34,436,36.8,CAUTION - Monitor 2-4 weeks,0,
influencer_3462,73725,3508,93,9.04,4.76,1022,1.0,APPROVE - Low fraud risk,0,
influencer_3463,164204,1331,62,7.76,0.81,1263,1.5,APPROVE - Low fraud risk,0,
influencer_3464,133969,2228,126,2.71,1.66,1484,0.0,APPROVE - Low fraud risk,0,
influencer_3465,298397,14882,671,2.48,4.99,728,0.1,APPROVE - Low fraud risk,0,
influencer_3466,402055,12781,824,6.54,3.18,258,0.1,APPROVE - Low fraud risk,0,
influencer_3467,97241,1890,105,1.38,1.94,1709,0.0,APPROVE - Low fraud risk,0,
influencer_3468,148116,3962,110,10.68,2.67,86,6.1,APPROVE - Low fraud risk,0,
influencer_3469,4490144,159,6,25.32,0.0,535,100.0,REJECT - High fraud risk,1,
influencer_3470,193130,7454,228,-4.09,3.86,1850,0.0,APPROVE - Low fraud risk,0,
influencer_3471,270316,7265,374,0.49,2.69,136,0.0,APPROVE - Low fraud risk,0,
influencer_3472,476828,12117,663,-3.18,2.54,1382,0.0,APPROVE - Low fraud risk,0,
influencer_3473,1620511,67877,41826,1.08,4.19,121,91.8,REJECT - High fraud risk,1,
influencer_3474,450333,20182,750,1.47,4.48,1833,0.0,APPROVE - Low fraud risk,0,
influencer_3475,130781,2858,1521,16.38,2.19,509,96.1,REJECT - High fraud risk,1,
influencer_3476,571583,10918,535,9.47,1.91,150,4.9,APPROVE - Low fraud risk,0,
influencer_3477,1009670,18261,741,0.15,1.81,1152,0.0,APPROVE - Low fraud risk,0,
influencer_3478,232804,5318,237,4.58,2.28,1705,0.0,APPROVE - Low fraud risk,0,
influencer_3479,502145,20630,1057,-0.19,4.11,729,0.0,APPROVE - Low fraud risk,0,
influencer_3480,1618241,54873,2707,-1.23,3.39,1765,0.2,APPROVE - Low fraud risk,0,
influencer_3481,150999,5246,170,6.21,3.47,1256,0.3,APPROVE - Low fraud risk,0,
influencer_3482,70913,681,33,-0.21,0.96,1603,0.0,APPROVE - Low fraud risk,0,
influencer_3483,574071,9411,465,4.13,1.64,1278,0.0,APPROVE - Low fraud risk,0,
influencer_3484,5000000,100854,4484,-8.79,2.02,1132,0.3,APPROVE - Low fraud risk,0,
influencer_3485,189406,8408,756,3.33,4.44,1045,0.7,APPROVE - Low fraud risk,0,
influencer_3486,270851,2819,147,3.9,1.04,1350,0.0,APPROVE - Low fraud risk,0,
influencer_3487,1767411,55994,744,3.26,3.17,1733,0.0,APPROVE - Low fraud risk,0,
influencer_3488,124648,4001,195,-2.42,3.21,722,0.0,APPROVE - Low fraud risk,0,
influencer_3489,250518,4323,301,-1.25,1.73,624,0.0,APPROVE - Low fraud risk,0,
influencer_3490,5000000,76673,2526,3.97,1.53,451,0.3,APPROVE - Low fraud risk,0,
influencer_3491,556551,21181,927,1.7,3.81,1237,0.0,APPROVE - Low fraud risk,0,
influencer_3492,582737,26027,1712,4.08,4.47,1798,0.0,APPROVE - Low fraud risk,0,
influencer_3493,71285,2635,68,3.8,3.7,267,0.1,APPROVE - Low fraud risk,0,
influencer_3494,103017,3342,768,17.38,3.24,1096,94.2,REJECT - High fraud risk,1,
influencer_3495,471669,711,22,18.92,0.15,270,100.0,REJECT - High fraud risk,1,
influencer_3496,264402,13231,498,4.99,5.0,1266,0.0,APPROVE - Low fraud risk,0,
influencer_3497,803831,30295,1268,0.13,3.77,1102,0.0,APPROVE - Low fraud risk,0,
influencer_3498,936441,1277,37,23.79,0.14,766,98.3,REJECT - High fraud risk,1,
influencer_3499,93811,4197,190,3.04,4.47,239,0.1,APPROVE - Low fraud risk,0,
influencer_3500,633825,18690,1085,2.0,2.95,1230,0.0,APPROVE - Low fraud risk,0,
influencer_3501,1485779,236,6,23.76,0.02,444,100.0,REJECT - High fraud risk,1,
influencer_3502,1851070,67188,2908,7.31,3.63,929,0.7,APPROVE - Low fraud risk,0,
influencer_3503,272093,5939,194,4.79,2.18,1677,0.3,APPROVE - Low fraud risk,0,
influencer_3504,774428,25215,9844,5.75,3.26,448,98.1,REJECT - High fraud risk,1,
influencer_3505,133320,4645,83,1.76,3.48,1151,0.0,APPROVE - Low fraud risk,0,
influencer_3506,4149831,328,11,13.18,0.01,333,100.0,REJECT - High fraud risk,1,
influencer_3507,1684586,56280,1834,4.37,3.34,1780,0.0,APPROVE - Low fraud risk,0,
influencer_3508,460907,11230,584,5.0,2.44,938,0.0,APPROVE - Low fraud risk,0,
influencer_3509,76241,2219,137,-1.37,2.91,612,0.0,APPROVE - Low fraud risk,0,
influencer_3510,565482,11616,594,-4.99,2.05,940,0.0,APPROVE - Low fraud risk,0,
influencer_3511,386562,20007,766,7.03,5.18,619,0.1,APPROVE - Low fraud risk,0,
influencer_3512,114929,2504,154,1.71,2.18,1108,0.0,APPROVE - Low fraud risk,0,
influencer_3513,36195,672,50,0.95,1.86,1649,0.0,APPROVE - Low fraud risk,0,
influencer_3514,255077,8217,314,8.13,3.22,348,0.1,APPROVE - Low fraud risk,0,
influencer_3515,390295,19675,837,9.94,5.04,1919,0.7,APPROVE - Low fraud risk,0,
influencer_3516,4345618,65495,3468,-0.18,1.51,673,0.2,APPROVE - Low fraud risk,0,
influencer_3517,223154,5807,346,6.08,2.6,367,0.1,APPROVE - Low fraud risk,0,
influencer_3518,1140160,23725,761,1.22,2.08,562,0.0,APPROVE - Low fraud risk,0,
influencer_3519,138122,2379,61,1.75,1.72,1251,0.0,APPROVE - Low fraud risk,0,
influencer_3520,222802,5487,226,-4.49,2.46,134,0.3,APPROVE - Low fraud risk,0,
influencer_3521,30237,427,25,-1.68,1.41,264,0.7,APPROVE - Low fraud risk,0,
influencer_3522,175576,3816,145,3.06,2.17,1560,0.0,APPROVE - Low fraud risk,0,
influencer_3523,147313,4396,169,4.11,2.98,724,0.1,APPROVE - Low fraud risk,0,
influencer_3524,1417504,40065,2086,-1.8,2.83,443,0.7,APPROVE - Low fraud risk,0,
influencer_3525,993651,13664,1030,4.1,1.38,493,0.7,APPROVE - Low fraud risk,0,
influencer_3526,74604,2693,184,5.89,3.61,1489,0.0,APPROVE - Low fraud risk,0,
influencer_3527,38684,1573,63,3.44,4.07,1040,0.0,APPROVE - Low fraud risk,0,
influencer_3528,1287551,29272,1788,6.29,2.27,1538,0.0,APPROVE - Low fraud risk,0,
influencer_3529,55596,2064,102,3.67,3.71,1344,0.0,APPROVE - Low fraud risk,0,
influencer_3530,287436,7217,374,4.21,2.51,1899,0.3,APPROVE - Low fraud risk,0,
influencer_3531,904965,28979,1560,10.83,3.2,1710,0.9,APPROVE - Low fraud risk,0,
influencer_3532,1162245,41938,2574,1.08,3.61,868,0.6,APPROVE - Low fraud risk,0,
influencer_3533,1722627,71689,2650,6.52,4.16,357,0.7,APPROVE - Low fraud risk,0,
influencer_3534,423014,13703,1167,0.96,3.24,1308,0.3,APPROVE - Low fraud risk,0,
influencer_3535,738810,19710,1245,-0.44,2.67,806,0.0,APPROVE - Low fraud risk,0,
influencer_3536,490861,5187,251,7.52,1.06,286,3.1,APPROVE - Low fraud risk,0,
influencer_3537,215760,5530,269,3.67,2.56,1970,0.0,APPROVE - Low fraud risk,0,
influencer_3538,202300,6315,1827,31.81,3.12,858,99.3,REJECT - High fraud risk,1,
influencer_3539,2132416,49159,1522,9.96,2.31,1804,0.3,APPROVE - Low fraud risk,0,
influencer_3540,1322717,36574,1739,4.53,2.77,264,0.5,APPROVE - Low fraud risk,0,
influencer_3541,126282,1200,353,33.67,0.95,211,73.4,MANUAL REVIEW - Audit history,1,
influencer_3542,153091,5997,395,1.12,3.92,1479,0.0,APPROVE - Low fraud risk,0,
influencer_3543,87708,2464,120,-1.52,2.81,731,0.0,APPROVE - Low fraud risk,0,
influencer_3544,533214,18468,430,1.28,3.46,1553,0.0,APPROVE - Low fraud risk,0,
influencer_3545,1704253,36637,1917,3.13,2.15,290,0.7,APPROVE - Low fraud risk,0,
influencer_3546,1835561,47649,1998,-1.08,2.6,1287,0.0,APPROVE - Low fraud risk,0,
influencer_3547,659871,18298,229,0.48,2.77,1913,0.0,APPROVE - Low fraud risk,0,
influencer_3548,2637312,94279,4326,5.88,3.57,412,0.5,APPROVE - Low fraud risk,0,
influencer_3549,418016,7566,270,1.22,1.81,1888,0.0,APPROVE - Low fraud risk,0,
influencer_3550,1865559,61619,882,7.37,3.3,1260,0.0,APPROVE - Low fraud risk,0,
influencer_3551,282313,8122,329,0.66,2.88,1185,0.0,APPROVE - Low fraud risk,0,
influencer_3552,5000000,197885,10832,8.79,3.96,734,1.2,APPROVE - Low fraud risk,0,
influencer_3553,418187,6338,270,-7.2,1.52,1377,0.0,APPROVE - Low fraud risk,0,
influencer_3554,120158,2297,121,8.51,1.91,1963,0.3,APPROVE - Low fraud risk,0,
influencer_3555,1010036,28315,235,2.19,2.8,950,0.0,APPROVE - Low fraud risk,0,
influencer_3556,357011,7780,328,2.1,2.18,1357,0.0,APPROVE - Low fraud risk,0,
influencer_3557,103921,3353,233,2.65,3.23,990,0.0,APPROVE - Low fraud risk,0,
influencer_3558,558229,12531,484,5.63,2.24,1360,0.0,APPROVE - Low fraud risk,0,
influencer_3559,1284523,35981,1947,3.92,2.8,1450,0.1,APPROVE - Low fraud risk,0,
influencer_3560,341579,11895,527,-3.39,3.48,291,0.0,APPROVE - Low fraud risk,0,
influencer_3561,272513,8723,499,3.47,3.2,1928,0.0,APPROVE - Low fraud risk,0,
influencer_3562,2131817,72037,2265,6.41,3.38,192,0.5,APPROVE - Low fraud risk,0,
influencer_3563,629660,12578,568,5.58,2.0,1521,0.0,APPROVE - Low fraud risk,0,
influencer_3564,100561,3795,142,3.75,3.77,1662,0.0,APPROVE - Low fraud risk,0,
influencer_3565,17874,1083,44,9.66,6.06,1389,1.3,APPROVE - Low fraud risk,0,
influencer_3566,494904,10363,676,2.22,2.09,1241,0.0,APPROVE - Low fraud risk,0,
influencer_3567,1425984,72156,35017,13.35,5.06,1132,87.0,REJECT - High fraud risk,1,
influencer_3568,1983226,44349,2297,-0.1,2.24,1839,0.2,APPROVE - Low fraud risk,0,
influencer_3569,156551,2788,159,-0.94,1.78,1178,0.0,APPROVE - Low fraud risk,0,
influencer_3570,363513,8229,405,4.6,2.26,876,0.0,APPROVE - Low fraud risk,0,
influencer_3571,522441,48,2,13.87,0.01,235,100.0,REJECT - High fraud risk,1,
influencer_3572,311253,7800,432,3.09,2.51,1554,0.0,APPROVE - Low fraud risk,0,
influencer_3573,308650,12302,591,-2.57,3.99,1272,0.0,APPROVE - Low fraud risk,0,
influencer_3574,775143,30824,1456,2.77,3.98,183,0.4,APPROVE - Low fraud risk,0,
influencer_3575,3718829,73633,1720,0.04,1.98,1601,0.0,APPROVE - Low fraud risk,0,
influencer_3576,44644,602,33,5.94,1.35,1991,0.3,APPROVE - Low fraud risk,0,
influencer_3577,332510,8031,256,-1.7,2.42,1659,0.0,APPROVE - Low fraud risk,0,
influencer_3578,179854,7796,426,3.72,4.33,160,0.1,APPROVE - Low fraud risk,0,
influencer_3579,316557,1743,80,0.74,0.55,1033,6.7,APPROVE - Low fraud risk,0,
influencer_3580,57066,1575,73,-3.15,2.76,784,0.0,APPROVE - Low fraud risk,0,
influencer_3581,255392,9604,1484,31.4,3.76,415,98.2,REJECT - High fraud risk,1,
influencer_3582,881888,30929,496,-2.8,3.51,317,0.0,APPROVE - Low fraud risk,0,
influencer_3583,1096278,46092,2390,2.27,4.2,345,0.6,APPROVE - Low fraud risk,0,
influencer_3584,161554,1873,126,2.0,1.16,1521,0.0,APPROVE - Low fraud risk,0,
influencer_3585,2021614,33662,2993,-0.68,1.67,1573,0.9,APPROVE - Low fraud risk,0,
influencer_3586,50685,1081,464,14.3,2.13,713,91.4,REJECT - High fraud risk,1,
influencer_3587,132899,3904,101,0.42,2.94,154,0.0,APPROVE - Low fraud risk,0,
influencer_3588,24645,523,27,1.05,2.12,1926,0.0,APPROVE - Low fraud risk,0,
influencer_3589,548416,11755,776,8.7,2.14,631,1.7,APPROVE - Low fraud risk,0,
influencer_3590,670493,16712,605,-4.55,2.49,202,0.0,APPROVE - Low fraud risk,0,
influencer_3591,1973152,18748,811,-1.62,0.95,1999,0.0,APPROVE - Low fraud risk,0,
influencer_3592,1094812,19686,634,5.86,1.8,1524,0.0,APPROVE - Low fraud risk,0,
influencer_3593,1777670,833,26,5.0,0.05,685,99.6,REJECT - High fraud risk,1,
influencer_3594,1201682,34605,2022,3.39,2.88,819,0.3,APPROVE - Low fraud risk,0,
influencer_3595,294238,7962,406,-2.28,2.71,149,0.0,APPROVE - Low fraud risk,0,
influencer_3596,282330,7431,243,4.08,2.63,505,0.1,APPROVE - Low fraud risk,0,
influencer_3597,1163959,32822,1039,1.0,2.82,300,0.0,APPROVE - Low fraud risk,0,
influencer_3598,190604,10925,502,3.29,5.73,1436,0.0,APPROVE - Low fraud risk,0,
influencer_3599,1282360,23364,723,4.43,1.82,770,0.0,APPROVE - Low fraud risk,0,
influencer_3600,135798,3135,105,2.91,2.31,1931,0.0,APPROVE - Low fraud risk,0,
influencer_3601,733569,23048,1084,4.27,3.14,1276,0.0,APPROVE - Low fraud risk,0,
influencer_3602,382525,10531,450,-1.69,2.75,1054,0.0,APPROVE - Low fraud risk,0,
influencer_3603,609866,15353,284,-0.95,2.52,494,0.0,APPROVE - Low fraud risk,0,
influencer_3604,223193,9197,444,6.57,4.12,917,0.3,APPROVE - Low fraud risk,0,
influencer_3605,100882,2624,145,2.43,2.6,451,0.1,APPROVE - Low fraud risk,0,
influencer_3606,183879,5525,156,0.1,3.0,729,0.0,APPROVE - Low fraud risk,0,
influencer_3607,855587,25839,1311,2.99,3.02,590,0.2,APPROVE - Low fraud risk,0,
influencer_3608,552939,7595,1985,20.97,1.37,1038,76.7,REJECT - High fraud risk,1,
influencer_3609,160199,4591,292,0.01,2.87,598,0.0,APPROVE - Low fraud risk,0,
influencer_3610,413467,6293,171,4.57,1.52,1224,0.0,APPROVE - Low fraud risk,0,
influencer_3611,392111,3830,219,1.35,0.98,705,0.0,APPROVE - Low fraud risk,0,
influencer_3612,475483,18383,902,5.61,3.87,1514,0.0,APPROVE - Low fraud risk,0,
influencer_3613,1018208,30339,1298,2.8,2.98,1429,0.0,APPROVE - Low fraud risk,0,
influencer_3614,792598,32715,1903,8.0,4.13,1764,0.1,APPROVE - Low fraud risk,0,
influencer_3615,416127,17054,731,4.89,4.1,1039,0.0,APPROVE - Low fraud risk,0,
influencer_3616,184750,8032,1920,-10.0,4.35,179,92.5,REJECT - High fraud risk,1,
influencer_3617,116885,2563,149,0.2,2.19,1214,0.0,APPROVE - Low fraud risk,0,
influencer_3618,1402955,58024,1175,7.96,4.14,1067,0.6,APPROVE - Low fraud risk,0,
influencer_3619,745766,12062,497,0.3,1.62,348,0.0,APPROVE - Low fraud risk,0,
influencer_3620,2232519,57660,3215,-0.44,2.58,449,0.2,APPROVE - Low fraud risk,0,
influencer_3621,971687,33404,14792,11.42,3.44,1097,96.5,REJECT - High fraud risk,1,
influencer_3622,280157,4329,290,-0.36,1.55,1653,0.0,APPROVE - Low fraud risk,0,
influencer_3623,160254,4983,213,-1.56,3.11,514,0.0,APPROVE - Low fraud risk,0,
influencer_3624,285899,4752,123,-1.11,1.66,920,0.0,APPROVE - Low fraud risk,0,
influencer_3625,265636,8446,455,3.2,3.18,253,0.1,APPROVE - Low fraud risk,0,
influencer_3626,171626,4618,305,1.28,2.69,1580,0.0,APPROVE - Low fraud risk,0,
influencer_3627,338446,7289,370,3.06,2.15,632,0.0,APPROVE - Low fraud risk,0,
influencer_3628,1028440,33305,1685,5.44,3.24,1773,0.1,APPROVE - Low fraud risk,0,
influencer_3629,241053,4800,216,-3.86,1.99,542,0.0,APPROVE - Low fraud risk,0,
influencer_3630,263107,10831,667,1.08,4.12,1771,0.0,APPROVE - Low fraud risk,0,
influencer_3631,864268,37760,2122,0.13,4.37,605,1.5,APPROVE - Low fraud risk,0,
influencer_3632,612939,7005,202,1.24,1.14,1636,0.0,APPROVE - Low fraud risk,0,
influencer_3633,2329252,1452,15,-1.39,0.06,844,97.3,REJECT - High fraud risk,1,
influencer_3634,232715,9516,532,11.41,4.09,269,3.7,APPROVE - Low fraud risk,0,
influencer_3635,1347804,48479,1772,6.56,3.6,720,0.7,APPROVE - Low fraud risk,0,
influencer_3636,494366,17605,965,0.23,3.56,1058,0.0,APPROVE - Low fraud risk,0,
influencer_3637,1061672,45630,1945,1.77,4.3,1947,0.0,APPROVE - Low fraud risk,0,
influencer_3638,478887,17175,534,4.85,3.59,1864,0.0,APPROVE - Low fraud risk,0,
influencer_3639,95490,1337,49,6.91,1.4,535,0.6,APPROVE - Low fraud risk,0,
influencer_3640,626650,14779,340,2.49,2.36,488,0.0,APPROVE - Low fraud risk,0,
influencer_3641,34462,500,25,4.36,1.45,203,1.0,APPROVE - Low fraud risk,0,
influencer_3642,780685,22811,792,8.52,2.92,1380,0.0,APPROVE - Low fraud risk,0,
influencer_3643,4602784,169072,6770,13.02,3.67,598,8.3,APPROVE - Low fraud risk,0,
influencer_3644,205424,3901,153,8.89,1.9,942,1.4,APPROVE - Low fraud risk,0,
influencer_3645,1425790,31773,2311,-3.14,2.23,942,1.9,APPROVE - Low fraud risk,0,
influencer_3646,913860,18435,987,6.44,2.02,1288,0.0,APPROVE - Low fraud risk,0,
influencer_3647,5000000,59121,2237,2.87,1.18,662,0.5,APPROVE - Low fraud risk,0,
influencer_3648,412880,4538,78,9.95,1.1,1081,9.7,APPROVE - Low fraud risk,0,
influencer_3649,254142,7477,175,0.09,2.94,293,0.0,APPROVE - Low fraud risk,0,
influencer_3650,929909,271,7,9.42,0.03,373,99.9,REJECT - High fraud risk,1,
influencer_3651,1638573,60234,2379,6.58,3.68,1285,0.0,APPROVE - Low fraud risk,0,
influencer_3652,584452,1176,36,15.14,0.2,449,98.2,REJECT - High fraud risk,1,
influencer_3653,592485,13712,699,6.56,2.31,1929,0.0,APPROVE - Low fraud risk,0,
influencer_3654,213724,6393,239,9.22,2.99,979,0.6,APPROVE - Low fraud risk,0,
influencer_3655,115067,2498,63,10.77,2.17,720,4.3,APPROVE - Low fraud risk,0,
influencer_3656,489720,14963,823,11.13,3.06,1041,4.8,APPROVE - Low fraud risk,0,
influencer_3657,894114,15976,718,4.12,1.79,749,0.0,APPROVE - Low fraud risk,0,
influencer_3658,295058,3657,113,6.05,1.24,406,1.0,APPROVE - Low fraud risk,0,
influencer_3659,104351,1437,54,-3.24,1.38,362,0.0,APPROVE - Low fraud risk,0,
influencer_3660,371349,12209,587,1.92,3.29,895,0.3,APPROVE - Low fraud risk,0,
influencer_3661,173171,6040,374,-2.63,3.49,188,0.0,APPROVE - Low fraud risk,0,
influencer_3662,74469,1412,70,5.41,1.9,531,0.0,APPROVE - Low fraud risk,0,
influencer_3663,1615497,44978,2448,2.79,2.78,934,0.4,APPROVE - Low fraud risk,0,
influencer_3664,668385,22843,507,-1.78,3.42,791,0.0,APPROVE - Low fraud risk,0,
influencer_3665,1779203,44652,1369,-2.7,2.51,1939,0.0,APPROVE - Low fraud risk,0,
influencer_3666,331247,6698,359,4.53,2.02,1036,0.0,APPROVE - Low fraud risk,0,
influencer_3667,230374,7692,245,4.8,3.34,434,0.1,APPROVE - Low fraud risk,0,
influencer_3668,210784,7938,2469,1.74,3.77,875,98.8,REJECT - High fraud risk,1,
influencer_3669,171919,3047,130,-3.35,1.77,1060,0.0,APPROVE - Low fraud risk,0,
influencer_3670,135562,5399,267,11.71,3.98,506,5.4,APPROVE - Low fraud risk,0,
influencer_3671,1031872,39091,1383,1.55,3.79,1694,0.0,APPROVE - Low fraud risk,0,
influencer_3672,2112079,73996,2831,5.56,3.5,225,0.5,APPROVE - Low fraud risk,0,
influencer_3673,311858,15630,1060,1.85,5.01,469,0.5,APPROVE - Low fraud risk,0,
influencer_3674,597346,14889,1085,6.01,2.49,1503,0.0,APPROVE - Low fraud risk,0,
influencer_3675,690617,11373,575,-3.36,1.65,1505,0.0,APPROVE - Low fraud risk,0,
influencer_3676,553229,20520,1119,3.39,3.71,1310,0.0,APPROVE - Low fraud risk,0,
influencer_3677,420789,8795,593,6.05,2.09,1399,0.0,APPROVE - Low fraud risk,0,
influencer_3678,62791,811,43,4.78,1.29,1231,0.0,APPROVE - Low fraud risk,0,
influencer_3679,178630,5506,380,6.76,3.08,1858,0.0,APPROVE - Low fraud risk,0,
influencer_3680,138083,2368,122,14.88,1.71,734,22.9,APPROVE - Low fraud risk,0,
influencer_3681,533937,35229,1371,1.87,6.6,370,0.2,APPROVE - Low fraud risk,0,
influencer_3682,281526,2593,68,-0.98,0.92,316,0.0,APPROVE - Low fraud risk,0,
influencer_3683,655295,10568,648,6.34,1.61,1959,0.0,APPROVE - Low fraud risk,0,
influencer_3684,588432,13351,574,-0.09,2.27,789,0.0,APPROVE - Low fraud risk,0,
influencer_3685,3712340,89516,5104,2.7,2.41,1648,0.9,APPROVE - Low fraud risk,0,
influencer_3686,1993328,67017,3563,-3.26,3.36,281,0.2,APPROVE - Low fraud risk,0,
influencer_3687,397649,680,31,7.67,0.17,604,96.6,REJECT - High fraud risk,1,
influencer_3688,443929,10678,502,-1.11,2.41,1848,0.0,APPROVE - Low fraud risk,0,
influencer_3689,140317,5729,190,6.58,4.08,664,0.1,APPROVE - Low fraud risk,0,
influencer_3690,328235,17662,650,6.01,5.38,1054,0.0,APPROVE - Low fraud risk,0,
influencer_3691,114755,2550,146,10.4,2.22,900,3.7,APPROVE - Low fraud risk,0,
influencer_3692,58190,2052,144,2.76,3.53,1539,0.0,APPROVE - Low fraud risk,0,
influencer_3693,183463,5738,173,7.24,3.13,103,0.1,APPROVE - Low fraud risk,0,
influencer_3694,428551,15386,629,9.28,3.59,1575,0.0,APPROVE - Low fraud risk,0,
influencer_3695,1811140,41641,1918,4.15,2.3,1341,0.1,APPROVE - Low fraud risk,0,
influencer_3696,182178,5509,241,5.08,3.02,459,0.1,APPROVE - Low fraud risk,0,
influencer_3697,446559,7324,3956,18.72,1.64,975,92.0,REJECT - High fraud risk,1,
influencer_3698,107470,3409,157,3.21,3.17,827,0.3,APPROVE - Low fraud risk,0,
influencer_3699,549329,15104,637,6.96,2.75,319,0.1,APPROVE - Low fraud risk,0,
influencer_3700,166245,4182,92,-2.46,2.52,264,0.0,APPROVE - Low fraud risk,0,
influencer_3701,621930,20322,1530,1.93,3.27,1629,0.0,APPROVE - Low fraud risk,0,
influencer_3702,34207,376,15,8.18,1.1,1390,3.2,APPROVE - Low fraud risk,0,
influencer_3703,38074,1559,453,25.91,4.1,1049,96.6,REJECT - High fraud risk,1,
influencer_3704,1903007,41215,10990,11.6,2.17,485,94.1,REJECT - High fraud risk,1,
influencer_3705,401637,17206,862,4.76,4.28,770,0.1,APPROVE - Low fraud risk,0,
influencer_3706,1282479,42334,2459,4.88,3.3,407,0.6,APPROVE - Low fraud risk,0,
influencer_3707,603708,22611,1106,-1.78,3.75,832,0.0,APPROVE - Low fraud risk,0,
influencer_3708,457718,10182,449,2.57,2.22,291,0.0,APPROVE - Low fraud risk,0,
influencer_3709,21490,1026,68,0.7,4.78,774,0.3,APPROVE - Low fraud risk,0,
influencer_3710,171331,4898,2059,4.04,2.86,829,95.4,REJECT - High fraud risk,1,
influencer_3711,194711,5987,310,5.96,3.07,1236,0.0,APPROVE - Low fraud risk,0,
influencer_3712,624599,10117,488,-1.03,1.62,1662,0.0,APPROVE - Low fraud risk,0,
influencer_3713,418926,11298,523,6.86,2.7,903,0.3,APPROVE - Low fraud risk,0,
influencer_3714,140837,3957,113,9.52,2.81,1999,0.5,APPROVE - Low fraud risk,0,
influencer_3715,458658,14025,624,4.84,3.06,931,0.0,APPROVE - Low fraud risk,0,
influencer_3716,34853,535,11,3.08,1.54,1784,0.0,APPROVE - Low fraud risk,0,
influencer_3717,866400,19331,1121,-4.27,2.23,298,0.0,APPROVE - Low fraud risk,0,
influencer_3718,499206,14585,8486,-10.0,2.92,912,98.6,REJECT - High fraud risk,1,
influencer_3719,363812,14387,909,6.01,3.95,289,0.1,APPROVE - Low fraud risk,0,
influencer_3720,1234162,18733,957,10.7,1.52,702,6.3,APPROVE - Low fraud risk,0,
influencer_3721,363098,6724,259,5.81,1.85,561,0.0,APPROVE - Low fraud risk,0,
influencer_3722,435822,6925,271,2.61,1.59,1130,0.0,APPROVE - Low fraud risk,0,
influencer_3723,932050,21717,863,1.22,2.33,1281,0.0,APPROVE - Low fraud risk,0,
influencer_3724,162939,7257,446,1.61,4.45,785,0.1,APPROVE - Low fraud risk,0,
influencer_3725,530817,22480,883,3.33,4.24,1341,0.0,APPROVE - Low fraud risk,0,
influencer_3726,1153800,33567,1681,11.83,2.91,1935,2.7,APPROVE - Low fraud risk,0,
influencer_3727,516028,11457,500,3.37,2.22,447,0.0,APPROVE - Low fraud risk,0,
influencer_3728,59254,1771,1012,22.59,2.99,219,98.2,REJECT - High fraud risk,1,
influencer_3729,400572,12911,442,1.42,3.22,787,0.1,APPROVE - Low fraud risk,0,
influencer_3730,568813,14958,634,-2.33,2.63,515,0.0,APPROVE - Low fraud risk,0,
influencer_3731,312273,12527,1879,-0.71,4.01,303,85.8,REJECT - High fraud risk,1,
influencer_3732,124558,4014,229,-0.89,3.22,1143,0.0,APPROVE - Low fraud risk,0,
influencer_3733,1072356,22792,1242,3.22,2.13,215,0.0,APPROVE - Low fraud risk,0,
influencer_3734,1050911,33147,1972,3.49,3.15,192,0.8,APPROVE - Low fraud risk,0,
influencer_3735,1046346,11078,517,3.14,1.06,1857,0.0,APPROVE - Low fraud risk,0,
influencer_3736,579217,18310,757,4.09,3.16,1032,0.0,APPROVE - Low fraud risk,0,
influencer_3737,191297,681,8,6.87,0.36,173,72.3,MANUAL REVIEW - Audit history,1,
influencer_3738,324874,10460,446,6.68,3.22,262,0.1,APPROVE - Low fraud risk,0,
influencer_3739,3981884,72380,4709,0.15,1.82,1661,0.2,APPROVE - Low fraud risk,0,
influencer_3740,188724,4012,233,6.5,2.13,1197,0.0,APPROVE - Low fraud risk,0,
influencer_3741,88053,2231,341,-6.45,2.53,20,51.0,MANUAL REVIEW - Audit history,1,
influencer_3742,810478,14895,1078,3.38,1.84,223,0.0,APPROVE - Low fraud risk,0,
influencer_3743,271763,5876,266,-6.74,2.16,344,0.0,APPROVE - Low fraud risk,0,
influencer_3744,1576698,25429,760,-1.94,1.61,1722,0.0,APPROVE - Low fraud risk,0,
influencer_3745,1333121,41565,1854,1.56,3.12,649,0.5,APPROVE - Low fraud risk,0,
influencer_3746,625446,10776,617,-0.83,1.72,795,0.0,APPROVE - Low fraud risk,0,
influencer_3747,708267,20547,925,5.45,2.9,398,0.1,APPROVE - Low fraud risk,0,
influencer_3748,1040874,46249,2269,9.65,4.44,683,2.2,APPROVE - Low fraud risk,0,
influencer_3749,109665,2105,88,6.76,1.92,1679,0.0,APPROVE - Low fraud risk,0,
influencer_3750,79904,2313,112,-3.67,2.9,1240,0.0,APPROVE - Low fraud risk,0,
influencer_3751,741700,19969,1227,0.09,2.69,1984,0.0,APPROVE - Low fraud risk,0,
influencer_3752,1379012,541,20,25.58,0.04,716,100.0,REJECT - High fraud risk,1,
influencer_3753,330415,7467,226,-2.24,2.26,1256,0.3,APPROVE - Low fraud risk,0,
influencer_3754,133963,1875,41,2.71,1.4,100,1.0,APPROVE - Low fraud risk,0,
influencer_3755,1008218,41106,2503,2.24,4.08,842,0.8,APPROVE - Low fraud risk,0,
influencer_3756,39821,1196,510,16.54,3.0,1177,83.3,REJECT - High fraud risk,1,
influencer_3757,1550796,44491,2188,-1.54,2.87,1986,0.6,APPROVE - Low fraud risk,0,
influencer_3758,894419,12838,144,9.85,1.44,958,6.4,APPROVE - Low fraud risk,0,
influencer_3759,37853,878,56,6.64,2.32,88,2.3,APPROVE - Low fraud risk,0,
influencer_3760,1847144,45094,2382,2.18,2.44,545,0.2,APPROVE - Low fraud risk,0,
influencer_3761,826776,8023,578,3.75,0.97,1514,0.3,APPROVE - Low fraud risk,0,
influencer_3762,3152954,51445,1271,-0.71,1.63,695,0.3,APPROVE - Low fraud risk,0,
influencer_3763,722649,17875,781,4.27,2.47,1774,0.0,APPROVE - Low fraud risk,0,
influencer_3764,304694,5872,259,4.68,1.93,1464,0.0,APPROVE - Low fraud risk,0,
influencer_3765,604173,19265,1150,-2.3,3.19,1996,0.0,APPROVE - Low fraud risk,0,
influencer_3766,1127989,12675,203,2.93,1.12,708,0.0,APPROVE - Low fraud risk,0,
influencer_3767,161664,5039,1503,3.29,3.12,592,92.9,REJECT - High fraud risk,1,
influencer_3768,726647,11341,244,8.57,1.56,1979,0.2,APPROVE - Low fraud risk,0,
influencer_3769,221627,7042,528,2.63,3.18,392,0.1,APPROVE - Low fraud risk,0,
influencer_3770,970460,31494,1670,-4.5,3.25,1222,0.1,APPROVE - Low fraud risk,0,
influencer_3771,147269,4284,273,8.53,2.91,1866,0.6,APPROVE - Low fraud risk,0,
influencer_3772,2377165,116,3,20.48,0.0,160,100.0,REJECT - High fraud risk,1,
influencer_3773,69483,2371,101,0.13,3.41,1033,0.0,APPROVE - Low fraud risk,0,
influencer_3774,1802489,87278,4476,0.3,4.84,1606,0.2,APPROVE - Low fraud risk,0,
influencer_3775,1103089,86,3,23.89,0.01,744,100.0,REJECT - High fraud risk,1,
influencer_3776,154775,4291,240,3.12,2.77,687,0.1,APPROVE - Low fraud risk,0,
influencer_3777,295270,6930,335,14.59,2.35,578,22.3,APPROVE - Low fraud risk,0,
influencer_3778,206094,5994,351,8.04,2.91,753,0.5,APPROVE - Low fraud risk,0,
influencer_3779,814769,14690,568,-3.12,1.8,1853,0.0,APPROVE - Low fraud risk,0,
influencer_3780,277365,6554,236,7.44,2.36,1479,0.0,APPROVE - Low fraud risk,0,
influencer_3781,462485,6412,198,2.37,1.39,939,0.0,APPROVE - Low fraud risk,0,
influencer_3782,259124,11420,421,0.21,4.41,1375,0.0,APPROVE - Low fraud risk,0,
influencer_3783,416576,10669,571,8.29,2.56,217,1.2,APPROVE - Low fraud risk,0,
influencer_3784,2140470,61206,2842,-1.3,2.86,198,0.2,APPROVE - Low fraud risk,0,
influencer_3785,2081365,84711,1827,-1.31,4.07,1628,0.0,APPROVE - Low fraud risk,0,
influencer_3786,442545,12136,665,4.87,2.74,1223,0.0,APPROVE - Low fraud risk,0,
influencer_3787,816950,14547,783,11.98,1.78,1899,7.4,APPROVE - Low fraud risk,0,
influencer_3788,401487,6564,377,8.49,1.63,1176,0.2,APPROVE - Low fraud risk,0,
influencer_3789,111117,5138,102,8.33,4.62,438,0.1,APPROVE - Low fraud risk,0,
influencer_3790,1143342,35206,109,0.99,3.08,1149,0.0,APPROVE - Low fraud risk,0,
influencer_3791,221219,3812,222,9.35,1.72,167,6.8,APPROVE - Low fraud risk,0,
influencer_3792,1143268,23530,1811,4.84,2.06,1649,0.0,APPROVE - Low fraud risk,0,
influencer_3793,306063,12302,7206,28.15,4.02,444,99.6,REJECT - High fraud risk,1,
influencer_3794,448021,10210,564,8.28,2.28,1784,0.0,APPROVE - Low fraud risk,0,
influencer_3795,330349,13100,668,-1.02,3.97,356,0.0,APPROVE - Low fraud risk,0,
influencer_3796,1679778,37316,1210,0.65,2.22,665,0.0,APPROVE - Low fraud risk,0,
influencer_3797,109275,3371,190,3.37,3.09,165,0.1,APPROVE - Low fraud risk,0,
influencer_3798,211970,14178,154,4.94,6.69,866,0.3,APPROVE - Low fraud risk,0,
influencer_3799,692347,16655,807,6.68,2.41,1318,0.0,APPROVE - Low fraud risk,0,
influencer_3800,330241,2902,118,-0.1,0.88,227,0.0,APPROVE - Low fraud risk,0,
influencer_3801,1133161,46536,2077,-6.65,4.11,1229,0.0,APPROVE - Low fraud risk,0,
influencer_3802,962400,30172,498,0.23,3.14,549,0.0,APPROVE - Low fraud risk,0,
influencer_3803,946162,20736,963,5.38,2.19,206,0.0,APPROVE - Low fraud risk,0,
influencer_3804,98270,4744,189,4.03,4.83,83,0.5,APPROVE - Low fraud risk,0,
influencer_3805,147713,3269,163,1.98,2.21,63,1.7,APPROVE - Low fraud risk,0,
influencer_3806,595469,16971,862,8.38,2.85,1449,0.0,APPROVE - Low fraud risk,0,
influencer_3807,119092,525,17,6.22,0.44,58,49.2,CAUTION - Monitor 2-4 weeks,0,
influencer_3808,392625,13027,382,5.54,3.32,178,0.1,APPROVE - Low fraud risk,0,
influencer_3809,179139,3525,172,3.88,1.97,1302,0.0,APPROVE - Low fraud risk,0,
influencer_3810,541207,11844,423,3.48,2.19,477,0.0,APPROVE - Low fraud risk,0,
influencer_3811,5000000,64039,3441,0.82,1.28,139,0.2,APPROVE - Low fraud risk,0,
influencer_3812,539076,9439,413,11.14,1.75,704,9.2,APPROVE - Low fraud risk,0,
influencer_3813,413399,13315,578,4.66,3.22,1604,0.0,APPROVE - Low fraud risk,0,
influencer_3814,227979,6917,302,-6.39,3.03,1684,0.3,APPROVE - Low fraud risk,0,
influencer_3815,1638767,33984,913,8.84,2.07,865,1.1,APPROVE - Low fraud risk,0,
influencer_3816,1429133,38142,1616,4.62,2.67,1677,0.1,APPROVE - Low fraud risk,0,
influencer_3817,696627,35345,1178,3.95,5.07,1257,0.3,APPROVE - Low fraud risk,0,
influencer_3818,376726,11234,437,8.4,2.98,754,0.4,APPROVE - Low fraud risk,0,
influencer_3819,1595850,24128,572,4.03,1.51,1202,0.0,APPROVE - Low fraud risk,0,
influencer_3820,159348,3972,221,-0.48,2.49,1472,0.0,APPROVE - Low fraud risk,0,
influencer_3821,1260803,19976,1382,7.72,1.58,127,3.7,APPROVE - Low fraud risk,0,
influencer_3822,775414,19425,1267,2.44,2.51,1161,0.0,APPROVE - Low fraud risk,0,
influencer_3823,163232,4364,168,2.55,2.67,1971,0.0,APPROVE - Low fraud risk,0,
influencer_3824,1747390,35171,1195,-0.25,2.01,580,0.0,APPROVE - Low fraud risk,0,
influencer_3825,47028,1379,56,5.94,2.93,1904,0.0,APPROVE - Low fraud risk,0,
influencer_3826,377977,5413,1809,1.86,1.43,878,77.2,REJECT - High fraud risk,1,
influencer_3827,159654,4521,122,11.02,2.83,1134,2.5,APPROVE - Low fraud risk,0,
influencer_3828,136714,5239,267,4.73,3.83,710,0.1,APPROVE - Low fraud risk,0,
influencer_3829,885476,19847,1141,-3.92,2.24,1008,0.0,APPROVE - Low fraud risk,0,
influencer_3830,65711,230,5,23.86,0.35,736,74.9,MANUAL REVIEW - Audit history,1,
influencer_3831,337876,7186,419,7.08,2.13,228,0.0,APPROVE - Low fraud risk,0,
influencer_3832,298557,4133,209,7.81,1.38,233,2.5,APPROVE - Low fraud risk,0,
influencer_3833,175423,3110,144,-0.28,1.77,1057,0.0,APPROVE - Low fraud risk,0,
influencer_3834,426889,16669,502,-1.21,3.9,1903,0.0,APPROVE - Low fraud risk,0,
influencer_3835,1119433,32704,1125,5.44,2.92,1016,0.0,APPROVE - Low fraud risk,0,
influencer_3836,1366023,36723,1654,15.04,2.69,1324,10.9,APPROVE - Low fraud risk,0,
influencer_3837,27786,573,23,4.18,2.06,1031,0.0,APPROVE - Low fraud risk,0,
influencer_3838,477500,11490,262,7.05,2.41,841,0.0,APPROVE - Low fraud risk,0,
influencer_3839,474990,8210,328,6.62,1.73,1293,0.0,APPROVE - Low fraud risk,0,
influencer_3840,1220662,13863,800,0.58,1.14,161,0.0,APPROVE - Low fraud risk,0,
influencer_3841,106417,3607,246,12.56,3.39,472,8.4,APPROVE - Low fraud risk,0,
influencer_3842,661964,18206,691,3.87,2.75,89,0.1,APPROVE - Low fraud risk,0,
influencer_3843,799577,20309,912,1.17,2.54,906,0.0,APPROVE - Low fraud risk,0,
influencer_3844,675661,30140,1781,2.75,4.46,1830,0.0,APPROVE - Low fraud risk,0,
influencer_3845,724035,17094,901,-0.16,2.36,1841,0.0,APPROVE - Low fraud risk,0,
influencer_3846,221892,5790,333,1.4,2.61,778,0.1,APPROVE - Low fraud risk,0,
influencer_3847,144128,5231,294,-0.1,3.63,1257,0.0,APPROVE - Low fraud risk,0,
influencer_3848,470780,24456,1035,-2.11,5.19,1347,0.0,APPROVE - Low fraud risk,0,
influencer_3849,365441,8442,633,-4.07,2.31,485,0.0,APPROVE - Low fraud risk,0,
influencer_3850,418519,11020,855,4.34,2.63,1576,0.0,APPROVE - Low fraud risk,0,
influencer_3851,1022785,31268,1696,5.41,3.06,320,0.7,APPROVE - Low fraud risk,0,
influencer_3852,176097,5095,40,-5.93,2.89,989,1.0,APPROVE - Low fraud risk,0,
influencer_3853,309780,9775,603,1.75,3.16,390,0.1,APPROVE - Low fraud risk,0,
influencer_3854,293354,6381,192,3.03,2.18,354,0.0,APPROVE - Low fraud risk,0,
influencer_3855,585716,22023,1439,-0.33,3.76,976,0.0,APPROVE - Low fraud risk,0,
influencer_3856,127932,2787,199,-0.23,2.18,1571,0.0,APPROVE - Low fraud risk,0,
influencer_3857,524126,16734,447,-1.34,3.19,675,0.0,APPROVE - Low fraud risk,0,
influencer_3858,540704,20345,849,3.78,3.76,1169,0.0,APPROVE - Low fraud risk,0,
influencer_3859,2421155,86400,3143,-1.4,3.57,1169,0.6,APPROVE - Low fraud risk,0,
influencer_3860,1002071,40348,1579,6.34,4.03,856,0.7,APPROVE - Low fraud risk,0,
influencer_3861,2237730,52452,1039,-0.95,2.34,1369,0.0,APPROVE - Low fraud risk,0,
influencer_3862,740145,22018,1186,3.66,2.97,1361,0.0,APPROVE - Low fraud risk,0,
influencer_3863,468302,12244,766,2.56,2.61,1594,0.0,APPROVE - Low fraud risk,0,
influencer_3864,1671261,40871,1709,7.64,2.45,566,2.0,APPROVE - Low fraud risk,0,
influencer_3865,617734,20254,914,2.26,3.28,170,0.1,APPROVE - Low fraud risk,0,
influencer_3866,517450,2223,106,-1.09,0.43,423,10.0,APPROVE - Low fraud risk,0,
influencer_3867,85278,3229,168,4.1,3.79,1050,0.0,APPROVE - Low fraud risk,0,
influencer_3868,437639,6298,2983,7.84,1.44,71,92.8,REJECT - High fraud risk,1,
influencer_3869,155501,5948,326,5.41,3.83,705,0.1,APPROVE - Low fraud risk,0,
influencer_3870,149379,1571,45,-3.26,1.05,401,0.3,APPROVE - Low fraud risk,0,
influencer_3871,425950,8143,193,-3.16,1.91,88,0.3,APPROVE - Low fraud risk,0,
influencer_3872,635094,24466,1037,8.48,3.85,196,0.4,APPROVE - Low fraud risk,0,
influencer_3873,396673,9493,668,3.98,2.39,222,0.3,APPROVE - Low fraud risk,0,
influencer_3874,115016,2629,20,2.63,2.29,1632,0.0,APPROVE - Low fraud risk,0,
influencer_3875,692803,14391,751,2.58,2.08,493,0.0,APPROVE - Low fraud risk,0,
influencer_3876,753970,8522,318,5.89,1.13,1052,1.5,APPROVE - Low fraud risk,0,
influencer_3877,44674,1962,68,-5.16,4.39,181,0.3,APPROVE - Low fraud risk,0,
influencer_3878,491385,2703,91,9.65,0.55,901,38.5,CAUTION - Monitor 2-4 weeks,0,
influencer_3879,3000000,39722,9636,18.94,1.32,213,72.8,MANUAL REVIEW - Audit history,1,
influencer_3880,75693,2542,110,1.35,3.36,1107,0.0,APPROVE - Low fraud risk,0,
influencer_3881,335638,8887,372,3.66,2.65,874,0.3,APPROVE - Low fraud risk,0,
influencer_3882,41689,1328,76,-2.51,3.19,1521,0.0,APPROVE - Low fraud risk,0,
influencer_3883,1386258,42263,1410,-3.07,3.05,1154,0.0,APPROVE - Low fraud risk,0,
influencer_3884,152182,7688,423,2.27,5.05,373,0.1,APPROVE - Low fraud risk,0,
influencer_3885,541017,16535,1177,0.8,3.06,1650,0.3,APPROVE - Low fraud risk,0,
influencer_3886,3011606,96211,6241,6.48,3.19,575,2.1,APPROVE - Low fraud risk,0,
influencer_3887,150360,1367,49,1.19,0.91,166,1.0,APPROVE - Low fraud risk,0,
influencer_3888,1097214,22554,1005,7.23,2.06,1498,0.0,APPROVE - Low fraud risk,0,
influencer_3889,526460,20898,1299,9.1,3.97,534,0.8,APPROVE - Low fraud risk,0,
influencer_3890,305979,7883,2431,5.11,2.58,378,97.5,REJECT - High fraud risk,1,
influencer_3891,310943,9281,4625,27.64,2.98,125,99.6,REJECT - High fraud risk,1,
influencer_3892,2065680,40757,1859,-0.93,1.97,1146,0.0,APPROVE - Low fraud risk,0,
influencer_3893,728975,40181,1040,-2.71,5.51,1160,0.0,APPROVE - Low fraud risk,0,
influencer_3894,89498,1461,64,8.75,1.63,1734,0.5,APPROVE - Low fraud risk,0,
influencer_3895,74708,2999,170,2.43,4.01,1015,0.0,APPROVE - Low fraud risk,0,
influencer_3896,3280245,62093,2398,0.75,1.89,1159,0.2,APPROVE - Low fraud risk,0,
influencer_3897,1013825,28679,1061,4.6,2.83,67,0.2,APPROVE - Low fraud risk,0,
influencer_3898,133890,1835,72,3.56,1.37,728,0.0,APPROVE - Low fraud risk,0,
influencer_3899,1001107,1175,19,27.45,0.12,281,100.0,REJECT - High fraud risk,1,
influencer_3900,377713,1046,19,20.45,0.28,877,96.5,REJECT - High fraud risk,1,
influencer_3901,50665,1247,56,1.61,2.46,881,0.0,APPROVE - Low fraud risk,0,
influencer_3902,1365408,28379,1358,3.15,2.08,1347,0.1,APPROVE - Low fraud risk,0,
influencer_3903,2532213,104460,1730,6.93,4.13,1642,0.1,APPROVE - Low fraud risk,0,
influencer_3904,496956,13135,3253,2.04,2.64,853,96.5,REJECT - High fraud risk,1,
influencer_3905,413737,10447,346,-0.6,2.52,755,0.0,APPROVE - Low fraud risk,0,
influencer_3906,223144,4691,226,6.82,2.1,898,0.0,APPROVE - Low fraud risk,0,
influencer_3907,2700769,178,3,18.14,0.01,696,100.0,REJECT - High fraud risk,1,
influencer_3908,348073,1169,50,2.42,0.34,1863,19.9,APPROVE - Low fraud risk,0,
influencer_3909,2709117,91532,3506,-0.65,3.38,1275,0.2,APPROVE - Low fraud risk,0,
influencer_3910,449551,18597,7513,16.47,4.14,351,98.9,REJECT - High fraud risk,1,
influencer_3911,1830559,68412,3021,9.86,3.74,368,2.1,APPROVE - Low fraud risk,0,
influencer_3912,221636,13864,503,2.22,6.26,647,0.1,APPROVE - Low fraud risk,0,
influencer_3913,2248550,2093,33,7.44,0.09,150,95.5,REJECT - High fraud risk,1,
influencer_3914,92572,2334,130,6.88,2.52,801,0.3,APPROVE - Low fraud risk,0,
influencer_3915,2038630,450,12,33.29,0.02,763,100.0,REJECT - High fraud risk,1,
influencer_3916,162489,4782,169,2.11,2.94,1393,0.0,APPROVE - Low fraud risk,0,
influencer_3917,358963,211,6,33.51,0.06,394,99.7,REJECT - High fraud risk,1,
influencer_3918,1138191,40185,2703,8.44,3.53,1657,0.0,APPROVE - Low fraud risk,0,
influencer_3919,1231720,29289,1938,-4.22,2.38,490,0.4,APPROVE - Low fraud risk,0,
influencer_3920,292361,11383,344,1.7,3.89,1876,0.0,APPROVE - Low fraud risk,0,
influencer_3921,183179,2015,67,3.02,1.1,462,0.7,APPROVE - Low fraud risk,0,
influencer_3922,2235768,99,3,25.44,0.0,760,100.0,REJECT - High fraud risk,1,
influencer_3923,186887,6021,198,6.21,3.22,502,0.1,APPROVE - Low fraud risk,0,
influencer_3924,1346241,53154,2210,4.48,3.95,573,0.7,APPROVE - Low fraud risk,0,
influencer_3925,402435,14272,783,1.1,3.55,1033,0.0,APPROVE - Low fraud risk,0,
influencer_3926,213605,6007,174,-7.24,2.81,749,0.0,APPROVE - Low fraud risk,0,
influencer_3927,142943,4145,1261,5.12,2.9,795,92.7,REJECT - High fraud risk,1,
influencer_3928,20831,805,44,2.96,3.86,658,1.5,APPROVE - Low fraud risk,0,
influencer_3929,250158,163,6,7.45,0.07,634,97.0,REJECT - High fraud risk,1,
influencer_3930,1310797,8599,680,-4.16,0.66,1420,3.3,APPROVE - Low fraud risk,0,
influencer_3931,3741337,102482,5156,3.84,2.74,954,0.0,APPROVE - Low fraud risk,0,
influencer_3932,185585,5979,346,-0.29,3.22,1843,0.0,APPROVE - Low fraud risk,0,
influencer_3933,169847,7399,3343,4.83,4.36,308,97.7,REJECT - High fraud risk,1,
influencer_3934,5000000,156233,6704,1.77,3.12,286,0.6,APPROVE - Low fraud risk,0,
influencer_3935,349178,10753,712,4.12,3.08,936,0.0,APPROVE - Low fraud risk,0,
influencer_3936,153722,6118,330,5.05,3.98,1190,0.0,APPROVE - Low fraud risk,0,
influencer_3937,448318,9000,515,0.29,2.01,1983,0.0,APPROVE - Low fraud risk,0,
influencer_3938,250169,9545,542,11.13,3.82,1757,2.0,APPROVE - Low fraud risk,0,
influencer_3939,662050,14730,583,6.71,2.22,982,0.0,APPROVE - Low fraud risk,0,
influencer_3940,212678,11479,632,-3.12,5.4,1757,0.0,APPROVE - Low fraud risk,0,
influencer_3941,1656698,37649,1740,-2.46,2.27,859,0.4,APPROVE - Low fraud risk,0,
influencer_3942,123218,1904,123,8.75,1.55,185,5.0,APPROVE - Low fraud risk,0,
influencer_3943,684295,572,12,21.73,0.08,179,100.0,REJECT - High fraud risk,1,
influencer_3944,135419,5127,191,-5.35,3.79,760,0.0,APPROVE - Low fraud risk,0,
influencer_3945,447791,10247,457,4.05,2.29,727,0.0,APPROVE - Low fraud risk,0,
influencer_3946,563161,13825,447,6.39,2.45,469,0.0,APPROVE - Low fraud risk,0,
influencer_3947,1112742,26185,1593,-0.97,2.35,198,0.5,APPROVE - Low fraud risk,0,
influencer_3948,359611,13278,629,2.97,3.69,156,0.1,APPROVE - Low fraud risk,0,
influencer_3949,649302,20502,789,-1.93,3.16,855,0.0,APPROVE - Low fraud risk,0,
influencer_3950,869683,23646,922,1.56,2.72,1964,0.0,APPROVE - Low fraud risk,0,
influencer_3951,552287,20123,938,9.05,3.64,1311,0.0,APPROVE - Low fraud risk,0,
influencer_3952,212488,7414,3163,11.05,3.49,969,97.5,REJECT - High fraud risk,1,
influencer_3953,1071990,39459,2528,5.04,3.68,645,2.1,APPROVE - Low fraud risk,0,
influencer_3954,575540,6517,309,2.0,1.13,193,0.0,APPROVE - Low fraud risk,0,
influencer_3955,328128,15043,826,6.86,4.58,167,0.1,APPROVE - Low fraud risk,0,
influencer_3956,50522,527,17,4.5,1.04,473,1.7,APPROVE - Low fraud risk,0,
influencer_3957,432902,11752,593,-1.37,2.71,128,0.0,APPROVE - Low fraud risk,0,
influencer_3958,340787,5471,260,6.91,1.61,1255,0.0,APPROVE - Low fraud risk,0,
influencer_3959,431250,17464,920,6.28,4.05,997,0.0,APPROVE - Low fraud risk,0,
influencer_3960,640680,15758,801,5.42,2.46,903,0.0,APPROVE - Low fraud risk,0,
influencer_3961,334275,1263,44,16.69,0.38,483,73.2,MANUAL REVIEW - Audit history,1,
influencer_3962,220449,5067,118,7.75,2.3,859,0.0,APPROVE - Low fraud risk,0,
influencer_3963,768780,78,2,3.15,0.01,894,99.3,REJECT - High fraud risk,1,
influencer_3964,398900,14028,464,6.86,3.52,1709,0.0,APPROVE - Low fraud risk,0,
influencer_3965,810397,15513,830,-3.22,1.91,1696,0.0,APPROVE - Low fraud risk,0,
influencer_3966,253524,9059,232,-2.83,3.57,646,0.0,APPROVE - Low fraud risk,0,
influencer_3967,1205121,448,24,28.61,0.04,99,100.0,REJECT - High fraud risk,1,
influencer_3968,816089,24482,1256,4.45,3.0,1004,0.0,APPROVE - Low fraud risk,0,
influencer_3969,411001,14288,995,4.07,3.48,720,0.1,APPROVE - Low fraud risk,0,
influencer_3970,71384,2543,109,-3.64,3.56,246,0.0,APPROVE - Low fraud risk,0,
influencer_3971,1084737,33986,1381,-5.43,3.13,155,0.3,APPROVE - Low fraud risk,0,
influencer_3972,398868,10350,372,-2.43,2.59,984,0.0,APPROVE - Low fraud risk,0,
influencer_3973,130350,4930,277,2.51,3.78,836,0.3,APPROVE - Low fraud risk,0,
influencer_3974,681952,24229,1275,-1.18,3.55,674,0.0,APPROVE - Low fraud risk,0,
influencer_3975,1382410,182,4,1.09,0.01,873,100.0,REJECT - High fraud risk,1,
influencer_3976,3012642,10578,438,7.05,0.35,620,35.3,CAUTION - Monitor 2-4 weeks,0,
influencer_3977,127956,4870,188,-3.67,3.81,1980,0.0,APPROVE - Low fraud risk,0,
influencer_3978,1401190,75503,1594,4.85,5.39,1993,0.0,APPROVE - Low fraud risk,0,
influencer_3979,1093031,28416,7538,5.19,2.6,917,95.3,REJECT - High fraud risk,1,
influencer_3980,104138,3653,191,-5.51,3.51,247,0.0,APPROVE - Low fraud risk,0,
influencer_3981,259156,6973,215,2.06,2.69,1661,0.0,APPROVE - Low fraud risk,0,
influencer_3982,1810364,50519,2936,2.06,2.79,1139,0.2,APPROVE - Low fraud risk,0,
influencer_3983,1402614,35764,2020,3.43,2.55,1333,0.1,APPROVE - Low fraud risk,0,
influencer_3984,95281,4457,1521,16.25,4.68,751,97.5,REJECT - High fraud risk,1,
influencer_3985,183747,6290,122,7.26,3.42,1637,0.0,APPROVE - Low fraud risk,0,
influencer_3986,959924,26313,1582,4.09,2.74,901,0.5,APPROVE - Low fraud risk,0,
influencer_3987,274410,2453,111,3.59,0.89,892,0.3,APPROVE - Low fraud risk,0,
influencer_3988,1437527,25102,920,2.9,1.75,1867,0.0,APPROVE - Low fraud risk,0,
influencer_3989,822122,39792,2374,10.09,4.84,953,5.5,APPROVE - Low fraud risk,0,
influencer_3990,684669,20991,1185,3.41,3.07,917,0.3,APPROVE - Low fraud risk,0,
influencer_3991,461762,26608,942,-0.7,5.76,1764,0.0,APPROVE - Low fraud risk,0,
influencer_3992,187218,4432,225,-1.43,2.37,324,0.0,APPROVE - Low fraud risk,0,
influencer_3993,176027,4658,357,4.77,2.65,74,0.5,APPROVE - Low fraud risk,0,
influencer_3994,263706,9520,572,-0.98,3.61,1300,0.0,APPROVE - Low fraud risk,0,
influencer_3995,427702,15684,581,-2.24,3.67,1313,0.0,APPROVE - Low fraud risk,0,
influencer_3996,324647,9741,408,5.47,3.0,884,0.3,APPROVE - Low fraud risk,0,
influencer_3997,132838,5444,239,-1.54,4.1,631,0.0,APPROVE - Low fraud risk,0,
influencer_3998,171656,3875,149,-3.81,2.26,1300,0.0,APPROVE - Low fraud risk,0,
influencer_3999,1224504,145,2,50.84,0.01,348,100.0,REJECT - High fraud risk,1,
influencer_4000,640129,22366,890,0.71,3.49,1054,0.0,APPROVE - Low fraud risk,0,
influencer_4001,257110,7810,199,5.14,3.04,1814,0.0,APPROVE - Low fraud risk,0,
influencer_4002,813701,18788,1102,2.83,2.31,1621,0.0,APPROVE - Low fraud risk,0,
influencer_4003,156631,3376,149,2.54,2.16,1450,0.0,APPROVE - Low fraud risk,0,
influencer_4004,473485,16873,698,3.21,3.56,503,0.1,APPROVE - Low fraud risk,0,
influencer_4005,636757,22046,1091,7.67,3.46,974,0.0,APPROVE - Low fraud risk,0,
influencer_4006,766636,27933,1234,1.85,3.64,1464,0.0,APPROVE - Low fraud risk,0,
influencer_4007,2207980,22240,940,6.05,1.01,1268,0.3,APPROVE - Low fraud risk,0,
influencer_4008,262508,6416,242,-0.02,2.44,301,0.0,APPROVE - Low fraud risk,0,
influencer_4009,174872,5833,225,2.68,3.34,1941,0.0,APPROVE - Low fraud risk,0,
influencer_4010,56481,1520,91,9.02,2.69,1405,0.3,APPROVE - Low fraud risk,0,
influencer_4011,349637,6558,315,4.04,1.88,1458,0.0,APPROVE - Low fraud risk,0,
influencer_4012,108247,3398,156,6.91,3.14,1695,0.0,APPROVE - Low fraud risk,0,
influencer_4013,241786,9606,2831,-7.86,3.97,913,96.7,REJECT - High fraud risk,1,
influencer_4014,1727138,8327,278,4.06,0.48,903,14.1,APPROVE - Low fraud risk,0,
influencer_4015,422533,14418,681,4.26,3.41,457,0.1,APPROVE - Low fraud risk,0,
influencer_4016,738932,16583,875,3.32,2.24,802,0.0,APPROVE - Low fraud risk,0,
influencer_4017,263372,5935,150,3.57,2.25,1841,0.3,APPROVE - Low fraud risk,0,
influencer_4018,369949,14282,6312,9.13,3.86,1137,94.0,REJECT - High fraud risk,1,
influencer_4019,96722,3348,105,6.96,3.46,172,0.1,APPROVE - Low fraud risk,0,
influencer_4020,276440,706,24,30.22,0.26,551,96.2,REJECT - High fraud risk,1,
influencer_4021,589382,14470,484,4.21,2.46,1940,0.0,APPROVE - Low fraud risk,0,
influencer_4022,528666,21299,902,-0.27,4.03,1313,0.0,APPROVE - Low fraud risk,0,
influencer_4023,161678,3939,259,-0.91,2.44,1223,0.0,APPROVE - Low fraud risk,0,
influencer_4024,252226,10468,568,3.11,4.15,952,0.0,APPROVE - Low fraud risk,0,
influencer_4025,35997,1647,65,2.72,4.57,1826,0.0,APPROVE - Low fraud risk,0,
influencer_4026,727192,24149,1171,8.24,3.32,1833,0.0,APPROVE - Low fraud risk,0,
influencer_4027,206650,5448,212,3.78,2.64,602,0.1,APPROVE - Low fraud risk,0,
influencer_4028,724430,16074,883,1.89,2.22,1617,0.0,APPROVE - Low fraud risk,0,
influencer_4029,515053,18640,890,7.08,3.62,872,0.3,APPROVE - Low fraud risk,0,
influencer_4030,260128,15604,605,0.45,6.0,745,0.0,APPROVE - Low fraud risk,0,
influencer_4031,959879,15679,744,-3.06,1.63,1256,0.0,APPROVE - Low fraud risk,0,
influencer_4032,478045,9814,448,9.03,2.05,426,2.9,APPROVE - Low fraud risk,0,
influencer_4033,348530,1598,50,17.8,0.46,689,68.4,MANUAL REVIEW - Audit history,1,
influencer_4034,78492,3695,200,3.89,4.71,1880,0.0,APPROVE - Low fraud risk,0,
influencer_4035,1098977,44601,3119,-2.8,4.06,772,0.2,APPROVE - Low fraud risk,0,
influencer_4036,369123,22420,1253,-1.23,6.07,1949,0.3,APPROVE - Low fraud risk,0,
influencer_4037,1528948,24576,1325,2.08,1.61,520,0.0,APPROVE - Low fraud risk,0,
influencer_4038,95042,2951,145,5.86,3.11,1631,0.0,APPROVE - Low fraud risk,0,
influencer_4039,61052,1882,77,-0.58,3.08,861,0.0,APPROVE - Low fraud risk,0,
influencer_4040,618346,16510,970,1.03,2.67,1340,0.0,APPROVE - Low fraud risk,0,
influencer_4041,165929,7733,201,6.61,4.66,590,0.1,APPROVE - Low fraud risk,0,
influencer_4042,378939,7708,436,6.15,2.03,213,0.0,APPROVE - Low fraud risk,0,
influencer_4043,267073,6573,222,1.7,2.46,890,0.0,APPROVE - Low fraud risk,0,
influencer_4044,304070,7716,364,4.89,2.54,846,0.0,APPROVE - Low fraud risk,0,
influencer_4045,184599,4087,140,6.22,2.21,1126,0.0,APPROVE - Low fraud risk,0,
influencer_4046,203213,7601,324,2.45,3.74,682,0.1,APPROVE - Low fraud risk,0,
influencer_4047,333896,10560,236,0.71,3.16,1134,0.0,APPROVE - Low fraud risk,0,
influencer_4048,328537,7370,2227,-0.31,2.24,1185,95.6,REJECT - High fraud risk,1,
influencer_4049,223062,8245,76,1.2,3.7,239,0.1,APPROVE - Low fraud risk,0,
influencer_4050,282518,7443,494,10.0,2.63,1529,0.5,APPROVE - Low fraud risk,0,
influencer_4051,860502,31343,1298,2.68,3.64,1139,0.0,APPROVE - Low fraud risk,0,
influencer_4052,126219,8265,269,1.92,6.55,1227,0.0,APPROVE - Low fraud risk,0,
influencer_4053,433948,9468,527,2.97,2.18,704,0.0,APPROVE - Low fraud risk,0,
influencer_4054,280430,4634,119,4.52,1.65,1328,0.0,APPROVE - Low fraud risk,0,
influencer_4055,529151,9587,378,1.07,1.81,281,0.0,APPROVE - Low fraud risk,0,
influencer_4056,130421,3494,211,7.69,2.68,1401,0.3,APPROVE - Low fraud risk,0,
influencer_4057,131976,5171,246,2.84,3.92,351,0.1,APPROVE - Low fraud risk,0,
influencer_4058,315107,9550,2898,9.66,3.03,346,98.3,REJECT - High fraud risk,1,
influencer_4059,73962,2087,71,8.39,2.82,1493,0.0,APPROVE - Low fraud risk,0,
influencer_4060,659732,16450,564,-0.98,2.49,1030,0.0,APPROVE - Low fraud risk,0,
influencer_4061,498640,17693,5319,31.03,3.55,716,99.4,REJECT - High fraud risk,1,
influencer_4062,395286,9519,219,2.79,2.41,934,0.0,APPROVE - Low fraud risk,0,
influencer_4063,679966,12414,647,3.34,1.83,1132,0.0,APPROVE - Low fraud risk,0,
influencer_4064,276189,4849,286,2.74,1.76,1313,0.0,APPROVE - Low fraud risk,0,
influencer_4065,172188,5992,2603,1.22,3.48,685,98.7,REJECT - High fraud risk,1,
influencer_4066,187975,8655,619,-3.9,4.6,329,0.0,APPROVE - Low fraud risk,0,
influencer_4067,143388,7012,413,5.15,4.89,1935,0.0,APPROVE - Low fraud risk,0,
influencer_4068,998506,29789,1150,2.83,2.98,307,0.1,APPROVE - Low fraud risk,0,
influencer_4069,51305,994,23,2.16,1.94,163,1.3,APPROVE - Low fraud risk,0,
influencer_4070,524016,9664,4081,11.69,1.84,298,96.4,REJECT - High fraud risk,1,
influencer_4071,1244592,56579,3413,2.78,4.55,1394,0.2,APPROVE - Low fraud risk,0,
influencer_4072,339847,7641,426,5.04,2.25,485,0.0,APPROVE - Low fraud risk,0,
influencer_4073,1283460,26757,1584,2.65,2.08,717,0.2,APPROVE - Low fraud risk,0,
influencer_4074,166673,6453,128,-1.32,3.87,145,0.0,APPROVE - Low fraud risk,0,
influencer_4075,344881,2397,59,11.65,0.7,262,67.3,MANUAL REVIEW - Audit history,1,
influencer_4076,578080,20834,6565,27.95,3.6,222,99.1,REJECT - High fraud risk,1,
influencer_4077,1006039,26701,818,2.18,2.65,1452,0.0,APPROVE - Low fraud risk,0,
influencer_4078,2659713,203,10,13.52,0.01,712,100.0,REJECT - High fraud risk,1,
influencer_4079,184693,2248,119,2.45,1.22,836,0.0,APPROVE - Low fraud risk,0,
influencer_4080,628763,29044,1917,2.03,4.62,1685,0.0,APPROVE - Low fraud risk,0,
influencer_4081,80003,2801,197,0.44,3.5,949,0.0,APPROVE - Low fraud risk,0,
influencer_4082,1894540,214,7,13.14,0.01,475,100.0,REJECT - High fraud risk,1,
influencer_4083,244593,5980,225,10.69,2.44,1317,0.3,APPROVE - Low fraud risk,0,
influencer_4084,1552891,62465,1018,1.58,4.02,414,0.1,APPROVE - Low fraud risk,0,
influencer_4085,1184813,508,19,5.14,0.04,717,100.0,REJECT - High fraud risk,1,
influencer_4086,108382,2810,80,2.85,2.59,1416,0.0,APPROVE - Low fraud risk,0,
influencer_4087,124748,3590,101,-1.09,2.88,387,0.0,APPROVE - Low fraud risk,0,
influencer_4088,2419072,115289,4603,3.48,4.77,1948,0.2,APPROVE - Low fraud risk,0,
influencer_4089,238968,10343,4646,18.31,4.33,617,98.6,REJECT - High fraud risk,1,
influencer_4090,2488021,82411,5005,-1.82,3.31,1716,0.9,APPROVE - Low fraud risk,0,
influencer_4091,723956,43139,1961,-1.73,5.96,274,0.4,APPROVE - Low fraud risk,0,
influencer_4092,2080731,75172,2324,0.11,3.61,1417,0.2,APPROVE - Low fraud risk,0,
influencer_4093,1359967,13823,513,4.15,1.02,143,0.8,APPROVE - Low fraud risk,0,
influencer_4094,1160310,49234,1487,10.16,4.24,1303,1.0,APPROVE - Low fraud risk,0,
influencer_4095,221005,13293,429,9.63,6.01,1845,0.3,APPROVE - Low fraud risk,0,
influencer_4096,890401,17192,634,1.85,1.93,1185,0.0,APPROVE - Low fraud risk,0,
influencer_4097,616913,16577,616,9.41,2.69,925,2.0,APPROVE - Low fraud risk,0,
influencer_4098,658681,12625,451,2.84,1.92,350,0.0,APPROVE - Low fraud risk,0,
influencer_4099,746119,17400,992,1.79,2.33,82,0.0,APPROVE - Low fraud risk,0,
influencer_4100,503783,1233,32,29.15,0.24,143,98.6,REJECT - High fraud risk,1,
influencer_4101,135811,5902,223,5.0,4.35,502,0.1,APPROVE - Low fraud risk,0,
influencer_4102,396401,2718,142,-0.93,0.69,1425,2.7,APPROVE - Low fraud risk,0,
influencer_4103,210737,7490,476,11.85,3.55,379,7.1,APPROVE - Low fraud risk,0,
influencer_4104,469209,7053,452,-0.35,1.5,1228,0.0,APPROVE - Low fraud risk,0,
influencer_4105,1250254,44199,1031,4.21,3.54,801,0.1,APPROVE - Low fraud risk,0,
influencer_4106,42140,1621,67,4.45,3.85,887,0.3,APPROVE - Low fraud risk,0,
influencer_4107,887492,23698,791,1.78,2.67,579,0.1,APPROVE - Low fraud risk,0,
influencer_4108,597929,12542,700,7.09,2.1,1062,0.0,APPROVE - Low fraud risk,0,
influencer_4109,138555,6554,405,5.02,4.73,64,2.5,APPROVE - Low fraud risk,0,
influencer_4110,617486,12555,677,6.71,2.03,1433,0.0,APPROVE - Low fraud risk,0,
influencer_4111,324007,7719,258,10.36,2.38,569,5.0,APPROVE - Low fraud risk,0,
influencer_4112,651559,43618,1510,3.38,6.69,954,0.0,APPROVE - Low fraud risk,0,
influencer_4113,424416,15873,579,-4.74,3.74,937,0.0,APPROVE - Low fraud risk,0,
influencer_4114,221827,9065,349,0.98,4.09,1475,0.0,APPROVE - Low fraud risk,0,
influencer_4115,272158,8671,615,7.74,3.19,563,0.1,APPROVE - Low fraud risk,0,
influencer_4116,981617,508,21,7.22,0.05,312,99.6,REJECT - High fraud risk,1,
influencer_4117,2212499,11258,726,-0.3,0.51,470,1.7,APPROVE - Low fraud risk,0,
influencer_4118,128605,3660,131,11.14,2.85,1276,1.5,APPROVE - Low fraud risk,0,
influencer_4119,21731,436,22,2.48,2.01,150,1.0,APPROVE - Low fraud risk,0,
influencer_4120,360255,8658,278,0.72,2.4,114,0.0,APPROVE - Low fraud risk,0,
influencer_4121,122202,1028,65,6.97,0.84,478,3.1,APPROVE - Low fraud risk,0,
influencer_4122,388725,13628,384,2.11,3.51,1355,0.0,APPROVE - Low fraud risk,0,
influencer_4123,353571,6240,206,1.08,1.76,139,0.0,APPROVE - Low fraud risk,0,
influencer_4124,667854,2409,153,4.7,0.36,1838,10.5,APPROVE - Low fraud risk,0,
influencer_4125,1030407,28589,1895,6.71,2.77,1247,0.1,APPROVE - Low fraud risk,0,
influencer_4126,1072597,38083,15922,8.24,3.55,790,94.5,REJECT - High fraud risk,1,
influencer_4127,4041065,166424,8357,2.89,4.12,409,0.6,APPROVE - Low fraud risk,0,
influencer_4128,709417,1735,39,2.54,0.24,796,70.9,MANUAL REVIEW - Audit history,1,
influencer_4129,998153,31417,1359,3.47,3.15,1770,0.0,APPROVE - Low fraud risk,0,
influencer_4130,1328826,19209,916,5.76,1.45,699,0.2,APPROVE - Low fraud risk,0,
influencer_4131,1008932,51127,2870,6.93,5.07,1523,0.6,APPROVE - Low fraud risk,0,
influencer_4132,45727,1189,48,4.91,2.6,276,0.5,APPROVE - Low fraud risk,0,
influencer_4133,221710,9510,277,-0.06,4.29,484,0.0,APPROVE - Low fraud risk,0,
influencer_4134,303419,12925,269,4.43,4.26,1960,0.0,APPROVE - Low fraud risk,0,
influencer_4135,102252,3539,172,0.21,3.46,726,0.0,APPROVE - Low fraud risk,0,
influencer_4136,356155,13979,7458,17.28,3.92,61,99.6,REJECT - High fraud risk,1,
influencer_4137,604584,7232,298,7.26,1.2,1228,1.2,APPROVE - Low fraud risk,0,
influencer_4138,30931,506,26,7.12,1.64,1417,0.3,APPROVE - Low fraud risk,0,
influencer_4139,474003,11519,359,4.23,2.43,1279,0.0,APPROVE - Low fraud risk,0,
influencer_4140,836120,32325,1012,0.07,3.87,1998,0.0,APPROVE - Low fraud risk,0,
influencer_4141,680369,33288,821,1.91,4.89,1027,0.3,APPROVE - Low fraud risk,0,
influencer_4142,245984,9486,4458,-6.27,3.86,1136,93.3,REJECT - High fraud risk,1,
influencer_4143,339905,9534,323,-2.64,2.8,1881,0.0,APPROVE - Low fraud risk,0,
influencer_4144,69143,1982,72,5.6,2.87,983,0.0,APPROVE - Low fraud risk,0,
influencer_4145,355502,15552,790,-2.15,4.37,768,0.3,APPROVE - Low fraud risk,0,
influencer_4146,703469,22982,1078,3.88,3.27,1324,0.0,APPROVE - Low fraud risk,0,
influencer_4147,340347,2990,224,-1.21,0.88,1790,0.0,APPROVE - Low fraud risk,0,
influencer_4148,65734,2566,151,5.3,3.9,1939,0.0,APPROVE - Low fraud risk,0,
influencer_4149,558094,1327,37,34.68,0.24,613,98.3,REJECT - High fraud risk,1,
influencer_4150,870779,31992,926,3.01,3.67,1094,0.0,APPROVE - Low fraud risk,0,
influencer_4151,578237,13783,78,7.93,2.38,1985,0.0,APPROVE - Low fraud risk,0,
influencer_4152,441869,8373,418,-1.16,1.89,1728,0.0,APPROVE - Low fraud risk,0,
influencer_4153,525947,25383,987,8.21,4.83,1670,0.0,APPROVE - Low fraud risk,0,
influencer_4154,1394599,23334,1436,1.0,1.67,1336,0.0,APPROVE - Low fraud risk,0,
influencer_4155,372479,10958,243,4.05,2.94,1392,0.0,APPROVE - Low fraud risk,0,
influencer_4156,1247751,31394,2364,5.11,2.52,1238,1.0,APPROVE - Low fraud risk,0,
influencer_4157,5000000,50244,1215,2.86,1.0,1387,0.0,APPROVE - Low fraud risk,0,
influencer_4158,66449,2376,138,-4.32,3.58,645,0.0,APPROVE - Low fraud risk,0,
influencer_4159,4344332,159342,6555,6.42,3.67,1495,0.4,APPROVE - Low fraud risk,0,
influencer_4160,726032,14636,534,-6.76,2.02,468,0.0,APPROVE - Low fraud risk,0,
influencer_4161,606573,29540,846,0.88,4.87,1534,0.0,APPROVE - Low fraud risk,0,
influencer_4162,1452711,38135,1400,1.6,2.63,189,0.4,APPROVE - Low fraud risk,0,
influencer_4163,1960960,59547,3072,1.22,3.04,1808,0.2,APPROVE - Low fraud risk,0,
influencer_4164,504412,11502,609,5.84,2.28,725,0.0,APPROVE - Low fraud risk,0,
influencer_4165,199201,5875,168,2.29,2.95,1864,0.0,APPROVE - Low fraud risk,0,
influencer_4166,125979,2790,66,0.12,2.21,1571,0.0,APPROVE - Low fraud risk,0,
influencer_4167,995022,26911,650,3.88,2.7,544,0.2,APPROVE - Low fraud risk,0,
influencer_4168,702394,19268,423,3.78,2.74,484,0.1,APPROVE - Low fraud risk,0,
influencer_4169,1959855,82624,4650,9.5,4.22,872,2.4,APPROVE - Low fraud risk,0,
influencer_4170,585288,18622,3459,5.5,3.18,801,94.8,REJECT - High fraud risk,1,
influencer_4171,341322,9706,450,2.11,2.84,1279,0.0,APPROVE - Low fraud risk,0,
influencer_4172,572995,8810,235,4.29,1.54,271,0.3,APPROVE - Low fraud risk,0,
influencer_4173,310805,8977,424,0.45,2.89,459,0.0,APPROVE - Low fraud risk,0,
influencer_4174,989190,25435,885,4.2,2.57,1519,0.0,APPROVE - Low fraud risk,0,
influencer_4175,708021,22013,1255,8.4,3.11,1470,0.0,APPROVE - Low fraud risk,0,
influencer_4176,400034,10111,516,3.91,2.53,278,0.0,APPROVE - Low fraud risk,0,
influencer_4177,851239,28024,2106,3.91,3.29,1939,1.0,APPROVE - Low fraud risk,0,
influencer_4178,269334,6626,333,2.56,2.46,154,0.0,APPROVE - Low fraud risk,0,
influencer_4179,366326,8001,278,9.56,2.18,1574,0.9,APPROVE - Low fraud risk,0,
influencer_4180,147405,4044,179,2.48,2.74,1965,0.0,APPROVE - Low fraud risk,0,
influencer_4181,407483,13148,208,6.21,3.23,972,0.0,APPROVE - Low fraud risk,0,
influencer_4182,3184504,99856,4526,5.59,3.14,717,0.5,APPROVE - Low fraud risk,0,
influencer_4183,983338,41413,1334,5.61,4.21,1033,0.2,APPROVE - Low fraud risk,0,
influencer_4184,617450,14791,869,6.19,2.4,424,0.0,APPROVE - Low fraud risk,0,
influencer_4185,236039,5629,352,-4.89,2.38,1071,0.0,APPROVE - Low fraud risk,0,
influencer_4186,86374,1930,118,2.1,2.23,1743,0.0,APPROVE - Low fraud risk,0,
influencer_4187,1364787,70877,2170,-3.47,5.19,238,0.6,APPROVE - Low fraud risk,0,
influencer_4188,359531,8438,449,-1.4,2.35,1813,0.0,APPROVE - Low fraud risk,0,
influencer_4189,1089266,48176,2359,-3.07,4.42,1818,0.6,APPROVE - Low fraud risk,0,
influencer_4190,581768,23034,1172,1.23,3.96,1389,0.0,APPROVE - Low fraud risk,0,
influencer_4191,414042,5914,133,5.6,1.43,1797,0.3,APPROVE - Low fraud risk,0,
influencer_4192,1173411,19766,9608,10.6,1.68,449,94.8,REJECT - High fraud risk,1,
influencer_4193,208689,10911,544,7.67,5.23,1075,0.0,APPROVE - Low fraud risk,0,
influencer_4194,526704,14127,426,8.8,2.68,1979,0.3,APPROVE - Low fraud risk,0,
influencer_4195,171257,8191,258,-7.12,4.78,1674,0.0,APPROVE - Low fraud risk,0,
influencer_4196,824066,31395,1544,9.96,3.81,1002,1.9,APPROVE - Low fraud risk,0,
influencer_4197,126762,3471,173,3.69,2.74,1202,0.0,APPROVE - Low fraud risk,0,
influencer_4198,981376,3833,221,-3.04,0.39,833,11.8,APPROVE - Low fraud risk,0,
influencer_4199,847645,14025,865,0.76,1.65,1859,0.0,APPROVE - Low fraud risk,0,
influencer_4200,587785,21112,4313,23.47,3.59,22,97.5,REJECT - High fraud risk,1,
influencer_4201,76119,1990,86,-0.78,2.61,142,0.7,APPROVE - Low fraud risk,0,
influencer_4202,66220,2543,93,4.5,3.84,1980,0.0,APPROVE - Low fraud risk,0,
influencer_4203,656614,18436,887,4.66,2.81,1066,0.0,APPROVE - Low fraud risk,0,
influencer_4204,151959,5080,1440,7.81,3.34,972,91.4,REJECT - High fraud risk,1,
influencer_4205,1669722,41274,1754,1.87,2.47,1700,0.0,APPROVE - Low fraud risk,0,
influencer_4206,2464021,48348,2433,2.52,1.96,387,0.4,APPROVE - Low fraud risk,0,
influencer_4207,5000000,117968,7489,4.38,2.36,534,0.3,APPROVE - Low fraud risk,0,
influencer_4208,263862,10969,584,5.75,4.16,900,0.3,APPROVE - Low fraud risk,0,
influencer_4209,2377160,99004,6048,5.55,4.16,81,1.3,APPROVE - Low fraud risk,0,
influencer_4210,103072,1764,65,7.64,1.71,1647,0.0,APPROVE - Low fraud risk,0,
influencer_4211,889293,28252,1785,4.11,3.18,1323,0.0,APPROVE - Low fraud risk,0,
influencer_4212,313768,11555,529,3.86,3.68,133,0.5,APPROVE - Low fraud risk,0,
influencer_4213,651634,12579,495,2.57,1.93,901,0.0,APPROVE - Low fraud risk,0,
influencer_4214,866247,23813,1265,-2.61,2.75,1768,0.0,APPROVE - Low fraud risk,0,
influencer_4215,116587,2440,191,8.06,2.09,522,0.2,APPROVE - Low fraud risk,0,
influencer_4216,229447,6262,1752,-4.76,2.73,87,92.8,REJECT - High fraud risk,1,
influencer_4217,541882,7796,515,-4.24,1.44,1247,0.0,APPROVE - Low fraud risk,0,
influencer_4218,487309,13802,492,7.08,2.83,1292,0.0,APPROVE - Low fraud risk,0,
influencer_4219,352291,9473,6119,-4.15,2.69,397,97.3,REJECT - High fraud risk,1,
influencer_4220,193732,5148,252,4.99,2.66,1782,0.0,APPROVE - Low fraud risk,0,
influencer_4221,770573,10157,579,2.86,1.32,528,0.0,APPROVE - Low fraud risk,0,
influencer_4222,717042,17674,1264,2.32,2.46,1789,0.0,APPROVE - Low fraud risk,0,
influencer_4223,1046106,14223,578,8.28,1.36,909,3.2,APPROVE - Low fraud risk,0,
influencer_4224,191720,4259,135,5.36,2.22,1298,0.0,APPROVE - Low fraud risk,0,
influencer_4225,483433,17753,834,8.77,3.67,735,0.4,APPROVE - Low fraud risk,0,
influencer_4226,90066,2445,137,5.55,2.71,862,0.3,APPROVE - Low fraud risk,0,
influencer_4227,86326,2352,110,11.77,2.72,1324,2.3,APPROVE - Low fraud risk,0,
influencer_4228,725795,30547,1544,-0.45,4.21,718,0.2,APPROVE - Low fraud risk,0,
influencer_4229,340445,8615,445,-0.25,2.53,1425,0.0,APPROVE - Low fraud risk,0,
influencer_4230,3681802,247,9,33.35,0.01,94,99.3,REJECT - High fraud risk,1,
influencer_4231,611734,23632,407,1.42,3.86,1366,0.0,APPROVE - Low fraud risk,0,
influencer_4232,495245,15218,777,0.46,3.07,501,0.0,APPROVE - Low fraud risk,0,
influencer_4233,5000000,102200,4144,7.21,2.04,762,1.0,APPROVE - Low fraud risk,0,
influencer_4234,823788,20760,865,3.47,2.52,996,0.0,APPROVE - Low fraud risk,0,
influencer_4235,1366663,48736,2655,4.11,3.57,266,0.9,APPROVE - Low fraud risk,0,
influencer_4236,168768,4936,268,2.43,2.92,944,0.0,APPROVE - Low fraud risk,0,
influencer_4237,436161,9208,509,4.59,2.11,704,0.0,APPROVE - Low fraud risk,0,
influencer_4238,123243,4892,185,4.4,3.97,640,0.1,APPROVE - Low fraud risk,0,
influencer_4239,1520182,35121,2595,-0.91,2.31,1117,0.9,APPROVE - Low fraud risk,0,
influencer_4240,488717,17981,532,4.1,3.68,1189,0.0,APPROVE - Low fraud risk,0,
influencer_4241,85280,1608,55,4.0,1.89,283,0.3,APPROVE - Low fraud risk,0,
influencer_4242,758356,681,32,14.16,0.09,792,99.6,REJECT - High fraud risk,1,
influencer_4243,34490,839,49,1.02,2.43,1969,0.0,APPROVE - Low fraud risk,0,
influencer_4244,246010,5112,151,9.05,2.08,797,1.1,APPROVE - Low fraud risk,0,
influencer_4245,5000000,155300,6349,1.7,3.11,1333,0.2,APPROVE - Low fraud risk,0,
influencer_4246,392756,10707,677,-6.13,2.73,229,0.7,APPROVE - Low fraud risk,0,
influencer_4247,100161,1518,81,1.75,1.52,735,0.0,APPROVE - Low fraud risk,0,
influencer_4248,453177,9521,423,0.61,2.1,592,0.0,APPROVE - Low fraud risk,0,
influencer_4249,378434,13014,630,1.22,3.44,407,0.1,APPROVE - Low fraud risk,0,
influencer_4250,1244969,40690,1169,2.37,3.27,831,0.3,APPROVE - Low fraud risk,0,
influencer_4251,1422136,10641,355,7.5,0.75,697,6.6,APPROVE - Low fraud risk,0,
influencer_4252,3726404,91206,6213,6.49,2.45,156,1.3,APPROVE - Low fraud risk,0,
influencer_4253,105620,5125,201,2.66,4.85,858,0.3,APPROVE - Low fraud risk,0,
influencer_4254,55889,1868,146,9.53,3.34,532,2.7,APPROVE - Low fraud risk,0,
influencer_4255,178980,4326,226,6.5,2.42,1234,0.0,APPROVE - Low fraud risk,0,
influencer_4256,1537177,45122,1540,-0.83,2.94,444,0.4,APPROVE - Low fraud risk,0,
influencer_4257,176913,4141,136,0.03,2.34,1167,0.0,APPROVE - Low fraud risk,0,
influencer_4258,63991,1333,93,5.61,2.08,1290,0.0,APPROVE - Low fraud risk,0,
influencer_4259,119877,2470,117,-0.14,2.06,1723,0.0,APPROVE - Low fraud risk,0,
influencer_4260,58227,1436,108,3.8,2.47,1932,0.0,APPROVE - Low fraud risk,0,
influencer_4261,270810,5707,203,2.86,2.11,160,0.0,APPROVE - Low fraud risk,0,
influencer_4262,361628,11487,441,-6.62,3.18,182,0.0,APPROVE - Low fraud risk,0,
influencer_4263,414115,10703,736,3.13,2.58,165,0.0,APPROVE - Low fraud risk,0,
influencer_4264,389700,23928,1501,4.4,6.14,540,1.3,APPROVE - Low fraud risk,0,
influencer_4265,2815420,82733,4261,3.29,2.94,1490,0.2,APPROVE - Low fraud risk,0,
influencer_4266,1970767,85172,5058,5.6,4.32,1997,0.6,APPROVE - Low fraud risk,0,
influencer_4267,509100,13553,5089,2.06,2.66,690,98.0,REJECT - High fraud risk,1,
influencer_4268,32153,1229,76,1.89,3.82,1899,0.0,APPROVE - Low fraud risk,0,
influencer_4269,390550,8275,555,4.53,2.12,1135,0.0,APPROVE - Low fraud risk,0,
influencer_4270,145005,5650,152,8.39,3.9,175,0.1,APPROVE - Low fraud risk,0,
influencer_4271,210528,2705,137,9.85,1.28,1957,2.4,APPROVE - Low fraud risk,0,
influencer_4272,244720,6527,163,10.35,2.67,501,3.2,APPROVE - Low fraud risk,0,
influencer_4273,247821,14310,772,4.18,5.77,877,0.3,APPROVE - Low fraud risk,0,
influencer_4274,999333,239,6,10.32,0.02,532,99.4,REJECT - High fraud risk,1,
influencer_4275,300291,9472,488,1.53,3.15,1674,0.0,APPROVE - Low fraud risk,0,
influencer_4276,1031828,24613,1234,3.55,2.39,1346,0.0,APPROVE - Low fraud risk,0,
influencer_4277,655027,18453,1062,3.2,2.82,931,0.0,APPROVE - Low fraud risk,0,
influencer_4278,188082,4753,294,3.73,2.53,521,0.0,APPROVE - Low fraud risk,0,
influencer_4279,2045756,97307,5782,8.73,4.76,360,2.4,APPROVE - Low fraud risk,0,
influencer_4280,27449,417,182,15.12,1.52,392,82.1,REJECT - High fraud risk,1,
influencer_4281,634455,2326,86,4.21,0.37,521,28.1,CAUTION - Monitor 2-4 weeks,0,
influencer_4282,741675,25636,1168,4.37,3.46,150,0.1,APPROVE - Low fraud risk,0,
influencer_4283,136098,4045,274,3.85,2.97,989,0.0,APPROVE - Low fraud risk,0,
influencer_4284,446739,15773,882,1.48,3.53,273,0.1,APPROVE - Low fraud risk,0,
influencer_4285,932135,40811,2045,0.85,4.38,1908,0.3,APPROVE - Low fraud risk,0,
influencer_4286,296576,8013,209,1.24,2.7,1878,0.0,APPROVE - Low fraud risk,0,
influencer_4287,4695905,728,32,19.95,0.02,798,98.6,REJECT - High fraud risk,1,
influencer_4288,626037,29075,1036,0.49,4.64,609,0.0,APPROVE - Low fraud risk,0,
influencer_4289,301463,11114,528,7.78,3.69,872,0.3,APPROVE - Low fraud risk,0,
influencer_4290,92601,4149,349,3.74,4.48,1286,0.0,APPROVE - Low fraud risk,0,
influencer_4291,1857914,40817,960,4.54,2.2,1321,0.0,APPROVE - Low fraud risk,0,
influencer_4292,276424,12273,672,8.57,4.44,1697,0.0,APPROVE - Low fraud risk,0,
influencer_4293,655110,34178,2272,9.21,5.22,1524,2.3,APPROVE - Low fraud risk,0,
influencer_4294,78184,2967,77,0.05,3.8,1965,0.0,APPROVE - Low fraud risk,0,
influencer_4295,55133,1621,80,4.07,2.94,1777,0.0,APPROVE - Low fraud risk,0,
influencer_4296,712188,482,13,18.39,0.07,658,100.0,REJECT - High fraud risk,1,
influencer_4297,877954,304,6,7.41,0.03,124,99.6,REJECT - High fraud risk,1,
influencer_4298,107501,2747,183,-2.82,2.55,1126,0.0,APPROVE - Low fraud risk,0,
influencer_4299,123265,3871,297,8.95,3.14,1170,1.3,APPROVE - Low fraud risk,0,
influencer_4300,656256,26274,1325,0.15,4.0,905,0.0,APPROVE - Low fraud risk,0,
influencer_4301,342626,11781,426,3.54,3.44,1431,0.0,APPROVE - Low fraud risk,0,
influencer_4302,598207,245,4,28.05,0.04,405,100.0,REJECT - High fraud risk,1,
influencer_4303,333276,9612,274,-2.96,2.88,328,0.0,APPROVE - Low fraud risk,0,
influencer_4304,1982306,44270,2656,6.33,2.23,1167,0.0,APPROVE - Low fraud risk,0,
influencer_4305,388060,15137,635,3.09,3.9,550,0.1,APPROVE - Low fraud risk,0,
influencer_4306,385575,7901,355,0.72,2.05,107,0.3,APPROVE - Low fraud risk,0,
influencer_4307,1440619,50637,2647,-5.19,3.51,693,0.3,APPROVE - Low fraud risk,0,
influencer_4308,547162,19066,937,6.65,3.48,1344,0.0,APPROVE - Low fraud risk,0,
influencer_4309,654996,21003,1330,5.18,3.21,1399,0.0,APPROVE - Low fraud risk,0,
influencer_4310,271906,7084,466,1.54,2.61,1338,0.0,APPROVE - Low fraud risk,0,
influencer_4311,219089,12858,775,1.3,5.87,675,0.1,APPROVE - Low fraud risk,0,
influencer_4312,836948,34950,1570,9.38,4.18,788,1.3,APPROVE - Low fraud risk,0,
influencer_4313,1144194,34755,2614,-1.93,3.04,1595,1.9,APPROVE - Low fraud risk,0,
influencer_4314,59666,2421,163,13.2,4.06,988,13.4,APPROVE - Low fraud risk,0,
influencer_4315,228725,3776,191,0.48,1.65,1148,0.0,APPROVE - Low fraud risk,0,
influencer_4316,840220,21058,537,9.45,2.51,1692,0.9,APPROVE - Low fraud risk,0,
influencer_4317,327292,7431,331,8.87,2.27,1708,0.0,APPROVE - Low fraud risk,0,
influencer_4318,291068,7517,440,-1.06,2.58,1272,0.0,APPROVE - Low fraud risk,0,
influencer_4319,177298,10319,506,2.43,5.82,787,0.1,APPROVE - Low fraud risk,0,
influencer_4320,801845,11136,1,-5.48,1.39,212,13.2,APPROVE - Low fraud risk,0,
influencer_4321,952873,27246,1302,4.49,2.86,1658,0.4,APPROVE - Low fraud risk,0,
influencer_4322,186604,6764,398,7.93,3.62,279,0.1,APPROVE - Low fraud risk,0,
influencer_4323,5000000,93219,4977,3.18,1.86,1483,0.0,APPROVE - Low fraud risk,0,
influencer_4324,237470,7050,237,-0.72,2.97,485,0.0,APPROVE - Low fraud risk,0,
influencer_4325,275542,6067,363,-0.14,2.2,1274,0.0,APPROVE - Low fraud risk,0,
influencer_4326,125155,1244,65,-2.92,0.99,947,0.0,APPROVE - Low fraud risk,0,
influencer_4327,373789,13466,154,1.46,3.6,359,0.1,APPROVE - Low fraud risk,0,
influencer_4328,621368,11433,621,4.84,1.84,1657,0.0,APPROVE - Low fraud risk,0,
influencer_4329,358442,9024,492,5.46,2.52,588,0.0,APPROVE - Low fraud risk,0,
influencer_4330,896765,17307,209,-6.65,1.93,573,0.0,APPROVE - Low fraud risk,0,
influencer_4331,942619,23311,1404,8.36,2.47,1912,1.0,APPROVE - Low fraud risk,0,
influencer_4332,658235,21015,1085,3.85,3.19,1244,0.0,APPROVE - Low fraud risk,0,
influencer_4333,1062567,31283,1640,5.47,2.94,859,0.7,APPROVE - Low fraud risk,0,
influencer_4334,596961,18108,701,-3.81,3.03,362,0.0,APPROVE - Low fraud risk,0,
influencer_4335,198723,3410,60,6.76,1.72,841,0.3,APPROVE - Low fraud risk,0,
influencer_4336,74815,2192,87,-0.03,2.93,840,0.0,APPROVE - Low fraud risk,0,
influencer_4337,456774,5222,338,1.88,1.14,992,0.0,APPROVE - Low fraud risk,0,
influencer_4338,551060,17690,269,6.57,3.21,742,0.1,APPROVE - Low fraud risk,0,
influencer_4339,21496,708,32,-2.35,3.3,1328,0.3,APPROVE - Low fraud risk,0,
influencer_4340,750247,22036,691,-1.24,2.94,738,0.0,APPROVE - Low fraud risk,0,
influencer_4341,101496,3055,154,0.32,3.01,1806,0.0,APPROVE - Low fraud risk,0,
influencer_4342,704127,16517,762,-0.99,2.35,729,0.0,APPROVE - Low fraud risk,0,
influencer_4343,81699,593,27,5.02,0.73,1962,3.9,APPROVE - Low fraud risk,0,
influencer_4344,451992,21838,8046,37.05,4.83,170,96.5,REJECT - High fraud risk,1,
influencer_4345,1749135,49915,1955,3.58,2.85,1420,0.0,APPROVE - Low fraud risk,0,
influencer_4346,458450,20371,1729,-1.67,4.44,96,1.5,APPROVE - Low fraud risk,0,
influencer_4347,427415,12261,696,4.11,2.87,338,0.1,APPROVE - Low fraud risk,0,
influencer_4348,350883,16523,1278,1.03,4.71,365,0.7,APPROVE - Low fraud risk,0,
influencer_4349,145792,4804,111,0.12,3.3,579,0.0,APPROVE - Low fraud risk,0,
influencer_4350,2461757,46401,1087,4.27,1.88,1006,0.0,APPROVE - Low fraud risk,0,
influencer_4351,271656,8213,710,-4.62,3.02,624,0.3,APPROVE - Low fraud risk,0,
influencer_4352,969269,33738,1403,2.13,3.48,863,0.3,APPROVE - Low fraud risk,0,
influencer_4353,345199,8455,248,4.98,2.45,1155,0.0,APPROVE - Low fraud risk,0,
influencer_4354,829887,12625,930,-5.6,1.52,1900,0.0,APPROVE - Low fraud risk,0,
influencer_4355,101590,2622,99,-0.83,2.58,1982,0.0,APPROVE - Low fraud risk,0,
influencer_4356,1286644,32115,829,-2.38,2.5,1094,0.0,APPROVE - Low fraud risk,0,
influencer_4357,1476337,17538,628,8.55,1.19,1933,0.3,APPROVE - Low fraud risk,0,
influencer_4358,1112299,16853,501,5.01,1.52,375,0.0,APPROVE - Low fraud risk,0,
influencer_4359,4561936,115993,5340,0.81,2.54,1830,0.6,APPROVE - Low fraud risk,0,
influencer_4360,703989,21408,1042,-1.68,3.04,1488,0.0,APPROVE - Low fraud risk,0,
influencer_4361,537579,13035,908,4.89,2.42,1255,0.0,APPROVE - Low fraud risk,0,
influencer_4362,363276,11376,298,8.45,3.13,1778,0.0,APPROVE - Low fraud risk,0,
influencer_4363,1515106,30818,1262,-3.56,2.03,1597,0.0,APPROVE - Low fraud risk,0,
influencer_4364,238862,5268,283,-4.04,2.21,721,0.0,APPROVE - Low fraud risk,0,
influencer_4365,135640,2518,123,-1.31,1.86,703,0.0,APPROVE - Low fraud risk,0,
influencer_4366,213987,8940,521,1.22,4.18,968,0.0,APPROVE - Low fraud risk,0,
influencer_4367,561959,17260,603,-2.83,3.07,1042,0.0,APPROVE - Low fraud risk,0,
influencer_4368,281708,13063,336,-5.03,4.64,534,0.0,APPROVE - Low fraud risk,0,
influencer_4369,1000721,29350,1518,-0.26,2.93,300,0.4,APPROVE - Low fraud risk,0,
influencer_4370,412561,5763,241,-1.8,1.4,1461,0.0,APPROVE - Low fraud risk,0,
influencer_4371,181673,6270,248,1.44,3.45,1526,0.0,APPROVE - Low fraud risk,0,
influencer_4372,333967,11122,603,7.65,3.33,1704,0.0,APPROVE - Low fraud risk,0,
influencer_4373,184130,5123,262,4.56,2.78,409,0.1,APPROVE - Low fraud risk,0,
influencer_4374,190433,5117,289,2.91,2.69,961,0.0,APPROVE - Low fraud risk,0,
influencer_4375,438402,10611,449,5.05,2.42,478,0.0,APPROVE - Low fraud risk,0,
influencer_4376,445935,20741,697,1.11,4.65,1160,0.3,APPROVE - Low fraud risk,0,
influencer_4377,289814,5921,131,10.83,2.04,1313,1.4,APPROVE - Low fraud risk,0,
influencer_4378,398128,9075,407,3.09,2.28,317,0.0,APPROVE - Low fraud risk,0,
influencer_4379,599530,17524,651,10.72,2.92,520,3.3,APPROVE - Low fraud risk,0,
influencer_4380,215440,9853,419,-2.13,4.57,1880,0.0,APPROVE - Low fraud risk,0,
influencer_4381,5000000,67960,2815,4.31,1.36,673,0.3,APPROVE - Low fraud risk,0,
influencer_4382,186358,4007,171,0.26,2.15,1836,0.0,APPROVE - Low fraud risk,0,
influencer_4383,229576,5778,271,0.69,2.52,744,0.0,APPROVE - Low fraud risk,0,
influencer_4384,781281,32603,1341,9.16,4.17,1486,0.0,APPROVE - Low fraud risk,0,
influencer_4385,2963539,80248,4210,6.08,2.71,1302,0.0,APPROVE - Low fraud risk,0,
influencer_4386,1744420,19424,1352,7.81,1.11,1163,1.0,APPROVE - Low fraud risk,0,
influencer_4387,103931,3425,124,2.75,3.3,1765,0.0,APPROVE - Low fraud risk,0,
influencer_4388,121939,2199,80,-0.92,1.8,438,0.0,APPROVE - Low fraud risk,0,
influencer_4389,89415,3208,143,2.53,3.59,1289,0.0,APPROVE - Low fraud risk,0,
influencer_4390,1708684,89917,2049,-1.84,5.26,1221,0.0,APPROVE - Low fraud risk,0,
influencer_4391,677229,2156,35,4.52,0.32,1128,52.6,MANUAL REVIEW - Audit history,1,
influencer_4392,898978,26583,1663,8.29,2.96,968,2.0,APPROVE - Low fraud risk,0,
influencer_4393,79235,1476,102,-1.12,1.86,611,0.0,APPROVE - Low fraud risk,0,
influencer_4394,652615,409,19,21.7,0.06,574,100.0,REJECT - High fraud risk,1,
influencer_4395,495084,13807,837,4.08,2.79,315,0.1,APPROVE - Low fraud risk,0,
influencer_4396,43919,1757,94,5.75,4.0,656,0.1,APPROVE - Low fraud risk,0,
influencer_4397,232369,8096,381,2.87,3.48,778,0.1,APPROVE - Low fraud risk,0,
influencer_4398,467116,452,7,16.29,0.1,383,100.0,REJECT - High fraud risk,1,
influencer_4399,1276020,47550,2605,-2.53,3.73,1535,0.2,APPROVE - Low fraud risk,0,
influencer_4400,603289,23637,992,0.5,3.92,582,0.0,APPROVE - Low fraud risk,0,
influencer_4401,893262,8013,444,3.06,0.9,1019,0.3,APPROVE - Low fraud risk,0,
influencer_4402,269104,9450,639,-2.97,3.51,721,0.0,APPROVE - Low fraud risk,0,
influencer_4403,784878,13886,508,5.07,1.77,1637,0.0,APPROVE - Low fraud risk,0,
influencer_4404,76008,2446,127,3.9,3.22,873,0.3,APPROVE - Low fraud risk,0,
influencer_4405,197893,369,9,34.83,0.19,496,96.9,REJECT - High fraud risk,1,
influencer_4406,174308,3379,92,5.47,1.94,968,0.0,APPROVE - Low fraud risk,0,
influencer_4407,434199,10312,246,-1.57,2.38,227,0.0,APPROVE - Low fraud risk,0,
influencer_4408,3089950,35,1,19.29,0.0,604,100.0,REJECT - High fraud risk,1,
influencer_4409,1175487,27039,899,-1.36,2.3,544,0.0,APPROVE - Low fraud risk,0,
influencer_4410,1407978,40564,1357,8.14,2.88,525,1.0,APPROVE - Low fraud risk,0,
influencer_4411,134212,6900,177,11.41,5.14,616,1.3,APPROVE - Low fraud risk,0,
influencer_4412,460692,7840,351,-5.48,1.7,1091,0.0,APPROVE - Low fraud risk,0,
influencer_4413,1780407,45580,2824,-1.89,2.56,882,0.2,APPROVE - Low fraud risk,0,
influencer_4414,168113,3664,184,-0.87,2.18,708,0.0,APPROVE - Low fraud risk,0,
influencer_4415,493959,90,3,13.77,0.02,418,100.0,REJECT - High fraud risk,1,
influencer_4416,1418550,66353,1538,2.96,4.68,408,0.5,APPROVE - Low fraud risk,0,
influencer_4417,209974,2597,96,2.85,1.24,1681,0.0,APPROVE - Low fraud risk,0,
influencer_4418,173105,5754,334,0.32,3.32,1527,0.0,APPROVE - Low fraud risk,0,
influencer_4419,291372,7449,591,8.97,2.56,1847,0.3,APPROVE - Low fraud risk,0,
influencer_4420,2249249,54797,1262,5.01,2.44,114,0.4,APPROVE - Low fraud risk,0,
influencer_4421,1040354,23386,1063,2.8,2.25,927,0.0,APPROVE - Low fraud risk,0,
influencer_4422,384872,376,9,1.54,0.1,591,99.6,REJECT - High fraud risk,1,
influencer_4423,373873,7223,358,-1.48,1.93,1539,0.0,APPROVE - Low fraud risk,0,
influencer_4424,793609,9204,249,5.93,1.16,548,1.6,APPROVE - Low fraud risk,0,
influencer_4425,368511,8910,398,2.9,2.42,82,0.3,APPROVE - Low fraud risk,0,
influencer_4426,225810,62,1,31.79,0.03,838,93.8,REJECT - High fraud risk,1,
influencer_4427,1197546,46820,3059,-5.17,3.91,897,0.2,APPROVE - Low fraud risk,0,
influencer_4428,157952,3294,92,-2.82,2.09,1274,0.0,APPROVE - Low fraud risk,0,
influencer_4429,2025160,36663,2222,-0.72,1.81,1803,0.9,APPROVE - Low fraud risk,0,
influencer_4430,145516,4215,197,0.14,2.9,1703,0.0,APPROVE - Low fraud risk,0,
influencer_4431,186237,1139,41,3.13,0.61,926,15.1,APPROVE - Low fraud risk,0,
influencer_4432,1585011,26575,1400,8.63,1.68,1238,1.6,APPROVE - Low fraud risk,0,
influencer_4433,2782599,591,14,13.2,0.02,731,100.0,REJECT - High fraud risk,1,
influencer_4434,905850,226,5,4.47,0.02,34,100.0,REJECT - High fraud risk,1,
influencer_4435,945165,28648,1365,6.25,3.03,1006,0.1,APPROVE - Low fraud risk,0,
influencer_4436,751836,19793,869,6.2,2.63,80,0.1,APPROVE - Low fraud risk,0,
influencer_4437,46667,1685,87,7.73,3.61,1274,0.0,APPROVE - Low fraud risk,0,
influencer_4438,595632,20498,1535,1.98,3.44,1534,0.4,APPROVE - Low fraud risk,0,
influencer_4439,1301126,62984,2653,1.31,4.84,628,0.9,APPROVE - Low fraud risk,0,
influencer_4440,1429129,6200,328,3.4,0.43,1567,4.3,APPROVE - Low fraud risk,0,
influencer_4441,652059,28931,1396,4.84,4.44,1336,0.0,APPROVE - Low fraud risk,0,
influencer_4442,648540,6252,276,4.52,0.96,627,1.0,APPROVE - Low fraud risk,0,
influencer_4443,1631086,43607,2080,-0.67,2.67,1652,0.0,APPROVE - Low fraud risk,0,
influencer_4444,451753,3381,141,8.58,0.75,77,16.2,APPROVE - Low fraud risk,0,
influencer_4445,1924193,32121,1329,3.24,1.67,1738,0.1,APPROVE - Low fraud risk,0,
influencer_4446,858479,32893,1,7.4,3.83,1678,3.4,APPROVE - Low fraud risk,0,
influencer_4447,621507,15381,652,10.24,2.47,673,4.5,APPROVE - Low fraud risk,0,
influencer_4448,963492,772,19,17.07,0.08,391,100.0,REJECT - High fraud risk,1,
influencer_4449,880049,28613,1880,-1.28,3.25,1764,0.0,APPROVE - Low fraud risk,0,
influencer_4450,1037105,24368,679,-3.97,2.35,1339,0.0,APPROVE - Low fraud risk,0,
influencer_4451,222307,5821,258,5.18,2.62,245,0.1,APPROVE - Low fraud risk,0,
influencer_4452,1282125,35010,1201,3.8,2.73,1044,0.0,APPROVE - Low fraud risk,0,
influencer_4453,372739,14979,5969,-1.22,4.02,536,97.9,REJECT - High fraud risk,1,
influencer_4454,2800550,13107,768,-4.13,0.47,1034,8.3,APPROVE - Low fraud risk,0,
influencer_4455,195914,3697,218,3.48,1.89,829,0.0,APPROVE - Low fraud risk,0,
influencer_4456,1414129,16266,1174,2.26,1.15,807,0.0,APPROVE - Low fraud risk,0,
influencer_4457,252215,7155,351,-0.95,2.84,1404,0.0,APPROVE - Low fraud risk,0,
influencer_4458,318293,10906,636,4.53,3.43,107,0.1,APPROVE - Low fraud risk,0,
influencer_4459,3000000,23583,9075,19.75,0.79,935,73.0,MANUAL REVIEW - Audit history,1,
influencer_4460,251886,13962,489,3.29,5.54,647,0.1,APPROVE - Low fraud risk,0,
influencer_4461,346471,7993,330,1.86,2.31,648,0.0,APPROVE - Low fraud risk,0,
influencer_4462,342663,11272,719,4.39,3.29,1186,0.0,APPROVE - Low fraud risk,0,
influencer_4463,43117,1857,95,-1.99,4.31,1640,0.0,APPROVE - Low fraud risk,0,
influencer_4464,470910,324,8,17.14,0.07,131,100.0,REJECT - High fraud risk,1,
influencer_4465,621773,8917,398,5.35,1.43,1011,0.3,APPROVE - Low fraud risk,0,
influencer_4466,23936,508,23,4.33,2.12,880,0.0,APPROVE - Low fraud risk,0,
influencer_4467,16967,579,15,3.62,3.41,980,1.3,APPROVE - Low fraud risk,0,
influencer_4468,2846346,140919,8266,2.6,4.95,199,0.4,APPROVE - Low fraud risk,0,
influencer_4469,617986,19383,1073,9.4,3.14,1247,0.3,APPROVE - Low fraud risk,0,
influencer_4470,78574,3834,171,2.53,4.88,843,0.3,APPROVE - Low fraud risk,0,
influencer_4471,322867,7368,303,2.57,2.28,1871,0.0,APPROVE - Low fraud risk,0,
influencer_4472,64389,1804,84,1.54,2.8,1362,0.0,APPROVE - Low fraud risk,0,
influencer_4473,313978,7342,633,-7.93,2.34,611,0.0,APPROVE - Low fraud risk,0,
influencer_4474,527661,13399,384,7.09,2.54,1837,0.0,APPROVE - Low fraud risk,0,
influencer_4475,307396,3079,1662,0.77,1.0,743,89.2,REJECT - High fraud risk,1,
influencer_4476,325762,1916,108,2.4,0.59,1045,9.0,APPROVE - Low fraud risk,0,
influencer_4477,2416441,1006,40,30.6,0.04,813,97.6,REJECT - High fraud risk,1,
influencer_4478,1581313,26595,1043,2.5,1.68,693,0.4,APPROVE - Low fraud risk,0,
influencer_4479,313798,5222,333,0.81,1.66,777,0.0,APPROVE - Low fraud risk,0,
influencer_4480,138960,3048,99,3.96,2.19,121,0.0,APPROVE - Low fraud risk,0,
influencer_4481,95944,3811,195,3.41,3.97,1694,0.0,APPROVE - Low fraud risk,0,
influencer_4482,436571,9864,289,-2.77,2.26,1040,0.0,APPROVE - Low fraud risk,0,
influencer_4483,686579,24627,1001,-0.0,3.59,1799,0.0,APPROVE - Low fraud risk,0,
influencer_4484,170577,1814,105,2.77,1.06,937,0.0,APPROVE - Low fraud risk,0,
influencer_4485,217749,11447,743,0.41,5.26,526,0.0,APPROVE - Low fraud risk,0,
influencer_4486,51632,681,29,10.62,1.32,1034,10.8,APPROVE - Low fraud risk,0,
influencer_4487,990732,28822,2188,3.1,2.91,1285,1.6,APPROVE - Low fraud risk,0,
influencer_4488,5000000,135752,2697,-1.0,2.72,1633,0.2,APPROVE - Low fraud risk,0,
influencer_4489,2457605,56458,453,14.01,2.3,1922,13.0,APPROVE - Low fraud risk,0,
influencer_4490,499656,12180,575,1.97,2.44,1187,0.0,APPROVE - Low fraud risk,0,
influencer_4491,569006,10958,534,2.31,1.93,1032,0.0,APPROVE - Low fraud risk,0,
influencer_4492,464072,17388,379,9.73,3.75,872,0.5,APPROVE - Low fraud risk,0,
influencer_4493,79455,3125,80,10.14,3.93,1836,0.3,APPROVE - Low fraud risk,0,
influencer_4494,84903,1949,15,4.96,2.3,1707,0.0,APPROVE - Low fraud risk,0,
influencer_4495,85428,1755,101,-0.06,2.05,996,0.0,APPROVE - Low fraud risk,0,
influencer_4496,272661,88,1,24.57,0.03,509,97.7,REJECT - High fraud risk,1,
influencer_4497,367502,10497,395,6.72,2.86,1633,0.0,APPROVE - Low fraud risk,0,
influencer_4498,640523,17467,436,3.98,2.73,1512,0.3,APPROVE - Low fraud risk,0,
influencer_4499,602558,19185,925,0.36,3.18,310,0.0,APPROVE - Low fraud risk,0,
influencer_4500,75381,3028,108,-1.07,4.02,1193,0.0,APPROVE - Low fraud risk,0,
influencer_4501,1479271,29837,1044,1.93,2.02,316,0.0,APPROVE - Low fraud risk,0,
influencer_4502,332040,8075,411,-1.26,2.43,858,0.0,APPROVE - Low fraud risk,0,
influencer_4503,37244,1035,75,11.74,2.78,1521,3.3,APPROVE - Low fraud risk,0,
influencer_4504,346710,13395,813,-3.54,3.86,956,0.0,APPROVE - Low fraud risk,0,
influencer_4505,5000000,60370,3918,8.05,1.21,943,6.5,APPROVE - Low fraud risk,0,
influencer_4506,1340109,58458,3787,3.07,4.36,1731,0.2,APPROVE - Low fraud risk,0,
influencer_4507,574153,22488,1368,6.22,3.92,1970,0.0,APPROVE - Low fraud risk,0,
influencer_4508,4273651,97562,4858,4.99,2.28,879,0.4,APPROVE - Low fraud risk,0,
influencer_4509,1203942,35243,2221,0.15,2.93,1299,1.2,APPROVE - Low fraud risk,0,
influencer_4510,885902,18751,311,4.11,2.12,1082,0.0,APPROVE - Low fraud risk,0,
influencer_4511,123171,4508,133,-3.69,3.66,1826,0.0,APPROVE - Low fraud risk,0,
influencer_4512,3337006,115471,3745,7.48,3.46,1780,0.0,APPROVE - Low fraud risk,0,
influencer_4513,809047,43929,2270,1.65,5.43,737,0.7,APPROVE - Low fraud risk,0,
influencer_4514,443066,7128,346,3.53,1.61,902,0.0,APPROVE - Low fraud risk,0,
influencer_4515,232980,5660,205,8.54,2.43,620,1.2,APPROVE - Low fraud risk,0,
influencer_4516,356759,11963,433,1.86,3.35,237,0.1,APPROVE - Low fraud risk,0,
influencer_4517,637804,19958,568,1.4,3.13,1213,0.0,APPROVE - Low fraud risk,0,
influencer_4518,267769,5788,362,1.29,2.16,518,0.0,APPROVE - Low fraud risk,0,
influencer_4519,438746,9028,675,1.1,2.06,1309,0.0,APPROVE - Low fraud risk,0,
influencer_4520,3210432,81986,3535,2.12,2.55,867,0.2,APPROVE - Low fraud risk,0,
influencer_4521,71136,4043,140,5.96,5.68,203,0.1,APPROVE - Low fraud risk,0,
influencer_4522,331059,8633,299,2.13,2.61,1489,0.0,APPROVE - Low fraud risk,0,
influencer_4523,284537,6412,234,1.16,2.25,982,0.0,APPROVE - Low fraud risk,0,
influencer_4524,833132,105,3,22.49,0.01,874,100.0,REJECT - High fraud risk,1,
influencer_4525,359270,10231,599,-2.02,2.85,258,0.0,APPROVE - Low fraud risk,0,
influencer_4526,593910,31872,973,5.17,5.37,429,0.1,APPROVE - Low fraud risk,0,
influencer_4527,542888,10639,517,3.22,1.96,1821,0.0,APPROVE - Low fraud risk,0,
influencer_4528,767730,29422,1701,7.81,3.83,1417,0.1,APPROVE - Low fraud risk,0,
influencer_4529,940648,23386,1049,4.27,2.49,586,0.0,APPROVE - Low fraud risk,0,
influencer_4530,332066,1567,55,8.46,0.47,426,51.7,MANUAL REVIEW - Audit history,1,
influencer_4531,1341817,26350,727,4.61,1.96,690,0.0,APPROVE - Low fraud risk,0,
influencer_4532,651941,12684,449,0.85,1.95,1113,0.0,APPROVE - Low fraud risk,0,
influencer_4533,862645,21296,895,8.54,2.47,1056,1.5,APPROVE - Low fraud risk,0,
influencer_4534,515074,14380,688,-1.87,2.79,922,0.0,APPROVE - Low fraud risk,0,
influencer_4535,48483,1641,665,-10.0,3.38,813,89.3,REJECT - High fraud risk,1,
influencer_4536,3715048,703,18,18.95,0.02,747,100.0,REJECT - High fraud risk,1,
influencer_4537,669738,32865,2040,2.29,4.91,103,1.1,APPROVE - Low fraud risk,0,
influencer_4538,1987653,924,21,32.85,0.05,581,100.0,REJECT - High fraud risk,1,
influencer_4539,277627,7768,345,6.21,2.8,464,0.1,APPROVE - Low fraud risk,0,
influencer_4540,411345,15057,927,5.25,3.66,1407,0.0,APPROVE - Low fraud risk,0,
influencer_4541,655466,18047,658,5.42,2.75,214,0.1,APPROVE - Low fraud risk,0,
influencer_4542,38506,924,61,2.32,2.4,1221,0.0,APPROVE - Low fraud risk,0,
influencer_4543,1223430,21268,795,5.07,1.74,337,0.0,APPROVE - Low fraud risk,0,
influencer_4544,3915628,113224,3329,5.95,2.89,1158,0.0,APPROVE - Low fraud risk,0,
influencer_4545,195592,5202,170,11.58,2.66,324,4.3,APPROVE - Low fraud risk,0,
influencer_4546,650014,28432,1032,1.99,4.37,630,0.5,APPROVE - Low fraud risk,0,
influencer_4547,183109,168,4,19.91,0.09,461,96.3,REJECT - High fraud risk,1,
influencer_4548,682598,21536,1281,-4.02,3.16,308,0.0,APPROVE - Low fraud risk,0,
influencer_4549,347344,10601,411,2.09,3.05,1240,0.0,APPROVE - Low fraud risk,0,
influencer_4550,252464,9185,420,3.6,3.64,1064,0.0,APPROVE - Low fraud risk,0,
influencer_4551,193921,5343,150,4.04,2.76,610,0.1,APPROVE - Low fraud risk,0,
influencer_4552,447702,7879,562,2.08,1.76,335,0.0,APPROVE - Low fraud risk,0,
influencer_4553,209028,7411,297,8.19,3.55,793,0.4,APPROVE - Low fraud risk,0,
influencer_4554,1688748,69381,3665,4.12,4.11,496,0.6,APPROVE - Low fraud risk,0,
influencer_4555,4283513,153609,5374,1.67,3.59,876,0.5,APPROVE - Low fraud risk,0,
influencer_4556,649713,10879,420,-4.5,1.67,884,0.0,APPROVE - Low fraud risk,0,
influencer_4557,600889,18449,587,8.25,3.07,1185,0.0,APPROVE - Low fraud risk,0,
influencer_4558,800695,24494,1410,6.09,3.06,1945,0.0,APPROVE - Low fraud risk,0,
influencer_4559,126225,3534,122,7.56,2.8,457,0.1,APPROVE - Low fraud risk,0,
influencer_4560,209800,9770,519,-2.2,4.66,972,0.0,APPROVE - Low fraud risk,0,
influencer_4561,1109230,34243,1845,-0.49,3.09,1328,0.0,APPROVE - Low fraud risk,0,
influencer_4562,201518,6155,339,0.77,3.05,838,0.0,APPROVE - Low fraud risk,0,
influencer_4563,456809,9968,483,5.21,2.18,1512,0.0,APPROVE - Low fraud risk,0,
influencer_4564,423868,3873,217,9.71,0.91,429,7.3,APPROVE - Low fraud risk,0,
influencer_4565,212103,5195,105,2.31,2.45,1329,0.0,APPROVE - Low fraud risk,0,
influencer_4566,970146,37193,1459,2.77,3.83,1737,0.0,APPROVE - Low fraud risk,0,
influencer_4567,478946,13951,680,3.11,2.91,1995,0.0,APPROVE - Low fraud risk,0,
influencer_4568,1905881,77247,5245,8.43,4.05,1247,1.7,APPROVE - Low fraud risk,0,
influencer_4569,174582,6649,384,1.81,3.81,486,0.1,APPROVE - Low fraud risk,0,
influencer_4570,1536869,75464,4087,6.97,4.91,137,1.2,APPROVE - Low fraud risk,0,
influencer_4571,1426823,33576,5973,20.79,2.35,59,90.0,REJECT - High fraud risk,1,
influencer_4572,675202,20436,533,-1.44,3.03,534,0.0,APPROVE - Low fraud risk,0,
influencer_4573,1298507,40114,983,1.34,3.09,1043,0.0,APPROVE - Low fraud risk,0,
influencer_4574,359708,759,29,22.38,0.21,346,99.0,REJECT - High fraud risk,1,
influencer_4575,124363,3785,75,6.3,3.04,1181,0.0,APPROVE - Low fraud risk,0,
influencer_4576,4212771,172182,6476,9.09,4.09,350,1.1,APPROVE - Low fraud risk,0,
influencer_4577,313928,8614,333,7.26,2.74,1355,0.0,APPROVE - Low fraud risk,0,
influencer_4578,141748,4843,168,6.59,3.42,99,0.1,APPROVE - Low fraud risk,0,
influencer_4579,232751,6225,224,2.26,2.67,1689,0.0,APPROVE - Low fraud risk,0,
influencer_4580,1801478,53668,3450,-3.33,2.98,340,0.9,APPROVE - Low fraud risk,0,
influencer_4581,1089552,36847,1211,6.35,3.38,1553,0.0,APPROVE - Low fraud risk,0,
influencer_4582,3757403,103638,3259,7.11,2.76,775,0.5,APPROVE - Low fraud risk,0,
influencer_4583,136059,4214,135,2.67,3.1,1548,0.0,APPROVE - Low fraud risk,0,
influencer_4584,103521,4067,179,2.96,3.93,496,0.1,APPROVE - Low fraud risk,0,
influencer_4585,342974,7228,323,2.63,2.11,668,0.0,APPROVE - Low fraud risk,0,
influencer_4586,5000000,162053,8172,5.16,3.24,977,0.4,APPROVE - Low fraud risk,0,
influencer_4587,584508,11240,546,4.32,1.92,1842,0.0,APPROVE - Low fraud risk,0,
influencer_4588,987259,27326,658,-1.37,2.77,1721,0.0,APPROVE - Low fraud risk,0,
influencer_4589,234560,3274,128,2.53,1.4,1993,0.0,APPROVE - Low fraud risk,0,
influencer_4590,70726,1742,109,4.81,2.46,1364,0.0,APPROVE - Low fraud risk,0,
influencer_4591,845199,337,13,30.98,0.04,149,100.0,REJECT - High fraud risk,1,
influencer_4592,581137,20039,1191,4.37,3.45,1512,0.0,APPROVE - Low fraud risk,0,
influencer_4593,258145,9802,389,3.38,3.8,616,0.1,APPROVE - Low fraud risk,0,
influencer_4594,2587058,103654,6073,2.91,4.01,1335,0.2,APPROVE - Low fraud risk,0,
influencer_4595,1403211,38888,1497,9.3,2.77,1499,0.7,APPROVE - Low fraud risk,0,
influencer_4596,1150562,764,18,14.37,0.07,66,99.6,REJECT - High fraud risk,1,
influencer_4597,116051,5435,181,10.42,4.68,654,0.3,APPROVE - Low fraud risk,0,
influencer_4598,480672,21221,542,4.56,4.41,646,0.1,APPROVE - Low fraud risk,0,
influencer_4599,163423,5497,241,7.95,3.36,246,0.1,APPROVE - Low fraud risk,0,
influencer_4600,1211686,14130,696,3.38,1.17,93,0.0,APPROVE - Low fraud risk,0,
influencer_4601,143897,5647,231,0.66,3.92,1091,0.0,APPROVE - Low fraud risk,0,
influencer_4602,88548,2753,156,4.62,3.11,1133,0.0,APPROVE - Low fraud risk,0,
influencer_4603,177398,3207,76,-3.28,1.81,696,0.0,APPROVE - Low fraud risk,0,
influencer_4604,441320,9676,656,0.97,2.19,1939,0.0,APPROVE - Low fraud risk,0,
influencer_4605,196944,5035,342,9.73,2.56,296,3.5,APPROVE - Low fraud risk,0,
influencer_4606,421171,11757,350,-2.28,2.79,286,0.0,APPROVE - Low fraud risk,0,
influencer_4607,94544,225,6,18.69,0.24,798,87.1,REJECT - High fraud risk,1,
influencer_4608,303650,15730,966,3.74,5.18,1501,0.3,APPROVE - Low fraud risk,0,
influencer_4609,745131,326,10,41.51,0.04,31,99.3,REJECT - High fraud risk,1,
influencer_4610,732777,32837,8021,0.7,4.48,655,91.2,REJECT - High fraud risk,1,
influencer_4611,1458569,32898,1734,2.81,2.26,1290,0.1,APPROVE - Low fraud risk,0,
influencer_4612,325112,7755,237,1.48,2.39,1800,0.0,APPROVE - Low fraud risk,0,
influencer_4613,1054211,33078,1826,2.85,3.14,569,0.5,APPROVE - Low fraud risk,0,
influencer_4614,3783038,105120,3762,7.36,2.78,712,0.8,APPROVE - Low fraud risk,0,
influencer_4615,173915,3409,1652,6.01,1.96,853,94.2,REJECT - High fraud risk,1,
influencer_4616,312585,9480,390,-2.02,3.03,100,0.0,APPROVE - Low fraud risk,0,
influencer_4617,307004,7561,527,-1.16,2.46,692,0.0,APPROVE - Low fraud risk,0,
influencer_4618,178699,9958,321,4.16,5.57,1853,0.0,APPROVE - Low fraud risk,0,
influencer_4619,20066,820,210,18.88,4.09,783,91.9,REJECT - High fraud risk,1,
influencer_4620,375394,14488,652,4.02,3.86,647,0.1,APPROVE - Low fraud risk,0,
influencer_4621,223327,5425,389,3.34,2.43,812,0.0,APPROVE - Low fraud risk,0,
influencer_4622,1357916,25508,971,2.07,1.88,1118,0.0,APPROVE - Low fraud risk,0,
influencer_4623,362451,8473,487,4.76,2.34,1661,0.0,APPROVE - Low fraud risk,0,
influencer_4624,324922,10617,239,8.46,3.27,1189,0.0,APPROVE - Low fraud risk,0,
influencer_4625,2218243,7182,327,4.19,0.32,451,28.8,CAUTION - Monitor 2-4 weeks,0,
influencer_4626,390308,17967,1142,5.52,4.6,753,0.5,APPROVE - Low fraud risk,0,
influencer_4627,1593493,19637,523,-0.67,1.23,314,0.0,APPROVE - Low fraud risk,0,
influencer_4628,31228,873,49,1.0,2.79,1034,0.0,APPROVE - Low fraud risk,0,
influencer_4629,499036,14792,1025,6.56,2.96,1296,0.0,APPROVE - Low fraud risk,0,
influencer_4630,347475,14246,713,1.57,4.1,1857,0.0,APPROVE - Low fraud risk,0,
influencer_4631,1045851,39690,2103,9.34,3.79,1981,0.0,APPROVE - Low fraud risk,0,
influencer_4632,1284843,171,7,17.18,0.01,396,100.0,REJECT - High fraud risk,1,
influencer_4633,825618,23499,1665,-0.67,2.85,1082,0.0,APPROVE - Low fraud risk,0,
influencer_4634,166429,8033,225,5.14,4.83,1195,0.0,APPROVE - Low fraud risk,0,
influencer_4635,1294432,43377,1701,0.72,3.35,1762,0.0,APPROVE - Low fraud risk,0,
influencer_4636,493573,10886,640,3.63,2.21,685,0.0,APPROVE - Low fraud risk,0,
influencer_4637,374605,10189,414,5.88,2.72,536,0.1,APPROVE - Low fraud risk,0,
influencer_4638,1640528,65411,3405,3.98,3.99,703,0.9,APPROVE - Low fraud risk,0,
influencer_4639,255041,8448,413,5.86,3.31,453,0.5,APPROVE - Low fraud risk,0,
influencer_4640,283807,5233,213,4.13,1.84,247,0.0,APPROVE - Low fraud risk,0,
influencer_4641,541698,18711,810,0.78,3.45,1833,0.0,APPROVE - Low fraud risk,0,
influencer_4642,1649485,54746,1141,-6.91,3.32,1654,0.0,APPROVE - Low fraud risk,0,
influencer_4643,571457,11969,518,4.67,2.09,78,0.7,APPROVE - Low fraud risk,0,
influencer_4644,1331637,66037,2527,11.35,4.96,1434,2.7,APPROVE - Low fraud risk,0,
influencer_4645,315322,12493,5504,-1.97,3.96,707,98.2,REJECT - High fraud risk,1,
influencer_4646,3878169,54211,4967,0.44,1.4,1816,0.6,APPROVE - Low fraud risk,0,
influencer_4647,683873,16251,439,2.81,2.38,257,0.0,APPROVE - Low fraud risk,0,
influencer_4648,340003,18362,1068,2.61,5.4,1638,0.0,APPROVE - Low fraud risk,0,
influencer_4649,354901,10245,3252,11.0,2.89,985,97.3,REJECT - High fraud risk,1,
influencer_4650,1764302,51715,18844,13.68,2.93,115,97.3,REJECT - High fraud risk,1,
influencer_4651,322918,9715,356,-2.38,3.01,592,0.0,APPROVE - Low fraud risk,0,
influencer_4652,335885,214,7,24.81,0.06,211,99.3,REJECT - High fraud risk,1,
influencer_4653,39933,1087,46,7.25,2.72,112,0.8,APPROVE - Low fraud risk,0,
influencer_4654,605395,17766,131,-0.03,2.93,502,0.0,APPROVE - Low fraud risk,0,
influencer_4655,2251713,69090,4179,3.61,3.07,1253,0.2,APPROVE - Low fraud risk,0,
influencer_4656,436459,11060,767,2.42,2.53,535,0.0,APPROVE - Low fraud risk,0,
influencer_4657,51734,509,42,8.72,0.98,1601,2.5,APPROVE - Low fraud risk,0,
influencer_4658,158314,3845,140,7.98,2.43,397,0.0,APPROVE - Low fraud risk,0,
influencer_4659,577757,16469,837,13.01,2.85,657,9.2,APPROVE - Low fraud risk,0,
influencer_4660,145927,2103,105,8.03,1.44,1266,0.5,APPROVE - Low fraud risk,0,
influencer_4661,204445,4287,173,4.27,2.1,1936,0.0,APPROVE - Low fraud risk,0,
influencer_4662,489275,17841,1336,0.17,3.65,1209,0.0,APPROVE - Low fraud risk,0,
influencer_4663,508518,11427,380,1.29,2.25,209,0.0,APPROVE - Low fraud risk,0,
influencer_4664,1357219,26511,506,6.33,1.95,265,0.3,APPROVE - Low fraud risk,0,
influencer_4665,133066,4184,149,9.19,3.14,698,0.4,APPROVE - Low fraud risk,0,
influencer_4666,545156,10849,698,2.8,1.99,1641,0.0,APPROVE - Low fraud risk,0,
influencer_4667,1010005,27905,986,7.68,2.76,1953,0.0,APPROVE - Low fraud risk,0,
influencer_4668,258636,5304,174,2.92,2.05,665,0.0,APPROVE - Low fraud risk,0,
influencer_4669,490780,16006,874,0.79,3.26,1882,0.0,APPROVE - Low fraud risk,0,
influencer_4670,457803,11119,913,7.2,2.43,1529,0.0,APPROVE - Low fraud risk,0,
influencer_4671,457784,13274,518,3.62,2.9,748,0.1,APPROVE - Low fraud risk,0,
influencer_4672,276421,6596,460,13.03,2.39,1705,4.2,APPROVE - Low fraud risk,0,
influencer_4673,5000000,18567,1138,3.15,0.37,1974,3.0,APPROVE - Low fraud risk,0,
influencer_4674,393643,6021,387,-5.52,1.53,260,0.3,APPROVE - Low fraud risk,0,
influencer_4675,130190,5532,237,0.68,4.25,144,0.0,APPROVE - Low fraud risk,0,
influencer_4676,243463,668,19,19.15,0.27,37,96.6,REJECT - High fraud risk,1,
influencer_4677,5000000,202142,6454,1.24,4.04,826,0.5,APPROVE - Low fraud risk,0,
influencer_4678,167457,6475,312,9.96,3.87,1929,0.0,APPROVE - Low fraud risk,0,
influencer_4679,226470,7406,437,8.45,3.27,744,0.4,APPROVE - Low fraud risk,0,
influencer_4680,190390,4515,169,2.49,2.37,1802,0.0,APPROVE - Low fraud risk,0,
influencer_4681,122193,2552,84,4.18,2.09,85,0.0,APPROVE - Low fraud risk,0,
influencer_4682,2072370,64704,1760,4.56,3.12,1102,0.1,APPROVE - Low fraud risk,0,
influencer_4683,488235,1892,110,4.99,0.39,1779,8.2,APPROVE - Low fraud risk,0,
influencer_4684,447792,10823,574,1.43,2.42,1868,0.0,APPROVE - Low fraud risk,0,
influencer_4685,1563745,43659,2634,5.48,2.79,68,0.6,APPROVE - Low fraud risk,0,
influencer_4686,2954221,78403,2265,2.76,2.65,324,0.5,APPROVE - Low fraud risk,0,
influencer_4687,1519607,70168,4131,8.01,4.62,1385,0.4,APPROVE - Low fraud risk,0,
influencer_4688,63741,2670,81,-1.75,4.19,285,0.0,APPROVE - Low fraud risk,0,
influencer_4689,448019,1321,24,-5.73,0.29,171,87.3,REJECT - High fraud risk,1,
influencer_4690,969763,36883,2485,-1.24,3.8,1426,1.9,APPROVE - Low fraud risk,0,
influencer_4691,778030,12691,1044,0.53,1.63,201,0.0,APPROVE - Low fraud risk,0,
influencer_4692,74301,3181,205,0.89,4.28,531,0.0,APPROVE - Low fraud risk,0,
influencer_4693,416999,10328,382,4.68,2.48,1345,0.0,APPROVE - Low fraud risk,0,
influencer_4694,998086,37332,1867,0.16,3.74,1578,0.0,APPROVE - Low fraud risk,0,
influencer_4695,244716,6335,419,-3.2,2.59,1517,0.0,APPROVE - Low fraud risk,0,
influencer_4696,94169,1825,71,-1.21,1.94,894,0.0,APPROVE - Low fraud risk,0,
influencer_4697,539095,8972,1412,10.41,1.66,168,80.4,REJECT - High fraud risk,1,
influencer_4698,2695267,80246,1786,1.7,2.98,813,0.3,APPROVE - Low fraud risk,0,
influencer_4699,266046,6435,355,3.66,2.42,1295,0.0,APPROVE - Low fraud risk,0,
influencer_4700,233339,8027,196,8.25,3.44,1174,0.0,APPROVE - Low fraud risk,0,
influencer_4701,544036,14799,556,-4.25,2.72,325,0.0,APPROVE - Low fraud risk,0,
influencer_4702,918768,32609,1774,4.03,3.55,1393,0.0,APPROVE - Low fraud risk,0,
influencer_4703,365800,13840,854,-1.33,3.78,637,0.0,APPROVE - Low fraud risk,0,
influencer_4704,119654,3568,184,12.96,2.98,132,10.2,APPROVE - Low fraud risk,0,
influencer_4705,840847,13652,780,6.0,1.62,878,0.2,APPROVE - Low fraud risk,0,
influencer_4706,474753,16741,471,3.99,3.53,952,0.0,APPROVE - Low fraud risk,0,
influencer_4707,468422,22404,8811,3.06,4.78,1192,90.9,REJECT - High fraud risk,1,
influencer_4708,627688,13140,817,11.54,2.09,1394,2.9,APPROVE - Low fraud risk,0,
influencer_4709,736531,25106,989,5.89,3.41,1343,0.0,APPROVE - Low fraud risk,0,
influencer_4710,258011,8201,290,7.59,3.18,774,0.1,APPROVE - Low fraud risk,0,
influencer_4711,2946216,98889,6632,6.1,3.36,84,1.1,APPROVE - Low fraud risk,0,
influencer_4712,444265,9604,685,6.58,2.16,1041,0.0,APPROVE - Low fraud risk,0,
influencer_4713,354614,16210,734,1.1,4.57,303,0.0,APPROVE - Low fraud risk,0,
influencer_4714,564050,19867,2980,7.8,3.52,331,85.1,REJECT - High fraud risk,1,
influencer_4715,1023992,23928,1506,4.32,2.34,1476,0.0,APPROVE - Low fraud risk,0,
influencer_4716,1027668,25131,857,0.79,2.45,1212,0.0,APPROVE - Low fraud risk,0,
influencer_4717,81859,1699,65,7.51,2.08,868,0.3,APPROVE - Low fraud risk,0,
influencer_4718,446321,16616,903,0.75,3.72,1811,0.0,APPROVE - Low fraud risk,0,
influencer_4719,125988,4421,1540,11.74,3.51,1189,91.1,REJECT - High fraud risk,1,
influencer_4720,373602,10543,647,-0.32,2.82,659,0.0,APPROVE - Low fraud risk,0,
influencer_4721,157048,6157,340,-1.7,3.92,1765,0.0,APPROVE - Low fraud risk,0,
influencer_4722,1138287,54886,19729,13.76,4.82,425,90.2,REJECT - High fraud risk,1,
influencer_4723,406325,13066,917,11.82,3.22,1775,3.3,APPROVE - Low fraud risk,0,
influencer_4724,3549629,157049,2777,6.87,4.42,1892,0.0,APPROVE - Low fraud risk,0,
influencer_4725,320045,11805,477,4.78,3.69,171,0.5,APPROVE - Low fraud risk,0,
influencer_4726,246699,9153,643,0.16,3.71,141,0.3,APPROVE - Low fraud risk,0,
influencer_4727,663727,20353,826,8.5,3.07,1726,0.0,APPROVE - Low fraud risk,0,
influencer_4728,638517,19140,790,8.6,3.0,1669,0.0,APPROVE - Low fraud risk,0,
influencer_4729,295854,447,15,43.58,0.15,330,99.0,REJECT - High fraud risk,1,
influencer_4730,623185,17566,547,-3.71,2.82,963,0.0,APPROVE - Low fraud risk,0,
influencer_4731,714101,21735,1653,3.76,3.04,612,0.3,APPROVE - Low fraud risk,0,
influencer_4732,951493,27208,9016,-10.0,2.86,212,97.3,REJECT - High fraud risk,1,
influencer_4733,693038,28911,1008,4.63,4.17,371,0.1,APPROVE - Low fraud risk,0,
influencer_4734,568667,20928,518,11.74,3.68,323,7.4,APPROVE - Low fraud risk,0,
influencer_4735,302649,9173,401,2.76,3.03,1948,0.0,APPROVE - Low fraud risk,0,
influencer_4736,390134,9630,312,2.98,2.47,415,0.0,APPROVE - Low fraud risk,0,
influencer_4737,468015,15714,709,0.02,3.36,1903,0.0,APPROVE - Low fraud risk,0,
influencer_4738,216098,6235,203,0.41,2.89,595,0.0,APPROVE - Low fraud risk,0,
influencer_4739,246455,6624,416,0.21,2.69,1831,0.0,APPROVE - Low fraud risk,0,
influencer_4740,171935,8190,359,3.18,4.76,903,0.3,APPROVE - Low fraud risk,0,
influencer_4741,278321,4795,181,-2.18,1.72,360,0.0,APPROVE - Low fraud risk,0,
influencer_4742,1048496,773,23,34.35,0.07,213,100.0,REJECT - High fraud risk,1,
influencer_4743,202134,3034,120,-0.26,1.5,1550,0.0,APPROVE - Low fraud risk,0,
influencer_4744,749041,14824,4641,20.51,1.98,489,96.8,REJECT - High fraud risk,1,
influencer_4745,284059,8318,393,4.77,2.93,621,0.1,APPROVE - Low fraud risk,0,
influencer_4746,131448,1746,314,0.38,1.33,292,49.7,CAUTION - Monitor 2-4 weeks,0,
influencer_4747,1879164,44504,8655,13.6,2.37,316,94.1,REJECT - High fraud risk,1,
influencer_4748,191124,6113,2177,7.76,3.2,860,95.7,REJECT - High fraud risk,1,
influencer_4749,118789,2800,148,-2.66,2.36,719,0.0,APPROVE - Low fraud risk,0,
influencer_4750,366800,17663,912,3.36,4.82,1747,0.0,APPROVE - Low fraud risk,0,
influencer_4751,717779,15302,822,1.78,2.13,975,0.0,APPROVE - Low fraud risk,0,
influencer_4752,469221,8318,341,4.88,1.77,257,0.0,APPROVE - Low fraud risk,0,
influencer_4753,474206,11091,3443,-10.0,2.34,1082,99.4,REJECT - High fraud risk,1,
influencer_4754,153027,4184,202,6.97,2.73,1368,0.0,APPROVE - Low fraud risk,0,
influencer_4755,407486,10973,452,-0.89,2.69,1198,0.0,APPROVE - Low fraud risk,0,
influencer_4756,259774,4993,262,0.94,1.92,1321,0.0,APPROVE - Low fraud risk,0,
influencer_4757,2430477,72024,4592,-1.13,2.96,1638,0.2,APPROVE - Low fraud risk,0,
influencer_4758,259574,12746,650,5.0,4.91,1030,0.0,APPROVE - Low fraud risk,0,
influencer_4759,830237,8601,311,0.98,1.04,1331,0.0,APPROVE - Low fraud risk,0,
influencer_4760,733726,21443,1192,-0.33,2.92,678,0.0,APPROVE - Low fraud risk,0,
influencer_4761,199317,140,6,6.86,0.07,719,94.3,REJECT - High fraud risk,1,
influencer_4762,429262,19781,411,5.74,4.61,1354,0.0,APPROVE - Low fraud risk,0,
influencer_4763,244388,7093,195,7.66,2.9,1093,0.0,APPROVE - Low fraud risk,0,
influencer_4764,686768,17918,726,4.72,2.61,978,0.0,APPROVE - Low fraud risk,0,
influencer_4765,1114064,12526,349,-2.82,1.12,962,0.0,APPROVE - Low fraud risk,0,
influencer_4766,823574,25323,1368,2.78,3.07,786,0.2,APPROVE - Low fraud risk,0,
influencer_4767,149411,3675,164,6.18,2.46,589,0.0,APPROVE - Low fraud risk,0,
influencer_4768,920264,37294,1926,0.43,4.05,1719,0.0,APPROVE - Low fraud risk,0,
influencer_4769,627890,14562,927,6.54,2.32,370,0.0,APPROVE - Low fraud risk,0,
influencer_4770,608678,16906,827,0.46,2.78,327,0.0,APPROVE - Low fraud risk,0,
influencer_4771,363480,10754,358,3.04,2.96,1553,0.0,APPROVE - Low fraud risk,0,
influencer_4772,739752,88,1,31.55,0.01,463,99.0,REJECT - High fraud risk,1,
influencer_4773,872003,38109,17586,8.94,4.37,528,97.0,REJECT - High fraud risk,1,
influencer_4774,141843,2005,27,3.8,1.41,1197,0.0,APPROVE - Low fraud risk,0,
influencer_4775,265045,7254,265,-0.01,2.74,1088,0.0,APPROVE - Low fraud risk,0,
influencer_4776,179150,8078,241,3.68,4.51,330,0.1,APPROVE - Low fraud risk,0,
influencer_4777,5000000,560,9,15.06,0.01,848,98.3,REJECT - High fraud risk,1,
influencer_4778,953218,30318,2308,7.89,3.18,863,4.0,APPROVE - Low fraud risk,0,
influencer_4779,120488,6363,335,1.75,5.28,408,0.1,APPROVE - Low fraud risk,0,
influencer_4780,244852,9451,488,5.55,3.86,790,0.1,APPROVE - Low fraud risk,0,
influencer_4781,1426352,54819,1976,0.87,3.84,126,0.3,APPROVE - Low fraud risk,0,
influencer_4782,257263,7857,295,7.14,3.05,1639,0.0,APPROVE - Low fraud risk,0,
influencer_4783,5000000,167176,4548,16.31,3.34,1893,8.0,APPROVE - Low fraud risk,0,
influencer_4784,106633,3677,239,2.8,3.45,519,0.1,APPROVE - Low fraud risk,0,
influencer_4785,487201,346,11,26.78,0.07,622,100.0,REJECT - High fraud risk,1,
influencer_4786,1205435,30626,1074,-0.4,2.54,756,0.0,APPROVE - Low fraud risk,0,
influencer_4787,128637,4268,138,4.57,3.32,1911,0.0,APPROVE - Low fraud risk,0,
influencer_4788,217043,2969,140,-0.44,1.37,417,0.0,APPROVE - Low fraud risk,0,
influencer_4789,195446,4675,1186,5.71,2.39,535,90.7,REJECT - High fraud risk,1,
influencer_4790,223769,3381,131,-1.03,1.51,90,0.0,APPROVE - Low fraud risk,0,
influencer_4791,571138,7111,306,5.12,1.25,1922,0.0,APPROVE - Low fraud risk,0,
influencer_4792,507457,6245,297,10.53,1.23,1268,3.9,APPROVE - Low fraud risk,0,
influencer_4793,1425253,31141,842,4.26,2.18,930,0.0,APPROVE - Low fraud risk,0,
influencer_4794,316516,5392,417,0.19,1.7,821,0.0,APPROVE - Low fraud risk,0,
influencer_4795,184157,6764,2431,36.48,3.67,113,99.9,REJECT - High fraud risk,1,
influencer_4796,104271,2053,978,12.97,1.97,1170,80.6,REJECT - High fraud risk,1,
influencer_4797,225147,10256,338,4.73,4.56,300,0.1,APPROVE - Low fraud risk,0,
influencer_4798,232197,6112,187,2.48,2.63,770,0.1,APPROVE - Low fraud risk,0,
influencer_4799,186711,8585,648,4.52,4.6,1384,0.0,APPROVE - Low fraud risk,0,
influencer_4800,173392,5361,278,2.04,3.09,826,0.3,APPROVE - Low fraud risk,0,
influencer_4801,85211,4903,184,6.58,5.75,1313,0.0,APPROVE - Low fraud risk,0,
influencer_4802,250656,7476,280,2.24,2.98,1010,0.0,APPROVE - Low fraud risk,0,
influencer_4803,3529675,75369,4092,6.33,2.14,659,1.0,APPROVE - Low fraud risk,0,
influencer_4804,1331767,77105,1770,0.6,5.79,1906,0.0,APPROVE - Low fraud risk,0,
influencer_4805,225639,3232,240,1.28,1.43,1838,0.0,APPROVE - Low fraud risk,0,
influencer_4806,550300,13368,517,10.24,2.43,663,5.0,APPROVE - Low fraud risk,0,
influencer_4807,1271299,56569,2306,3.96,4.45,1796,0.2,APPROVE - Low fraud risk,0,
influencer_4808,296300,9117,366,1.21,3.08,319,0.1,APPROVE - Low fraud risk,0,
influencer_4809,309846,10742,446,6.52,3.47,1495,0.0,APPROVE - Low fraud risk,0,
influencer_4810,57677,976,48,-7.79,1.69,561,0.3,APPROVE - Low fraud risk,0,
influencer_4811,2891958,187042,7938,3.96,6.47,163,1.3,APPROVE - Low fraud risk,0,
influencer_4812,332285,12181,821,5.04,3.67,1144,0.0,APPROVE - Low fraud risk,0,
influencer_4813,1064106,37811,647,-2.92,3.55,241,0.0,APPROVE - Low fraud risk,0,
influencer_4814,289911,2456,113,2.44,0.85,350,0.3,APPROVE - Low fraud risk,0,
influencer_4815,363951,10941,363,3.84,3.01,1401,0.0,APPROVE - Low fraud risk,0,
influencer_4816,69275,2074,85,-4.95,2.99,948,0.0,APPROVE - Low fraud risk,0,
influencer_4817,482287,20203,519,6.95,4.19,279,0.1,APPROVE - Low fraud risk,0,
influencer_4818,66764,1865,108,8.33,2.79,1362,0.0,APPROVE - Low fraud risk,0,
influencer_4819,286626,3535,59,2.02,1.23,1973,0.3,APPROVE - Low fraud risk,0,
influencer_4820,1151578,12722,678,0.09,1.1,1610,0.0,APPROVE - Low fraud risk,0,
influencer_4821,2228704,38708,2649,5.9,1.74,1790,0.3,APPROVE - Low fraud risk,0,
influencer_4822,2563107,104799,7507,-7.54,4.09,1460,0.7,APPROVE - Low fraud risk,0,
influencer_4823,485038,9431,451,0.53,1.94,269,0.0,APPROVE - Low fraud risk,0,
influencer_4824,618139,85,2,9.43,0.01,207,99.9,REJECT - High fraud risk,1,
influencer_4825,2931486,112068,4986,9.57,3.82,381,1.6,APPROVE - Low fraud risk,0,
influencer_4826,644483,27475,1088,0.5,4.26,1303,0.0,APPROVE - Low fraud risk,0,
influencer_4827,488768,14772,377,13.08,3.02,1506,6.9,APPROVE - Low fraud risk,0,
influencer_4828,775900,26390,1507,1.96,3.4,1444,0.0,APPROVE - Low fraud risk,0,
influencer_4829,90565,3177,188,2.71,3.51,341,0.1,APPROVE - Low fraud risk,0,
influencer_4830,265619,9139,512,4.21,3.44,1064,0.0,APPROVE - Low fraud risk,0,
influencer_4831,588769,24590,763,7.37,4.18,868,0.3,APPROVE - Low fraud risk,0,
influencer_4832,104820,5268,228,2.45,5.03,103,0.5,APPROVE - Low fraud risk,0,
influencer_4833,601050,9041,316,7.22,1.5,1736,0.0,APPROVE - Low fraud risk,0,
influencer_4834,31126,1343,564,9.05,4.32,765,88.7,REJECT - High fraud risk,1,
influencer_4835,1087599,58060,4112,3.04,5.34,1689,0.6,APPROVE - Low fraud risk,0,
influencer_4836,249274,9469,497,2.9,3.8,1493,0.0,APPROVE - Low fraud risk,0,
influencer_4837,161673,6302,257,1.7,3.9,679,0.1,APPROVE - Low fraud risk,0,
influencer_4838,33074,1161,397,10.25,3.51,70,87.4,REJECT - High fraud risk,1,
influencer_4839,306345,17022,776,2.76,5.56,363,0.1,APPROVE - Low fraud risk,0,
influencer_4840,205012,8059,369,1.22,3.93,258,0.1,APPROVE - Low fraud risk,0,
influencer_4841,63466,1746,129,2.64,2.75,1712,0.0,APPROVE - Low fraud risk,0,
influencer_4842,156768,6150,341,0.05,3.92,1647,0.0,APPROVE - Low fraud risk,0,
influencer_4843,4239685,83907,4334,5.71,1.98,315,1.0,APPROVE - Low fraud risk,0,
influencer_4844,272949,6972,309,-3.42,2.55,596,0.0,APPROVE - Low fraud risk,0,
influencer_4845,675860,356,14,46.47,0.05,485,100.0,REJECT - High fraud risk,1,
influencer_4846,926645,35258,1760,2.0,3.8,753,0.3,APPROVE - Low fraud risk,0,
influencer_4847,846912,24743,839,2.63,2.92,1762,0.0,APPROVE - Low fraud risk,0,
influencer_4848,5000000,117352,1652,4.62,2.35,1123,0.1,APPROVE - Low fraud risk,0,
influencer_4849,402534,9587,2694,16.43,2.38,968,98.8,REJECT - High fraud risk,1,
influencer_4850,886455,29042,868,11.0,3.28,456,3.5,APPROVE - Low fraud risk,0,
influencer_4851,308103,10538,488,0.77,3.42,1001,0.0,APPROVE - Low fraud risk,0,
influencer_4852,246741,5200,298,-0.96,2.11,965,0.0,APPROVE - Low fraud risk,0,
influencer_4853,303587,11236,178,2.6,3.7,1663,0.0,APPROVE - Low fraud risk,0,
influencer_4854,145373,3104,776,-7.71,2.13,949,85.3,REJECT - High fraud risk,1,
influencer_4855,198865,8717,339,-0.8,4.38,549,0.0,APPROVE - Low fraud risk,0,
influencer_4856,1249505,530,19,9.33,0.04,789,99.9,REJECT - High fraud risk,1,
influencer_4857,806397,20108,7145,9.85,2.49,124,98.5,REJECT - High fraud risk,1,
influencer_4858,901877,31950,1181,2.1,3.54,105,0.5,APPROVE - Low fraud risk,0,
influencer_4859,48266,1546,105,-3.44,3.2,685,0.0,APPROVE - Low fraud risk,0,
influencer_4860,661348,9228,395,6.42,1.4,705,0.8,APPROVE - Low fraud risk,0,
influencer_4861,549099,10228,340,8.33,1.86,468,2.0,APPROVE - Low fraud risk,0,
influencer_4862,147848,4060,190,2.85,2.75,1082,0.0,APPROVE - Low fraud risk,0,
influencer_4863,400628,4923,204,2.61,1.23,1304,0.0,APPROVE - Low fraud risk,0,
influencer_4864,1243403,36643,1535,7.87,2.95,467,0.5,APPROVE - Low fraud risk,0,
influencer_4865,148291,1205,68,3.02,0.81,935,0.3,APPROVE - Low fraud risk,0,
influencer_4866,872406,19157,624,2.28,2.2,1838,0.0,APPROVE - Low fraud risk,0,
influencer_4867,3198257,130135,4360,4.32,4.07,1564,0.2,APPROVE - Low fraud risk,0,
influencer_4868,301953,7272,3729,4.87,2.41,102,98.3,REJECT - High fraud risk,1,
influencer_4869,342538,9012,3515,13.14,2.63,1089,99.6,REJECT - High fraud risk,1,
influencer_4870,159742,1780,136,3.05,1.11,1430,0.0,APPROVE - Low fraud risk,0,
influencer_4871,295881,7665,302,3.65,2.59,1990,0.0,APPROVE - Low fraud risk,0,
influencer_4872,1617344,73024,4403,3.51,4.52,1835,0.2,APPROVE - Low fraud risk,0,
influencer_4873,575193,11200,559,-1.1,1.95,1468,0.0,APPROVE - Low fraud risk,0,
influencer_4874,110098,1625,85,0.9,1.48,308,0.3,APPROVE - Low fraud risk,0,
influencer_4875,373007,15355,725,2.58,4.12,642,0.1,APPROVE - Low fraud risk,0,
influencer_4876,331100,17554,995,-2.8,5.3,1171,0.0,APPROVE - Low fraud risk,0,
influencer_4877,1463293,58652,2515,6.11,4.01,71,0.6,APPROVE - Low fraud risk,0,
influencer_4878,213422,5702,189,0.17,2.67,888,0.0,APPROVE - Low fraud risk,0,
influencer_4879,721581,11878,214,-3.39,1.65,1078,0.0,APPROVE - Low fraud risk,0,
influencer_4880,348828,1764,36,11.87,0.51,523,67.2,MANUAL REVIEW - Audit history,1,
influencer_4881,588596,8395,304,4.19,1.43,540,0.0,APPROVE - Low fraud risk,0,
influencer_4882,199064,3672,205,4.23,1.84,1434,0.0,APPROVE - Low fraud risk,0,
influencer_4883,5000000,118175,5125,-1.18,2.36,1579,0.2,APPROVE - Low fraud risk,0,
influencer_4884,1092666,27659,2092,-3.69,2.53,824,0.8,APPROVE - Low fraud risk,0,
influencer_4885,190596,6286,298,9.9,3.3,1743,0.3,APPROVE - Low fraud risk,0,
influencer_4886,2252496,100211,4074,3.24,4.45,1923,0.2,APPROVE - Low fraud risk,0,
influencer_4887,485230,14965,903,7.23,3.08,358,0.1,APPROVE - Low fraud risk,0,
influencer_4888,1040665,30452,1936,10.3,2.93,145,7.6,APPROVE - Low fraud risk,0,
influencer_4889,174983,3999,231,3.02,2.29,1795,0.0,APPROVE - Low fraud risk,0,
influencer_4890,195811,744,15,19.28,0.38,631,73.9,MANUAL REVIEW - Audit history,1,
influencer_4891,601241,6222,280,0.95,1.03,1083,0.0,APPROVE - Low fraud risk,0,
influencer_4892,5000000,141,4,1.34,0.0,465,98.3,REJECT - High fraud risk,1,
influencer_4893,200500,9029,475,-1.02,4.5,471,0.0,APPROVE - Low fraud risk,0,
influencer_4894,440164,9291,739,-0.19,2.11,1010,0.0,APPROVE - Low fraud risk,0,
influencer_4895,96663,3248,121,0.86,3.36,563,0.0,APPROVE - Low fraud risk,0,
influencer_4896,108288,1390,40,0.46,1.28,1923,0.0,APPROVE - Low fraud risk,0,
influencer_4897,454813,15123,298,1.66,3.33,1036,0.0,APPROVE - Low fraud risk,0,
influencer_4898,369483,6790,425,-8.19,1.84,1934,0.0,APPROVE - Low fraud risk,0,
influencer_4899,105648,2177,123,-2.54,2.06,438,0.0,APPROVE - Low fraud risk,0,
influencer_4900,1823128,36518,1497,3.38,2.0,720,0.1,APPROVE - Low fraud risk,0,
influencer_4901,87113,2736,161,5.54,3.14,1702,0.3,APPROVE - Low fraud risk,0,
influencer_4902,281648,10024,504,-4.59,3.56,1211,0.0,APPROVE - Low fraud risk,0,
influencer_4903,1581469,1916,35,40.85,0.12,441,98.6,REJECT - High fraud risk,1,
influencer_4904,409304,10981,377,-0.01,2.68,1876,0.0,APPROVE - Low fraud risk,0,
influencer_4905,894684,29778,8165,1.0,3.33,1106,92.2,REJECT - High fraud risk,1,
influencer_4906,641351,23504,1048,4.28,3.66,768,0.1,APPROVE - Low fraud risk,0,
influencer_4907,847845,17776,902,3.33,2.1,496,0.0,APPROVE - Low fraud risk,0,
influencer_4908,242512,14025,608,8.1,5.78,161,0.1,APPROVE - Low fraud risk,0,
influencer_4909,501173,10814,749,4.48,2.16,1686,0.0,APPROVE - Low fraud risk,0,
influencer_4910,511520,1094,15,17.8,0.21,287,100.0,REJECT - High fraud risk,1,
influencer_4911,406636,455,13,30.62,0.11,221,100.0,REJECT - High fraud risk,1,
influencer_4912,469672,11501,444,11.78,2.45,1564,3.7,APPROVE - Low fraud risk,0,
influencer_4913,131349,4159,260,2.9,3.17,180,0.1,APPROVE - Low fraud risk,0,
influencer_4914,1263989,43597,1041,1.3,3.45,1735,0.0,APPROVE - Low fraud risk,0,
influencer_4915,25284,632,34,7.34,2.5,433,1.0,APPROVE - Low fraud risk,0,
influencer_4916,60441,1265,58,7.13,2.09,1585,0.0,APPROVE - Low fraud risk,0,
influencer_4917,967382,36291,2382,5.35,3.75,99,2.9,APPROVE - Low fraud risk,0,
influencer_4918,192680,5277,349,0.9,2.74,544,0.0,APPROVE - Low fraud risk,0,
influencer_4919,597284,17455,1141,1.32,2.92,790,0.1,APPROVE - Low fraud risk,0,
influencer_4920,322909,7860,420,4.84,2.43,1845,0.0,APPROVE - Low fraud risk,0,
influencer_4921,267408,5418,281,2.71,2.03,1717,0.0,APPROVE - Low fraud risk,0,
influencer_4922,163798,4538,1821,-1.19,2.77,511,92.8,REJECT - High fraud risk,1,
influencer_4923,207034,3674,113,0.03,1.77,1834,0.0,APPROVE - Low fraud risk,0,
influencer_4924,39001,824,479,15.66,2.11,714,91.1,REJECT - High fraud risk,1,
influencer_4925,1887785,72118,4449,7.24,3.82,400,0.8,APPROVE - Low fraud risk,0,
influencer_4926,394841,4675,321,1.85,1.18,1280,0.0,APPROVE - Low fraud risk,0,
influencer_4927,623566,15587,998,3.57,2.5,127,0.0,APPROVE - Low fraud risk,0,
influencer_4928,468547,14989,926,3.18,3.2,209,0.1,APPROVE - Low fraud risk,0,
influencer_4929,453927,8043,77,5.22,1.77,1152,0.3,APPROVE - Low fraud risk,0,
influencer_4930,1113614,41411,2517,0.5,3.72,219,0.4,APPROVE - Low fraud risk,0,
influencer_4931,2356968,34,1,10.21,0.0,44,98.8,REJECT - High fraud risk,1,
influencer_4932,2831475,42835,1477,-1.43,1.51,496,0.4,APPROVE - Low fraud risk,0,
influencer_4933,207962,3686,944,4.98,1.77,161,72.7,MANUAL REVIEW - Audit history,1,
influencer_4934,652125,12985,686,5.42,1.99,1346,0.0,APPROVE - Low fraud risk,0,
influencer_4935,238830,8189,279,3.46,3.43,1729,0.0,APPROVE - Low fraud risk,0,
influencer_4936,214176,5055,245,5.0,2.36,1358,0.0,APPROVE - Low fraud risk,0,
influencer_4937,199237,5743,291,3.63,2.88,1363,0.0,APPROVE - Low fraud risk,0,
influencer_4938,478404,21892,10162,14.18,4.58,363,96.6,REJECT - High fraud risk,1,
influencer_4939,237299,6845,455,5.04,2.88,922,0.0,APPROVE - Low fraud risk,0,
influencer_4940,3387184,45546,2284,3.03,1.34,103,0.4,APPROVE - Low fraud risk,0,
influencer_4941,287377,8731,306,0.68,3.04,1056,0.0,APPROVE - Low fraud risk,0,
influencer_4942,93535,2912,146,7.22,3.11,743,0.1,APPROVE - Low fraud risk,0,
influencer_4943,626343,25479,1276,-0.07,4.07,442,0.0,APPROVE - Low fraud risk,0,
influencer_4944,1032784,25863,1069,-0.97,2.5,939,0.0,APPROVE - Low fraud risk,0,
influencer_4945,958695,31229,1524,6.5,3.26,148,1.1,APPROVE - Low fraud risk,0,
influencer_4946,74384,3616,163,9.17,4.86,1983,1.0,APPROVE - Low fraud risk,0,
influencer_4947,143346,6904,223,-0.3,4.82,60,2.7,APPROVE - Low fraud risk,0,
influencer_4948,701060,21210,1246,-0.3,3.03,192,0.0,APPROVE - Low fraud risk,0,
influencer_4949,871157,16840,965,4.41,1.93,1114,0.0,APPROVE - Low fraud risk,0,
influencer_4950,533946,11386,445,3.37,2.13,78,0.7,APPROVE - Low fraud risk,0,
influencer_4951,552980,19351,963,-0.99,3.5,604,0.0,APPROVE - Low fraud risk,0,
influencer_4952,43953,1956,53,4.51,4.45,415,0.5,APPROVE - Low fraud risk,0,
influencer_4953,287867,4916,276,5.39,1.71,1810,0.0,APPROVE - Low fraud risk,0,
influencer_4954,1141895,58055,2577,-3.36,5.08,1740,0.9,APPROVE - Low fraud risk,0,
influencer_4955,227914,6227,122,-0.2,2.73,1642,0.0,APPROVE - Low fraud risk,0,
influencer_4956,446900,11748,387,4.05,2.63,1312,0.0,APPROVE - Low fraud risk,0,
influencer_4957,914416,24900,1801,4.76,2.72,606,0.5,APPROVE - Low fraud risk,0,
influencer_4958,398838,12196,784,8.73,3.06,271,0.4,APPROVE - Low fraud risk,0,
influencer_4959,2941988,94090,3750,2.59,3.2,1688,0.2,APPROVE - Low fraud risk,0,
influencer_4960,750405,13827,492,8.08,1.84,89,3.3,APPROVE - Low fraud risk,0,
influencer_4961,779924,16595,1071,1.09,2.13,976,0.0,APPROVE - Low fraud risk,0,
influencer_4962,154228,3002,90,0.72,1.95,184,0.0,APPROVE - Low fraud risk,0,
influencer_4963,285811,3193,155,8.39,1.12,1090,3.1,APPROVE - Low fraud risk,0,
influencer_4964,870465,15824,865,3.35,1.82,1948,0.0,APPROVE - Low fraud risk,0,
influencer_4965,116186,2293,140,2.0,1.97,766,0.0,APPROVE - Low fraud risk,0,
influencer_4966,350564,11391,552,2.98,3.25,1528,0.0,APPROVE - Low fraud risk,0,
influencer_4967,315899,6906,339,-3.27,2.19,1773,0.0,APPROVE - Low fraud risk,0,
influencer_4968,42270,1530,86,4.93,3.62,308,0.5,APPROVE - Low fraud risk,0,
influencer_4969,916475,10034,361,3.75,1.09,137,1.8,APPROVE - Low fraud risk,0,
influencer_4970,135495,5115,168,5.08,3.77,398,0.1,APPROVE - Low fraud risk,0,
influencer_4971,1661247,129,3,2.17,0.01,122,100.0,REJECT - High fraud risk,1,
influencer_4972,265993,6774,176,-1.14,2.55,1331,0.0,APPROVE - Low fraud risk,0,
influencer_4973,430110,14598,613,4.89,3.39,1142,0.0,APPROVE - Low fraud risk,0,
influencer_4974,2719669,16328,983,4.16,0.6,703,8.3,APPROVE - Low fraud risk,0,
influencer_4975,747686,14955,376,6.74,2.0,369,0.0,APPROVE - Low fraud risk,0,
influencer_4976,140681,2386,71,2.06,1.7,1718,0.0,APPROVE - Low fraud risk,0,
influencer_4977,263853,3191,173,3.74,1.21,402,0.0,APPROVE - Low fraud risk,0,
influencer_4978,765064,12522,528,6.41,1.64,444,0.2,APPROVE - Low fraud risk,0,
influencer_4979,2144693,46255,2351,3.35,2.16,312,0.0,APPROVE - Low fraud risk,0,
influencer_4980,712015,18414,642,3.56,2.59,353,0.0,APPROVE - Low fraud risk,0,
influencer_4981,874221,9305,375,-2.18,1.06,94,0.3,APPROVE - Low fraud risk,0,
influencer_4982,282155,9745,509,3.08,3.45,1614,0.0,APPROVE - Low fraud risk,0,
influencer_4983,216781,6905,1753,7.39,3.19,246,92.9,REJECT - High fraud risk,1,
influencer_4984,1292545,34225,1852,12.02,2.65,289,15.0,APPROVE - Low fraud risk,0,
influencer_4985,706965,37642,1622,4.85,5.32,1589,0.0,APPROVE - Low fraud risk,0,
influencer_4986,5000000,925,21,8.1,0.02,710,97.9,REJECT - High fraud risk,1,
influencer_4987,437266,7364,571,-4.12,1.68,88,0.3,APPROVE - Low fraud risk,0,
influencer_4988,495201,5867,270,2.78,1.18,1540,0.0,APPROVE - Low fraud risk,0,
influencer_4989,961805,20548,943,7.6,2.14,164,0.6,APPROVE - Low fraud risk,0,
influencer_4990,2813664,50799,3506,4.09,1.81,824,0.0,APPROVE - Low fraud risk,0,
influencer_4991,894692,17693,1308,1.04,1.98,1463,0.0,APPROVE - Low fraud risk,0,
influencer_4992,288142,6610,230,11.0,2.29,1848,1.3,APPROVE - Low fraud risk,0,
influencer_4993,1206661,42676,3102,0.93,3.54,662,0.8,APPROVE - Low fraud risk,0,
influencer_4994,943614,26408,1168,-1.98,2.8,1474,0.0,APPROVE - Low fraud risk,0,
influencer_4995,1493461,22839,286,-0.67,1.53,1716,0.0,APPROVE - Low fraud risk,0,
influencer_4996,791421,537,13,17.59,0.07,80,100.0,REJECT - High fraud risk,1,
influencer_4997,320452,6874,339,2.07,2.15,421,0.0,APPROVE - Low fraud risk,0,
influencer_4998,1240611,41212,2176,-4.09,3.32,1450,0.2,APPROVE - Low fraud risk,0,
influencer_4999,702498,8904,405,10.63,1.27,872,6.8,APPROVE - Low fraud risk,0,
influencer_5000,150208,6295,291,0.21,4.19,998,0.0,APPROVE - Low fraud risk,0,
